[
{
 "model": "pacientes.agua",
 "pk": 6,
 "fields": {
  "nombre": "ALJIBE",
  "habilitado": true
 }
},
{
 "model": "pacientes.agua",
 "pk": 1,
 "fields": {
  "nombre": "ESSAP/SENASA",
  "habilitado": true
 }
},
{
 "model": "pacientes.agua",
 "pk": 7,
 "fields": {
  "nombre": "OTRO",
  "habilitado": true
 }
},
{
 "model": "pacientes.agua",
 "pk": 3,
 "fields": {
  "nombre": "POZO CON BOMBA",
  "habilitado": true
 }
},
{
 "model": "pacientes.agua",
 "pk": 2,
 "fields": {
  "nombre": "POZO SIN BOMBAS",
  "habilitado": true
 }
},
{
 "model": "pacientes.agua",
 "pk": 4,
 "fields": {
  "nombre": "RED PRIVADA",
  "habilitado": true
 }
},
{
 "model": "pacientes.agua",
 "pk": 5,
 "fields": {
  "nombre": "TAJAMAR, NACIENTE, RIO O ARROYO",
  "habilitado": true
 }
}

,
{
 "model": "pacientes.area",
 "pk": "RU",
 "fields": {
  "nombre": "RURAL"
 }
},
{
 "model": "pacientes.area",
 "pk": "UR",
 "fields": {
  "nombre": "URBANA"
 }
}

,
{
 "model": "pacientes.pais",
 "pk": "AF",
 "fields": {
  "nombre": "AFGANISTAN",
  "nombre_iso": "AFGANISTAN",
  "codigo_alpha3": "AFG",
  "codigo_numerico": 4,
  "habilitado": true
 }
},
{
 "model": "pacientes.pais",
 "pk": "AL",
 "fields": {
  "nombre": "ALBANIA",
  "nombre_iso": "ALBANIA",
  "codigo_alpha3": "ALB",
  "codigo_numerico": 8,
  "habilitado": true
 }
},
{
 "model": "pacientes.pais",
 "pk": "DE",
 "fields": {
  "nombre": "ALEMANIA",
  "nombre_iso": "ALEMANIA",
  "codigo_alpha3": "DEU",
  "codigo_numerico": 276,
  "habilitado": true
 }
},
{
 "model": "pacientes.pais",
 "pk": "AD",
 "fields": {
  "nombre": "ANDORRA",
  "nombre_iso": "ANDORRA",
  "codigo_alpha3": "AND",
  "codigo_numerico": 20,
  "habilitado": true
 }
},
{
 "model": "pacientes.pais",
 "pk": "AO",
 "fields": {
  "nombre": "ANGOLA",
  "nombre_iso": "ANGOLA",
  "codigo_alpha3": "AGO",
  "codigo_numerico": 24,
  "habilitado": true
 }
},
{
 "model": "pacientes.pais",
 "pk": "AI",
 "fields": {
  "nombre": "ANGUILA",
  "nombre_iso": "ANGUILA",
  "codigo_alpha3": "AIA",
  "codigo_numerico": 660,
  "habilitado": true
 }
},
{
 "model": "pacientes.pais",
 "pk": "AQ",
 "fields": {
  "nombre": "ANTARTIDA",
  "nombre_iso": "ANTARTIDA",
  "codigo_alpha3": "ATA",
  "codigo_numerico": 10,
  "habilitado": true
 }
},
{
 "model": "pacientes.pais",
 "pk": "AG",
 "fields": {
  "nombre": "ANTIGUA Y BARBUDA",
  "nombre_iso": "ANTIGUA Y BARBUDA",
  "codigo_alpha3": "ATG",
  "codigo_numerico": 28,
  "habilitado": true
 }
},
{
 "model": "pacientes.pais",
 "pk": "SA",
 "fields": {
  "nombre": "ARABIA SAUDITA",
  "nombre_iso": "ARABIA SAUDITA",
  "codigo_alpha3": "SAU",
  "codigo_numerico": 682,
  "habilitado": true
 }
},
{
 "model": "pacientes.pais",
 "pk": "DZ",
 "fields": {
  "nombre": "ARGELIA",
  "nombre_iso": "ARGELIA",
  "codigo_alpha3": "DZA",
  "codigo_numerico": 12,
  "habilitado": true
 }
},
{
 "model": "pacientes.pais",
 "pk": "AR",
 "fields": {
  "nombre": "ARGENTINA",
  "nombre_iso": "ARGENTINA",
  "codigo_alpha3": "ARG",
  "codigo_numerico": 32,
  "habilitado": true
 }
},
{
 "model": "pacientes.pais",
 "pk": "AM",
 "fields": {
  "nombre": "ARMENIA",
  "nombre_iso": "ARMENIA",
  "codigo_alpha3": "ARM",
  "codigo_numerico": 51,
  "habilitado": true
 }
},
{
 "model": "pacientes.pais",
 "pk": "AW",
 "fields": {
  "nombre": "ARUBA",
  "nombre_iso": "ARUBA",
  "codigo_alpha3": "ABW",
  "codigo_numerico": 533,
  "habilitado": true
 }
},
{
 "model": "pacientes.pais",
 "pk": "AU",
 "fields": {
  "nombre": "AUSTRALIA",
  "nombre_iso": "AUSTRALIA",
  "codigo_alpha3": "AUS",
  "codigo_numerico": 36,
  "habilitado": true
 }
},
{
 "model": "pacientes.pais",
 "pk": "AT",
 "fields": {
  "nombre": "AUSTRIA",
  "nombre_iso": "AUSTRIA",
  "codigo_alpha3": "AUT",
  "codigo_numerico": 40,
  "habilitado": true
 }
},
{
 "model": "pacientes.pais",
 "pk": "AZ",
 "fields": {
  "nombre": "AZERBAIYAN",
  "nombre_iso": "AZERBAIYAN",
  "codigo_alpha3": "AZE",
  "codigo_numerico": 31,
  "habilitado": true
 }
},
{
 "model": "pacientes.pais",
 "pk": "BS",
 "fields": {
  "nombre": "BAHAMAS",
  "nombre_iso": "BAHAMAS",
  "codigo_alpha3": "BHS",
  "codigo_numerico": 44,
  "habilitado": true
 }
},
{
 "model": "pacientes.pais",
 "pk": "BD",
 "fields": {
  "nombre": "BANGLADES",
  "nombre_iso": "BANGLADES",
  "codigo_alpha3": "BGD",
  "codigo_numerico": 50,
  "habilitado": true
 }
},
{
 "model": "pacientes.pais",
 "pk": "BB",
 "fields": {
  "nombre": "BARBADOS",
  "nombre_iso": "BARBADOS",
  "codigo_alpha3": "BRB",
  "codigo_numerico": 52,
  "habilitado": true
 }
},
{
 "model": "pacientes.pais",
 "pk": "BH",
 "fields": {
  "nombre": "BAREIN",
  "nombre_iso": "BAREIN",
  "codigo_alpha3": "BHR",
  "codigo_numerico": 48,
  "habilitado": true
 }
},
{
 "model": "pacientes.pais",
 "pk": "BE",
 "fields": {
  "nombre": "BELGICA",
  "nombre_iso": "BELGICA",
  "codigo_alpha3": "BEL",
  "codigo_numerico": 56,
  "habilitado": true
 }
},
{
 "model": "pacientes.pais",
 "pk": "BZ",
 "fields": {
  "nombre": "BELICE",
  "nombre_iso": "BELICE",
  "codigo_alpha3": "BLZ",
  "codigo_numerico": 84,
  "habilitado": true
 }
},
{
 "model": "pacientes.pais",
 "pk": "BJ",
 "fields": {
  "nombre": "BENIN",
  "nombre_iso": "BENIN",
  "codigo_alpha3": "BEN",
  "codigo_numerico": 204,
  "habilitado": true
 }
},
{
 "model": "pacientes.pais",
 "pk": "BM",
 "fields": {
  "nombre": "BERMUDAS",
  "nombre_iso": "BERMUDAS",
  "codigo_alpha3": "BMU",
  "codigo_numerico": 60,
  "habilitado": true
 }
},
{
 "model": "pacientes.pais",
 "pk": "BY",
 "fields": {
  "nombre": "BIELORRUSIA",
  "nombre_iso": "BIELORRUSIA",
  "codigo_alpha3": "BLR",
  "codigo_numerico": 112,
  "habilitado": true
 }
},
{
 "model": "pacientes.pais",
 "pk": "MM",
 "fields": {
  "nombre": "BIRMANIA",
  "nombre_iso": "MYANMAR",
  "codigo_alpha3": "MMR",
  "codigo_numerico": 104,
  "habilitado": true
 }
},
{
 "model": "pacientes.pais",
 "pk": "BO",
 "fields": {
  "nombre": "BOLIVIA",
  "nombre_iso": "BOLIVIA, ESTADO PLURINACIONAL DE",
  "codigo_alpha3": "BOL",
  "codigo_numerico": 68,
  "habilitado": true
 }
},
{
 "model": "pacientes.pais",
 "pk": "BA",
 "fields": {
  "nombre": "BOSNIA Y HERZEGOVINA",
  "nombre_iso": "BOSNIA Y HERZEGOVINA",
  "codigo_alpha3": "BIH",
  "codigo_numerico": 70,
  "habilitado": true
 }
},
{
 "model": "pacientes.pais",
 "pk": "BW",
 "fields": {
  "nombre": "BOTSUANA",
  "nombre_iso": "BOTSUANA",
  "codigo_alpha3": "BWA",
  "codigo_numerico": 72,
  "habilitado": true
 }
},
{
 "model": "pacientes.pais",
 "pk": "BR",
 "fields": {
  "nombre": "BRASIL",
  "nombre_iso": "BRASIL",
  "codigo_alpha3": "BRA",
  "codigo_numerico": 76,
  "habilitado": true
 }
},
{
 "model": "pacientes.pais",
 "pk": "BN",
 "fields": {
  "nombre": "BRUNEI",
  "nombre_iso": "BRUNEI DARUSSALAM",
  "codigo_alpha3": "BRN",
  "codigo_numerico": 96,
  "habilitado": true
 }
},
{
 "model": "pacientes.pais",
 "pk": "BG",
 "fields": {
  "nombre": "BULGARIA",
  "nombre_iso": "BULGARIA",
  "codigo_alpha3": "BGR",
  "codigo_numerico": 100,
  "habilitado": true
 }
},
{
 "model": "pacientes.pais",
 "pk": "BF",
 "fields": {
  "nombre": "BURKINA FASO",
  "nombre_iso": "BURKINA FASO",
  "codigo_alpha3": "BFA",
  "codigo_numerico": 854,
  "habilitado": true
 }
},
{
 "model": "pacientes.pais",
 "pk": "BI",
 "fields": {
  "nombre": "BURUNDI",
  "nombre_iso": "BURUNDI",
  "codigo_alpha3": "BDI",
  "codigo_numerico": 108,
  "habilitado": true
 }
},
{
 "model": "pacientes.pais",
 "pk": "BT",
 "fields": {
  "nombre": "BUTAN",
  "nombre_iso": "BUTAN",
  "codigo_alpha3": "BTN",
  "codigo_numerico": 64,
  "habilitado": true
 }
},
{
 "model": "pacientes.pais",
 "pk": "CV",
 "fields": {
  "nombre": "CABO VERDE",
  "nombre_iso": "CABO VERDE",
  "codigo_alpha3": "CPV",
  "codigo_numerico": 132,
  "habilitado": true
 }
},
{
 "model": "pacientes.pais",
 "pk": "KH",
 "fields": {
  "nombre": "CAMBOYA",
  "nombre_iso": "CAMBOYA",
  "codigo_alpha3": "KHM",
  "codigo_numerico": 116,
  "habilitado": true
 }
},
{
 "model": "pacientes.pais",
 "pk": "CM",
 "fields": {
  "nombre": "CAMERUN",
  "nombre_iso": "CAMERUN",
  "codigo_alpha3": "CMR",
  "codigo_numerico": 120,
  "habilitado": true
 }
},
{
 "model": "pacientes.pais",
 "pk": "CA",
 "fields": {
  "nombre": "CANADA",
  "nombre_iso": "CANADA",
  "codigo_alpha3": "CAN",
  "codigo_numerico": 124,
  "habilitado": true
 }
},
{
 "model": "pacientes.pais",
 "pk": "BQ",
 "fields": {
  "nombre": "CARIBE NEERLANDES",
  "nombre_iso": "BONAIRE, SAN EUSTAQUIO Y SABA",
  "codigo_alpha3": "BES",
  "codigo_numerico": 535,
  "habilitado": true
 }
},
{
 "model": "pacientes.pais",
 "pk": "TD",
 "fields": {
  "nombre": "CHAD",
  "nombre_iso": "CHAD",
  "codigo_alpha3": "TCD",
  "codigo_numerico": 148,
  "habilitado": true
 }
},
{
 "model": "pacientes.pais",
 "pk": "CL",
 "fields": {
  "nombre": "CHILE",
  "nombre_iso": "CHILE",
  "codigo_alpha3": "CHL",
  "codigo_numerico": 152,
  "habilitado": true
 }
},
{
 "model": "pacientes.pais",
 "pk": "CN",
 "fields": {
  "nombre": "CHINA",
  "nombre_iso": "CHINA",
  "codigo_alpha3": "CHN",
  "codigo_numerico": 156,
  "habilitado": true
 }
},
{
 "model": "pacientes.pais",
 "pk": "CY",
 "fields": {
  "nombre": "CHIPRE",
  "nombre_iso": "CHIPRE",
  "codigo_alpha3": "CYP",
  "codigo_numerico": 196,
  "habilitado": true
 }
},
{
 "model": "pacientes.pais",
 "pk": "VA",
 "fields": {
  "nombre": "CIUDAD DEL VATICANO",
  "nombre_iso": "SANTA SEDE (CIUDAD ESTADO VATICANO)",
  "codigo_alpha3": "VAT",
  "codigo_numerico": 336,
  "habilitado": true
 }
},
{
 "model": "pacientes.pais",
 "pk": "CO",
 "fields": {
  "nombre": "COLOMBIA",
  "nombre_iso": "COLOMBIA",
  "codigo_alpha3": "COL",
  "codigo_numerico": 170,
  "habilitado": true
 }
},
{
 "model": "pacientes.pais",
 "pk": "KM",
 "fields": {
  "nombre": "COMORAS",
  "nombre_iso": "COMORAS",
  "codigo_alpha3": "COM",
  "codigo_numerico": 174,
  "habilitado": true
 }
},
{
 "model": "pacientes.pais",
 "pk": "KP",
 "fields": {
  "nombre": "COREA DEL NORTE",
  "nombre_iso": "COREA, REPUBLICA DEMOCRATICA POPULAR DE",
  "codigo_alpha3": "PRK",
  "codigo_numerico": 408,
  "habilitado": true
 }
},
{
 "model": "pacientes.pais",
 "pk": "KR",
 "fields": {
  "nombre": "COREA DEL SUR",
  "nombre_iso": "COREA, REPUBLICA DE",
  "codigo_alpha3": "KOR",
  "codigo_numerico": 410,
  "habilitado": true
 }
},
{
 "model": "pacientes.pais",
 "pk": "CI",
 "fields": {
  "nombre": "COSTA DE MARFIL",
  "nombre_iso": "COTE D IVOIRE",
  "codigo_alpha3": "CIV",
  "codigo_numerico": 384,
  "habilitado": true
 }
},
{
 "model": "pacientes.pais",
 "pk": "CR",
 "fields": {
  "nombre": "COSTA RICA",
  "nombre_iso": "COSTA RICA",
  "codigo_alpha3": "CRI",
  "codigo_numerico": 188,
  "habilitado": true
 }
},
{
 "model": "pacientes.pais",
 "pk": "HR",
 "fields": {
  "nombre": "CROACIA",
  "nombre_iso": "CROACIA",
  "codigo_alpha3": "HRV",
  "codigo_numerico": 191,
  "habilitado": true
 }
},
{
 "model": "pacientes.pais",
 "pk": "CU",
 "fields": {
  "nombre": "CUBA",
  "nombre_iso": "CUBA",
  "codigo_alpha3": "CUB",
  "codigo_numerico": 192,
  "habilitado": true
 }
},
{
 "model": "pacientes.pais",
 "pk": "CW",
 "fields": {
  "nombre": "CURAZAO",
  "nombre_iso": "CURA\u00c7AO",
  "codigo_alpha3": "CUW",
  "codigo_numerico": 531,
  "habilitado": true
 }
},
{
 "model": "pacientes.pais",
 "pk": "DK",
 "fields": {
  "nombre": "DINAMARCA",
  "nombre_iso": "DINAMARCA",
  "codigo_alpha3": "DNK",
  "codigo_numerico": 208,
  "habilitado": true
 }
},
{
 "model": "pacientes.pais",
 "pk": "DM",
 "fields": {
  "nombre": "DOMINICA",
  "nombre_iso": "DOMINICA",
  "codigo_alpha3": "DMA",
  "codigo_numerico": 212,
  "habilitado": true
 }
},
{
 "model": "pacientes.pais",
 "pk": "EC",
 "fields": {
  "nombre": "ECUADOR",
  "nombre_iso": "ECUADOR",
  "codigo_alpha3": "ECU",
  "codigo_numerico": 218,
  "habilitado": true
 }
},
{
 "model": "pacientes.pais",
 "pk": "EG",
 "fields": {
  "nombre": "EGIPTO",
  "nombre_iso": "EGIPTO",
  "codigo_alpha3": "EGY",
  "codigo_numerico": 818,
  "habilitado": true
 }
},
{
 "model": "pacientes.pais",
 "pk": "SV",
 "fields": {
  "nombre": "EL SALVADOR",
  "nombre_iso": "EL SALVADOR",
  "codigo_alpha3": "SLV",
  "codigo_numerico": 222,
  "habilitado": true
 }
},
{
 "model": "pacientes.pais",
 "pk": "AE",
 "fields": {
  "nombre": "EMIRATOS ARABES UNIDOS",
  "nombre_iso": "EMIRATOS ARABES UNIDOS",
  "codigo_alpha3": "ARE",
  "codigo_numerico": 784,
  "habilitado": true
 }
},
{
 "model": "pacientes.pais",
 "pk": "ER",
 "fields": {
  "nombre": "ERITREA",
  "nombre_iso": "ERITREA",
  "codigo_alpha3": "ERI",
  "codigo_numerico": 232,
  "habilitado": true
 }
},
{
 "model": "pacientes.pais",
 "pk": "SK",
 "fields": {
  "nombre": "ESLOVAQUIA",
  "nombre_iso": "ESLOVAQUIA",
  "codigo_alpha3": "SVK",
  "codigo_numerico": 703,
  "habilitado": true
 }
},
{
 "model": "pacientes.pais",
 "pk": "SI",
 "fields": {
  "nombre": "ESLOVENIA",
  "nombre_iso": "ESLOVENIA",
  "codigo_alpha3": "SVN",
  "codigo_numerico": 705,
  "habilitado": true
 }
},
{
 "model": "pacientes.pais",
 "pk": "ES",
 "fields": {
  "nombre": "ESPA\u00d1A",
  "nombre_iso": "ESPA\u00d1A",
  "codigo_alpha3": "ESP",
  "codigo_numerico": 724,
  "habilitado": true
 }
},
{
 "model": "pacientes.pais",
 "pk": "US",
 "fields": {
  "nombre": "ESTADOS UNIDOS",
  "nombre_iso": "ESTADOS UNIDOS",
  "codigo_alpha3": "USA",
  "codigo_numerico": 840,
  "habilitado": true
 }
},
{
 "model": "pacientes.pais",
 "pk": "EE",
 "fields": {
  "nombre": "ESTONIA",
  "nombre_iso": "ESTONIA",
  "codigo_alpha3": "EST",
  "codigo_numerico": 233,
  "habilitado": true
 }
},
{
 "model": "pacientes.pais",
 "pk": "ET",
 "fields": {
  "nombre": "ETIOPIA",
  "nombre_iso": "ETIOPIA",
  "codigo_alpha3": "ETH",
  "codigo_numerico": 231,
  "habilitado": true
 }
},
{
 "model": "pacientes.pais",
 "pk": "PH",
 "fields": {
  "nombre": "FILIPINAS",
  "nombre_iso": "FILIPINAS",
  "codigo_alpha3": "PHL",
  "codigo_numerico": 608,
  "habilitado": true
 }
},
{
 "model": "pacientes.pais",
 "pk": "FI",
 "fields": {
  "nombre": "FINLANDIA",
  "nombre_iso": "FINLANDIA",
  "codigo_alpha3": "FIN",
  "codigo_numerico": 246,
  "habilitado": true
 }
},
{
 "model": "pacientes.pais",
 "pk": "FJ",
 "fields": {
  "nombre": "FIYI",
  "nombre_iso": "FIYI",
  "codigo_alpha3": "FJI",
  "codigo_numerico": 242,
  "habilitado": true
 }
},
{
 "model": "pacientes.pais",
 "pk": "FR",
 "fields": {
  "nombre": "FRANCIA",
  "nombre_iso": "FRANCIA",
  "codigo_alpha3": "FRA",
  "codigo_numerico": 250,
  "habilitado": true
 }
},
{
 "model": "pacientes.pais",
 "pk": "GA",
 "fields": {
  "nombre": "GABON",
  "nombre_iso": "GABON",
  "codigo_alpha3": "GAB",
  "codigo_numerico": 266,
  "habilitado": true
 }
},
{
 "model": "pacientes.pais",
 "pk": "GM",
 "fields": {
  "nombre": "GAMBIA",
  "nombre_iso": "GAMBIA",
  "codigo_alpha3": "GMB",
  "codigo_numerico": 270,
  "habilitado": true
 }
},
{
 "model": "pacientes.pais",
 "pk": "GE",
 "fields": {
  "nombre": "GEORGIA",
  "nombre_iso": "GEORGIA",
  "codigo_alpha3": "GEO",
  "codigo_numerico": 268,
  "habilitado": true
 }
},
{
 "model": "pacientes.pais",
 "pk": "GH",
 "fields": {
  "nombre": "GHANA",
  "nombre_iso": "GHANA",
  "codigo_alpha3": "GHA",
  "codigo_numerico": 288,
  "habilitado": true
 }
},
{
 "model": "pacientes.pais",
 "pk": "GI",
 "fields": {
  "nombre": "GIBRALTAR",
  "nombre_iso": "GIBRALTAR",
  "codigo_alpha3": "GIB",
  "codigo_numerico": 292,
  "habilitado": true
 }
},
{
 "model": "pacientes.pais",
 "pk": "GD",
 "fields": {
  "nombre": "GRANADA",
  "nombre_iso": "GRANADA",
  "codigo_alpha3": "GRD",
  "codigo_numerico": 308,
  "habilitado": true
 }
},
{
 "model": "pacientes.pais",
 "pk": "GR",
 "fields": {
  "nombre": "GRECIA",
  "nombre_iso": "GRECIA",
  "codigo_alpha3": "GRC",
  "codigo_numerico": 300,
  "habilitado": true
 }
},
{
 "model": "pacientes.pais",
 "pk": "GL",
 "fields": {
  "nombre": "GROENLANDIA",
  "nombre_iso": "GROENLANDIA",
  "codigo_alpha3": "GRL",
  "codigo_numerico": 304,
  "habilitado": true
 }
},
{
 "model": "pacientes.pais",
 "pk": "GP",
 "fields": {
  "nombre": "GUADALUPE",
  "nombre_iso": "GUADALUPE",
  "codigo_alpha3": "GLP",
  "codigo_numerico": 312,
  "habilitado": true
 }
},
{
 "model": "pacientes.pais",
 "pk": "GU",
 "fields": {
  "nombre": "GUAM",
  "nombre_iso": "GUAM",
  "codigo_alpha3": "GUM",
  "codigo_numerico": 316,
  "habilitado": true
 }
},
{
 "model": "pacientes.pais",
 "pk": "GT",
 "fields": {
  "nombre": "GUATEMALA",
  "nombre_iso": "GUATEMALA",
  "codigo_alpha3": "GTM",
  "codigo_numerico": 320,
  "habilitado": true
 }
},
{
 "model": "pacientes.pais",
 "pk": "GF",
 "fields": {
  "nombre": "GUAYANA FRANCESA",
  "nombre_iso": "GUAYANA FRANCESA",
  "codigo_alpha3": "GUF",
  "codigo_numerico": 254,
  "habilitado": true
 }
},
{
 "model": "pacientes.pais",
 "pk": "GG",
 "fields": {
  "nombre": "GUERNSEY",
  "nombre_iso": "GUERNSEY",
  "codigo_alpha3": "GGY",
  "codigo_numerico": 831,
  "habilitado": true
 }
},
{
 "model": "pacientes.pais",
 "pk": "GN",
 "fields": {
  "nombre": "GUINEA",
  "nombre_iso": "GUINEA",
  "codigo_alpha3": "GIN",
  "codigo_numerico": 324,
  "habilitado": true
 }
},
{
 "model": "pacientes.pais",
 "pk": "GW",
 "fields": {
  "nombre": "GUINEA-BISAU",
  "nombre_iso": "GUINEA-BISAU",
  "codigo_alpha3": "GNB",
  "codigo_numerico": 624,
  "habilitado": true
 }
},
{
 "model": "pacientes.pais",
 "pk": "GQ",
 "fields": {
  "nombre": "GUINEA ECUATORIAL",
  "nombre_iso": "GUINEA ECUATORIAL",
  "codigo_alpha3": "GNQ",
  "codigo_numerico": 226,
  "habilitado": true
 }
},
{
 "model": "pacientes.pais",
 "pk": "GY",
 "fields": {
  "nombre": "GUYANA",
  "nombre_iso": "GUYANA",
  "codigo_alpha3": "GUY",
  "codigo_numerico": 328,
  "habilitado": true
 }
},
{
 "model": "pacientes.pais",
 "pk": "HT",
 "fields": {
  "nombre": "HAITI",
  "nombre_iso": "HAITI",
  "codigo_alpha3": "HTI",
  "codigo_numerico": 332,
  "habilitado": true
 }
},
{
 "model": "pacientes.pais",
 "pk": "HN",
 "fields": {
  "nombre": "HONDURAS",
  "nombre_iso": "HONDURAS",
  "codigo_alpha3": "HND",
  "codigo_numerico": 340,
  "habilitado": true
 }
},
{
 "model": "pacientes.pais",
 "pk": "HK",
 "fields": {
  "nombre": "HONG KONG",
  "nombre_iso": "HONG KONG",
  "codigo_alpha3": "HKG",
  "codigo_numerico": 344,
  "habilitado": true
 }
},
{
 "model": "pacientes.pais",
 "pk": "HU",
 "fields": {
  "nombre": "HUNGRIA",
  "nombre_iso": "HUNGRIA",
  "codigo_alpha3": "HUN",
  "codigo_numerico": 348,
  "habilitado": true
 }
},
{
 "model": "pacientes.pais",
 "pk": "IN",
 "fields": {
  "nombre": "INDIA",
  "nombre_iso": "INDIA",
  "codigo_alpha3": "IND",
  "codigo_numerico": 356,
  "habilitado": true
 }
},
{
 "model": "pacientes.pais",
 "pk": "ID",
 "fields": {
  "nombre": "INDONESIA",
  "nombre_iso": "INDONESIA",
  "codigo_alpha3": "IDN",
  "codigo_numerico": 360,
  "habilitado": true
 }
},
{
 "model": "pacientes.pais",
 "pk": "IQ",
 "fields": {
  "nombre": "IRAK",
  "nombre_iso": "IRAK",
  "codigo_alpha3": "IRQ",
  "codigo_numerico": 368,
  "habilitado": true
 }
},
{
 "model": "pacientes.pais",
 "pk": "IR",
 "fields": {
  "nombre": "IRAN",
  "nombre_iso": "IRAN, REPUBLICA ISLAMICA DE",
  "codigo_alpha3": "IRN",
  "codigo_numerico": 364,
  "habilitado": true
 }
},
{
 "model": "pacientes.pais",
 "pk": "IE",
 "fields": {
  "nombre": "IRLANDA",
  "nombre_iso": "IRLANDA",
  "codigo_alpha3": "IRL",
  "codigo_numerico": 372,
  "habilitado": true
 }
},
{
 "model": "pacientes.pais",
 "pk": "BV",
 "fields": {
  "nombre": "ISLA BOUVET",
  "nombre_iso": "ISLA BOUVET",
  "codigo_alpha3": "BVT",
  "codigo_numerico": 74,
  "habilitado": true
 }
},
{
 "model": "pacientes.pais",
 "pk": "IM",
 "fields": {
  "nombre": "ISLA DE MAN",
  "nombre_iso": "ISLA DE MAN",
  "codigo_alpha3": "IMN",
  "codigo_numerico": 833,
  "habilitado": true
 }
},
{
 "model": "pacientes.pais",
 "pk": "CX",
 "fields": {
  "nombre": "ISLA DE NAVIDAD",
  "nombre_iso": "ISLA DE NAVIDAD",
  "codigo_alpha3": "CXR",
  "codigo_numerico": 162,
  "habilitado": true
 }
},
{
 "model": "pacientes.pais",
 "pk": "HM",
 "fields": {
  "nombre": "ISLA HEARD Y MCDONALD",
  "nombre_iso": "ISLA HEARD E ISLAS MCDONALD",
  "codigo_alpha3": "HMD",
  "codigo_numerico": 334,
  "habilitado": true
 }
},
{
 "model": "pacientes.pais",
 "pk": "IS",
 "fields": {
  "nombre": "ISLANDIA",
  "nombre_iso": "ISLANDIA",
  "codigo_alpha3": "ISL",
  "codigo_numerico": 352,
  "habilitado": true
 }
},
{
 "model": "pacientes.pais",
 "pk": "AX",
 "fields": {
  "nombre": "ISLAS ALAND",
  "nombre_iso": "ISLAS ALAND",
  "codigo_alpha3": "ALA",
  "codigo_numerico": 248,
  "habilitado": true
 }
},
{
 "model": "pacientes.pais",
 "pk": "KY",
 "fields": {
  "nombre": "ISLAS CAIMAN",
  "nombre_iso": "ISLAS CAIMAN",
  "codigo_alpha3": "CYM",
  "codigo_numerico": 136,
  "habilitado": true
 }
},
{
 "model": "pacientes.pais",
 "pk": "CC",
 "fields": {
  "nombre": "ISLAS COCOS",
  "nombre_iso": "ISLAS COCOS (KEELING)",
  "codigo_alpha3": "CCK",
  "codigo_numerico": 166,
  "habilitado": true
 }
},
{
 "model": "pacientes.pais",
 "pk": "CK",
 "fields": {
  "nombre": "ISLAS COOK",
  "nombre_iso": "ISLAS COOK",
  "codigo_alpha3": "COK",
  "codigo_numerico": 184,
  "habilitado": true
 }
},
{
 "model": "pacientes.pais",
 "pk": "FO",
 "fields": {
  "nombre": "ISLAS FEROE",
  "nombre_iso": "ISLAS FEROE",
  "codigo_alpha3": "FRO",
  "codigo_numerico": 234,
  "habilitado": true
 }
},
{
 "model": "pacientes.pais",
 "pk": "GS",
 "fields": {
  "nombre": "ISLAS GEORGIANAS DEL SUR Y SANDWICH DEL SUR",
  "nombre_iso": "GEORGIA DEL SUR Y LAS ISLAS SANDWICH DEL SUR",
  "codigo_alpha3": "SGS",
  "codigo_numerico": 239,
  "habilitado": true
 }
},
{
 "model": "pacientes.pais",
 "pk": "FK",
 "fields": {
  "nombre": "ISLAS MALVINAS",
  "nombre_iso": "ISLAS FALKLAND (MALVINAS)",
  "codigo_alpha3": "FLK",
  "codigo_numerico": 238,
  "habilitado": true
 }
},
{
 "model": "pacientes.pais",
 "pk": "MP",
 "fields": {
  "nombre": "ISLAS MARIANAS DEL NORTE",
  "nombre_iso": "ISLAS MARIANAS DEL NORTE",
  "codigo_alpha3": "MNP",
  "codigo_numerico": 580,
  "habilitado": true
 }
},
{
 "model": "pacientes.pais",
 "pk": "MH",
 "fields": {
  "nombre": "ISLAS MARSHALL",
  "nombre_iso": "ISLAS MARSHALL",
  "codigo_alpha3": "MHL",
  "codigo_numerico": 584,
  "habilitado": true
 }
},
{
 "model": "pacientes.pais",
 "pk": "PN",
 "fields": {
  "nombre": "ISLAS PITCAIRN",
  "nombre_iso": "PITCAIRN",
  "codigo_alpha3": "PCN",
  "codigo_numerico": 612,
  "habilitado": true
 }
},
{
 "model": "pacientes.pais",
 "pk": "SB",
 "fields": {
  "nombre": "ISLAS SALOMON",
  "nombre_iso": "ISLAS SALOMON",
  "codigo_alpha3": "SLB",
  "codigo_numerico": 90,
  "habilitado": true
 }
},
{
 "model": "pacientes.pais",
 "pk": "TC",
 "fields": {
  "nombre": "ISLAS TURCAS Y CAICOS",
  "nombre_iso": "ISLAS TURCAS Y CAICOS",
  "codigo_alpha3": "TCA",
  "codigo_numerico": 796,
  "habilitado": true
 }
},
{
 "model": "pacientes.pais",
 "pk": "UM",
 "fields": {
  "nombre": "ISLAS ULTRAMARINAS DE ESTADOS UNIDOS",
  "nombre_iso": "ISLAS ULTRAMARINAS MENORES DE ESTADOS UNIDOS",
  "codigo_alpha3": "UMI",
  "codigo_numerico": 581,
  "habilitado": true
 }
},
{
 "model": "pacientes.pais",
 "pk": "VG",
 "fields": {
  "nombre": "ISLAS VIRGENES BRITANICAS",
  "nombre_iso": "ISLAS VIRGENES (BRITANICAS)",
  "codigo_alpha3": "VGB",
  "codigo_numerico": 92,
  "habilitado": true
 }
},
{
 "model": "pacientes.pais",
 "pk": "VI",
 "fields": {
  "nombre": "ISLAS VIRGENES DE LOS ESTADOS UNIDOS",
  "nombre_iso": "ISLAS VIRGENES (EE.UU.)",
  "codigo_alpha3": "VIR",
  "codigo_numerico": 850,
  "habilitado": true
 }
},
{
 "model": "pacientes.pais",
 "pk": "IL",
 "fields": {
  "nombre": "ISRAEL",
  "nombre_iso": "ISRAEL",
  "codigo_alpha3": "ISR",
  "codigo_numerico": 376,
  "habilitado": true
 }
},
{
 "model": "pacientes.pais",
 "pk": "IT",
 "fields": {
  "nombre": "ITALIA",
  "nombre_iso": "ITALIA",
  "codigo_alpha3": "ITA",
  "codigo_numerico": 380,
  "habilitado": true
 }
},
{
 "model": "pacientes.pais",
 "pk": "JM",
 "fields": {
  "nombre": "JAMAICA",
  "nombre_iso": "JAMAICA",
  "codigo_alpha3": "JAM",
  "codigo_numerico": 388,
  "habilitado": true
 }
},
{
 "model": "pacientes.pais",
 "pk": "JP",
 "fields": {
  "nombre": "JAPON",
  "nombre_iso": "JAPON",
  "codigo_alpha3": "JPN",
  "codigo_numerico": 392,
  "habilitado": true
 }
},
{
 "model": "pacientes.pais",
 "pk": "JE",
 "fields": {
  "nombre": "JERSEY",
  "nombre_iso": "JERSEY",
  "codigo_alpha3": "JEY",
  "codigo_numerico": 832,
  "habilitado": true
 }
},
{
 "model": "pacientes.pais",
 "pk": "JO",
 "fields": {
  "nombre": "JORDANIA",
  "nombre_iso": "JORDANIA",
  "codigo_alpha3": "JOR",
  "codigo_numerico": 400,
  "habilitado": true
 }
},
{
 "model": "pacientes.pais",
 "pk": "KZ",
 "fields": {
  "nombre": "KAZAJISTAN",
  "nombre_iso": "KAZAJISTAN",
  "codigo_alpha3": "KAZ",
  "codigo_numerico": 398,
  "habilitado": true
 }
},
{
 "model": "pacientes.pais",
 "pk": "KE",
 "fields": {
  "nombre": "KENIA",
  "nombre_iso": "KENIA",
  "codigo_alpha3": "KEN",
  "codigo_numerico": 404,
  "habilitado": true
 }
},
{
 "model": "pacientes.pais",
 "pk": "KG",
 "fields": {
  "nombre": "KIRGUISTAN",
  "nombre_iso": "KIRGUISTAN",
  "codigo_alpha3": "KGZ",
  "codigo_numerico": 417,
  "habilitado": true
 }
},
{
 "model": "pacientes.pais",
 "pk": "KI",
 "fields": {
  "nombre": "KIRIBATI",
  "nombre_iso": "KIRIBATI",
  "codigo_alpha3": "KIR",
  "codigo_numerico": 296,
  "habilitado": true
 }
},
{
 "model": "pacientes.pais",
 "pk": "KW",
 "fields": {
  "nombre": "KUWAIT",
  "nombre_iso": "KUWAIT",
  "codigo_alpha3": "KWT",
  "codigo_numerico": 414,
  "habilitado": true
 }
},
{
 "model": "pacientes.pais",
 "pk": "LA",
 "fields": {
  "nombre": "LAOS",
  "nombre_iso": "LAO, REPUBLICA DEMOCRATICA POPULAR",
  "codigo_alpha3": "LAO",
  "codigo_numerico": 418,
  "habilitado": true
 }
},
{
 "model": "pacientes.pais",
 "pk": "LS",
 "fields": {
  "nombre": "LESOTO",
  "nombre_iso": "LESOTO",
  "codigo_alpha3": "LSO",
  "codigo_numerico": 426,
  "habilitado": true
 }
},
{
 "model": "pacientes.pais",
 "pk": "LV",
 "fields": {
  "nombre": "LETONIA",
  "nombre_iso": "LETONIA",
  "codigo_alpha3": "LVA",
  "codigo_numerico": 428,
  "habilitado": true
 }
},
{
 "model": "pacientes.pais",
 "pk": "LB",
 "fields": {
  "nombre": "LIBANO",
  "nombre_iso": "LIBANO",
  "codigo_alpha3": "LBN",
  "codigo_numerico": 422,
  "habilitado": true
 }
},
{
 "model": "pacientes.pais",
 "pk": "LR",
 "fields": {
  "nombre": "LIBERIA",
  "nombre_iso": "LIBERIA",
  "codigo_alpha3": "LBR",
  "codigo_numerico": 430,
  "habilitado": true
 }
},
{
 "model": "pacientes.pais",
 "pk": "LY",
 "fields": {
  "nombre": "LIBIA",
  "nombre_iso": "LIBIA",
  "codigo_alpha3": "LBY",
  "codigo_numerico": 434,
  "habilitado": true
 }
},
{
 "model": "pacientes.pais",
 "pk": "LI",
 "fields": {
  "nombre": "LIECHTENSTEIN",
  "nombre_iso": "LIECHTENSTEIN",
  "codigo_alpha3": "LIE",
  "codigo_numerico": 438,
  "habilitado": true
 }
},
{
 "model": "pacientes.pais",
 "pk": "LT",
 "fields": {
  "nombre": "LITUANIA",
  "nombre_iso": "LITUANIA",
  "codigo_alpha3": "LTU",
  "codigo_numerico": 440,
  "habilitado": true
 }
},
{
 "model": "pacientes.pais",
 "pk": "LU",
 "fields": {
  "nombre": "LUXEMBURGO",
  "nombre_iso": "LUXEMBURGO",
  "codigo_alpha3": "LUX",
  "codigo_numerico": 442,
  "habilitado": true
 }
},
{
 "model": "pacientes.pais",
 "pk": "MO",
 "fields": {
  "nombre": "MACAO",
  "nombre_iso": "MACAO",
  "codigo_alpha3": "MAC",
  "codigo_numerico": 446,
  "habilitado": true
 }
},
{
 "model": "pacientes.pais",
 "pk": "MK",
 "fields": {
  "nombre": "MACEDONIA",
  "nombre_iso": "MACEDONIA, LA ANTIGUA REPUBLICA YUGOSLAVA DE",
  "codigo_alpha3": "MKD",
  "codigo_numerico": 807,
  "habilitado": true
 }
},
{
 "model": "pacientes.pais",
 "pk": "MG",
 "fields": {
  "nombre": "MADAGASCAR",
  "nombre_iso": "MADAGASCAR",
  "codigo_alpha3": "MDG",
  "codigo_numerico": 450,
  "habilitado": true
 }
},
{
 "model": "pacientes.pais",
 "pk": "MY",
 "fields": {
  "nombre": "MALASIA",
  "nombre_iso": "MALASIA",
  "codigo_alpha3": "MYS",
  "codigo_numerico": 458,
  "habilitado": true
 }
},
{
 "model": "pacientes.pais",
 "pk": "MW",
 "fields": {
  "nombre": "MALAUI",
  "nombre_iso": "MALAUI",
  "codigo_alpha3": "MWI",
  "codigo_numerico": 454,
  "habilitado": true
 }
},
{
 "model": "pacientes.pais",
 "pk": "MV",
 "fields": {
  "nombre": "MALDIVAS",
  "nombre_iso": "MALDIVAS",
  "codigo_alpha3": "MDV",
  "codigo_numerico": 462,
  "habilitado": true
 }
},
{
 "model": "pacientes.pais",
 "pk": "ML",
 "fields": {
  "nombre": "MALI",
  "nombre_iso": "MALI",
  "codigo_alpha3": "MLI",
  "codigo_numerico": 466,
  "habilitado": true
 }
},
{
 "model": "pacientes.pais",
 "pk": "MT",
 "fields": {
  "nombre": "MALTA",
  "nombre_iso": "MALTA",
  "codigo_alpha3": "MLT",
  "codigo_numerico": 470,
  "habilitado": true
 }
},
{
 "model": "pacientes.pais",
 "pk": "MA",
 "fields": {
  "nombre": "MARRUECOS",
  "nombre_iso": "MARRUECOS",
  "codigo_alpha3": "MAR",
  "codigo_numerico": 504,
  "habilitado": true
 }
},
{
 "model": "pacientes.pais",
 "pk": "MQ",
 "fields": {
  "nombre": "MARTINICA",
  "nombre_iso": "MARTINICA",
  "codigo_alpha3": "MTQ",
  "codigo_numerico": 474,
  "habilitado": true
 }
},
{
 "model": "pacientes.pais",
 "pk": "MU",
 "fields": {
  "nombre": "MAURICIO",
  "nombre_iso": "MAURICIO",
  "codigo_alpha3": "MUS",
  "codigo_numerico": 480,
  "habilitado": true
 }
},
{
 "model": "pacientes.pais",
 "pk": "MR",
 "fields": {
  "nombre": "MAURITANIA",
  "nombre_iso": "MAURITANIA",
  "codigo_alpha3": "MRT",
  "codigo_numerico": 478,
  "habilitado": true
 }
},
{
 "model": "pacientes.pais",
 "pk": "YT",
 "fields": {
  "nombre": "MAYOTTE",
  "nombre_iso": "MAYOTTE",
  "codigo_alpha3": "MYT",
  "codigo_numerico": 175,
  "habilitado": true
 }
},
{
 "model": "pacientes.pais",
 "pk": "MX",
 "fields": {
  "nombre": "MEXICO",
  "nombre_iso": "MEXICO",
  "codigo_alpha3": "MEX",
  "codigo_numerico": 484,
  "habilitado": true
 }
},
{
 "model": "pacientes.pais",
 "pk": "FM",
 "fields": {
  "nombre": "MICRONESIA",
  "nombre_iso": "MICRONESIA, ESTADOS FEDERADOS DE",
  "codigo_alpha3": "FSM",
  "codigo_numerico": 583,
  "habilitado": true
 }
},
{
 "model": "pacientes.pais",
 "pk": "MD",
 "fields": {
  "nombre": "MOLDAVIA",
  "nombre_iso": "MOLDAVIA, REPUBLICA DE",
  "codigo_alpha3": "MDA",
  "codigo_numerico": 498,
  "habilitado": true
 }
},
{
 "model": "pacientes.pais",
 "pk": "MC",
 "fields": {
  "nombre": "MONACO",
  "nombre_iso": "MONACO",
  "codigo_alpha3": "MCO",
  "codigo_numerico": 492,
  "habilitado": true
 }
},
{
 "model": "pacientes.pais",
 "pk": "MN",
 "fields": {
  "nombre": "MONGOLIA",
  "nombre_iso": "MONGOLIA",
  "codigo_alpha3": "MNG",
  "codigo_numerico": 496,
  "habilitado": true
 }
},
{
 "model": "pacientes.pais",
 "pk": "ME",
 "fields": {
  "nombre": "MONTENEGRO",
  "nombre_iso": "MONTENEGRO",
  "codigo_alpha3": "MNE",
  "codigo_numerico": 499,
  "habilitado": true
 }
},
{
 "model": "pacientes.pais",
 "pk": "MS",
 "fields": {
  "nombre": "MONTSERRAT",
  "nombre_iso": "MONTSERRAT",
  "codigo_alpha3": "MSR",
  "codigo_numerico": 500,
  "habilitado": true
 }
},
{
 "model": "pacientes.pais",
 "pk": "MZ",
 "fields": {
  "nombre": "MOZAMBIQUE",
  "nombre_iso": "MOZAMBIQUE",
  "codigo_alpha3": "MOZ",
  "codigo_numerico": 508,
  "habilitado": true
 }
},
{
 "model": "pacientes.pais",
 "pk": "NA",
 "fields": {
  "nombre": "NAMIBIA",
  "nombre_iso": "NAMIBIA",
  "codigo_alpha3": "NAM",
  "codigo_numerico": 516,
  "habilitado": true
 }
},
{
 "model": "pacientes.pais",
 "pk": "NR",
 "fields": {
  "nombre": "NAURU",
  "nombre_iso": "NAURU",
  "codigo_alpha3": "NRU",
  "codigo_numerico": 520,
  "habilitado": true
 }
},
{
 "model": "pacientes.pais",
 "pk": "NP",
 "fields": {
  "nombre": "NEPAL",
  "nombre_iso": "NEPAL",
  "codigo_alpha3": "NPL",
  "codigo_numerico": 524,
  "habilitado": true
 }
},
{
 "model": "pacientes.pais",
 "pk": "NI",
 "fields": {
  "nombre": "NICARAGUA",
  "nombre_iso": "NICARAGUA",
  "codigo_alpha3": "NIC",
  "codigo_numerico": 558,
  "habilitado": true
 }
},
{
 "model": "pacientes.pais",
 "pk": "NE",
 "fields": {
  "nombre": "NIGER",
  "nombre_iso": "NIGER",
  "codigo_alpha3": "NER",
  "codigo_numerico": 562,
  "habilitado": true
 }
},
{
 "model": "pacientes.pais",
 "pk": "NG",
 "fields": {
  "nombre": "NIGERIA",
  "nombre_iso": "NIGERIA",
  "codigo_alpha3": "NGA",
  "codigo_numerico": 566,
  "habilitado": true
 }
},
{
 "model": "pacientes.pais",
 "pk": "NU",
 "fields": {
  "nombre": "NIUE",
  "nombre_iso": "NIUE",
  "codigo_alpha3": "NIU",
  "codigo_numerico": 570,
  "habilitado": true
 }
},
{
 "model": "pacientes.pais",
 "pk": "NF",
 "fields": {
  "nombre": "NORFOLK",
  "nombre_iso": "ISLA NORFOLK",
  "codigo_alpha3": "NFK",
  "codigo_numerico": 574,
  "habilitado": true
 }
},
{
 "model": "pacientes.pais",
 "pk": "NO",
 "fields": {
  "nombre": "NORUEGA",
  "nombre_iso": "NORUEGA",
  "codigo_alpha3": "NOR",
  "codigo_numerico": 578,
  "habilitado": true
 }
},
{
 "model": "pacientes.pais",
 "pk": "NC",
 "fields": {
  "nombre": "NUEVA CALEDONIA",
  "nombre_iso": "NUEVA CALEDONIA",
  "codigo_alpha3": "NCL",
  "codigo_numerico": 540,
  "habilitado": true
 }
},
{
 "model": "pacientes.pais",
 "pk": "NZ",
 "fields": {
  "nombre": "NUEVA ZELANDA",
  "nombre_iso": "NUEVA ZELANDA",
  "codigo_alpha3": "NZL",
  "codigo_numerico": 554,
  "habilitado": true
 }
},
{
 "model": "pacientes.pais",
 "pk": "OM",
 "fields": {
  "nombre": "OMAN",
  "nombre_iso": "OMAN",
  "codigo_alpha3": "OMN",
  "codigo_numerico": 512,
  "habilitado": true
 }
},
{
 "model": "pacientes.pais",
 "pk": "NL",
 "fields": {
  "nombre": "PAISES BAJOS",
  "nombre_iso": "PAISES BAJOS",
  "codigo_alpha3": "NLD",
  "codigo_numerico": 528,
  "habilitado": true
 }
},
{
 "model": "pacientes.pais",
 "pk": "PK",
 "fields": {
  "nombre": "PAKISTAN",
  "nombre_iso": "PAKISTAN",
  "codigo_alpha3": "PAK",
  "codigo_numerico": 586,
  "habilitado": true
 }
},
{
 "model": "pacientes.pais",
 "pk": "PW",
 "fields": {
  "nombre": "PALAOS",
  "nombre_iso": "PALAOS",
  "codigo_alpha3": "PLW",
  "codigo_numerico": 585,
  "habilitado": true
 }
},
{
 "model": "pacientes.pais",
 "pk": "PS",
 "fields": {
  "nombre": "PALESTINA",
  "nombre_iso": "PALESTINA, ESTADO DE",
  "codigo_alpha3": "PSE",
  "codigo_numerico": 275,
  "habilitado": true
 }
},
{
 "model": "pacientes.pais",
 "pk": "PA",
 "fields": {
  "nombre": "PANAMA",
  "nombre_iso": "PANAMA",
  "codigo_alpha3": "PAN",
  "codigo_numerico": 591,
  "habilitado": true
 }
},
{
 "model": "pacientes.pais",
 "pk": "PG",
 "fields": {
  "nombre": "PAPUA NUEVA GUINEA",
  "nombre_iso": "PAPUA NUEVA GUINEA",
  "codigo_alpha3": "PNG",
  "codigo_numerico": 598,
  "habilitado": true
 }
},
{
 "model": "pacientes.pais",
 "pk": "PY",
 "fields": {
  "nombre": "PARAGUAY",
  "nombre_iso": "PARAGUAY",
  "codigo_alpha3": "PRY",
  "codigo_numerico": 600,
  "habilitado": true
 }
},
{
 "model": "pacientes.pais",
 "pk": "PE",
 "fields": {
  "nombre": "PERU",
  "nombre_iso": "PERU",
  "codigo_alpha3": "PER",
  "codigo_numerico": 604,
  "habilitado": true
 }
},
{
 "model": "pacientes.pais",
 "pk": "PF",
 "fields": {
  "nombre": "POLINESIA FRANCESA",
  "nombre_iso": "POLINESIA FRANCESA",
  "codigo_alpha3": "PYF",
  "codigo_numerico": 258,
  "habilitado": true
 }
},
{
 "model": "pacientes.pais",
 "pk": "PL",
 "fields": {
  "nombre": "POLONIA",
  "nombre_iso": "POLONIA",
  "codigo_alpha3": "POL",
  "codigo_numerico": 616,
  "habilitado": true
 }
},
{
 "model": "pacientes.pais",
 "pk": "PT",
 "fields": {
  "nombre": "PORTUGAL",
  "nombre_iso": "PORTUGAL",
  "codigo_alpha3": "PRT",
  "codigo_numerico": 620,
  "habilitado": true
 }
},
{
 "model": "pacientes.pais",
 "pk": "PR",
 "fields": {
  "nombre": "PUERTO RICO",
  "nombre_iso": "PUERTO RICO",
  "codigo_alpha3": "PRI",
  "codigo_numerico": 630,
  "habilitado": true
 }
},
{
 "model": "pacientes.pais",
 "pk": "QA",
 "fields": {
  "nombre": "QATAR",
  "nombre_iso": "QATAR",
  "codigo_alpha3": "QAT",
  "codigo_numerico": 634,
  "habilitado": true
 }
},
{
 "model": "pacientes.pais",
 "pk": "GB",
 "fields": {
  "nombre": "REINO UNIDO",
  "nombre_iso": "REINO UNIDO",
  "codigo_alpha3": "GBR",
  "codigo_numerico": 826,
  "habilitado": true
 }
},
{
 "model": "pacientes.pais",
 "pk": "EH",
 "fields": {
  "nombre": "REPUBLICA ARABE SAHARAUI DEMOCRATICA",
  "nombre_iso": "SAHARA OCCIDENTAL",
  "codigo_alpha3": "ESH",
  "codigo_numerico": 732,
  "habilitado": true
 }
},
{
 "model": "pacientes.pais",
 "pk": "CF",
 "fields": {
  "nombre": "REPUBLICA CENTROAFRICANA",
  "nombre_iso": "REPUBLICA CENTROAFRICANA",
  "codigo_alpha3": "CAF",
  "codigo_numerico": 140,
  "habilitado": true
 }
},
{
 "model": "pacientes.pais",
 "pk": "CZ",
 "fields": {
  "nombre": "REPUBLICA CHECA",
  "nombre_iso": "REPUBLICA CHECA",
  "codigo_alpha3": "CZE",
  "codigo_numerico": 203,
  "habilitado": true
 }
},
{
 "model": "pacientes.pais",
 "pk": "CG",
 "fields": {
  "nombre": "REPUBLICA DEL CONGO",
  "nombre_iso": "CONGO",
  "codigo_alpha3": "COG",
  "codigo_numerico": 178,
  "habilitado": true
 }
},
{
 "model": "pacientes.pais",
 "pk": "CD",
 "fields": {
  "nombre": "REPUBLICA DEMOCRATICA DEL CONGO",
  "nombre_iso": "CONGO, REPUBLICA DEMOCRATICA DEL",
  "codigo_alpha3": "COD",
  "codigo_numerico": 180,
  "habilitado": true
 }
},
{
 "model": "pacientes.pais",
 "pk": "DO",
 "fields": {
  "nombre": "REPUBLICA DOMINICANA",
  "nombre_iso": "REPUBLICA DOMINICANA",
  "codigo_alpha3": "DOM",
  "codigo_numerico": 214,
  "habilitado": true
 }
},
{
 "model": "pacientes.pais",
 "pk": "RE",
 "fields": {
  "nombre": "REUNION",
  "nombre_iso": "REUNION",
  "codigo_alpha3": "REU",
  "codigo_numerico": 638,
  "habilitado": true
 }
},
{
 "model": "pacientes.pais",
 "pk": "RW",
 "fields": {
  "nombre": "RUANDA",
  "nombre_iso": "RUANDA",
  "codigo_alpha3": "RWA",
  "codigo_numerico": 646,
  "habilitado": true
 }
},
{
 "model": "pacientes.pais",
 "pk": "RO",
 "fields": {
  "nombre": "RUMANIA",
  "nombre_iso": "RUMANIA",
  "codigo_alpha3": "ROU",
  "codigo_numerico": 642,
  "habilitado": true
 }
},
{
 "model": "pacientes.pais",
 "pk": "RU",
 "fields": {
  "nombre": "RUSIA",
  "nombre_iso": "RUSIA, FEDERACION DE",
  "codigo_alpha3": "RUS",
  "codigo_numerico": 643,
  "habilitado": true
 }
},
{
 "model": "pacientes.pais",
 "pk": "WS",
 "fields": {
  "nombre": "SAMOA",
  "nombre_iso": "SAMOA",
  "codigo_alpha3": "WSM",
  "codigo_numerico": 882,
  "habilitado": true
 }
},
{
 "model": "pacientes.pais",
 "pk": "AS",
 "fields": {
  "nombre": "SAMOA AMERICANA",
  "nombre_iso": "SAMOA AMERICANA",
  "codigo_alpha3": "ASM",
  "codigo_numerico": 16,
  "habilitado": true
 }
},
{
 "model": "pacientes.pais",
 "pk": "BL",
 "fields": {
  "nombre": "SAN BARTOLOME",
  "nombre_iso": "SAN BARTOLOME",
  "codigo_alpha3": "BLM",
  "codigo_numerico": 652,
  "habilitado": true
 }
},
{
 "model": "pacientes.pais",
 "pk": "KN",
 "fields": {
  "nombre": "SAN CRISTOBAL Y NIEVES",
  "nombre_iso": "SAN CRISTOBAL Y NIEVES",
  "codigo_alpha3": "KNA",
  "codigo_numerico": 659,
  "habilitado": true
 }
},
{
 "model": "pacientes.pais",
 "pk": "SM",
 "fields": {
  "nombre": "SAN MARINO",
  "nombre_iso": "SAN MARINO",
  "codigo_alpha3": "SMR",
  "codigo_numerico": 674,
  "habilitado": true
 }
},
{
 "model": "pacientes.pais",
 "pk": "MF",
 "fields": {
  "nombre": "SAN MARTIN",
  "nombre_iso": "SAN MARTIN (PARTE FRANCESA)",
  "codigo_alpha3": "MAF",
  "codigo_numerico": 663,
  "habilitado": true
 }
},
{
 "model": "pacientes.pais",
 "pk": "PM",
 "fields": {
  "nombre": "SAN PEDRO Y MIQUELON",
  "nombre_iso": "SAN PEDRO Y MIQUELON",
  "codigo_alpha3": "SPM",
  "codigo_numerico": 666,
  "habilitado": true
 }
},
{
 "model": "pacientes.pais",
 "pk": "VC",
 "fields": {
  "nombre": "SAN VICENTE Y LAS GRANADINAS",
  "nombre_iso": "SAN VICENTE Y LAS GRANADINAS",
  "codigo_alpha3": "VCT",
  "codigo_numerico": 670,
  "habilitado": true
 }
},
{
 "model": "pacientes.pais",
 "pk": "SH",
 "fields": {
  "nombre": "SANTA HELENA, ASCENSION Y TRISTAN DE ACU\u00d1A",
  "nombre_iso": "SANTA HELENA, ASCENSION Y TRISTAN DE ACU\u00d1A",
  "codigo_alpha3": "SHN",
  "codigo_numerico": 654,
  "habilitado": true
 }
},
{
 "model": "pacientes.pais",
 "pk": "LC",
 "fields": {
  "nombre": "SANTA LUCIA",
  "nombre_iso": "SANTA LUCIA",
  "codigo_alpha3": "LCA",
  "codigo_numerico": 662,
  "habilitado": true
 }
},
{
 "model": "pacientes.pais",
 "pk": "ST",
 "fields": {
  "nombre": "SANTO TOME Y PRINCIPE",
  "nombre_iso": "SANTO TOME Y PRINCIPE",
  "codigo_alpha3": "STP",
  "codigo_numerico": 678,
  "habilitado": true
 }
},
{
 "model": "pacientes.pais",
 "pk": "SN",
 "fields": {
  "nombre": "SENEGAL",
  "nombre_iso": "SENEGAL",
  "codigo_alpha3": "SEN",
  "codigo_numerico": 686,
  "habilitado": true
 }
},
{
 "model": "pacientes.pais",
 "pk": "RS",
 "fields": {
  "nombre": "SERBIA",
  "nombre_iso": "SERBIA",
  "codigo_alpha3": "SRB",
  "codigo_numerico": 688,
  "habilitado": true
 }
},
{
 "model": "pacientes.pais",
 "pk": "SC",
 "fields": {
  "nombre": "SEYCHELLES",
  "nombre_iso": "SEYCHELLES",
  "codigo_alpha3": "SYC",
  "codigo_numerico": 690,
  "habilitado": true
 }
},
{
 "model": "pacientes.pais",
 "pk": "SL",
 "fields": {
  "nombre": "SIERRA LEONA",
  "nombre_iso": "SIERRA LEONA",
  "codigo_alpha3": "SLE",
  "codigo_numerico": 694,
  "habilitado": true
 }
},
{
 "model": "pacientes.pais",
 "pk": "SG",
 "fields": {
  "nombre": "SINGAPUR",
  "nombre_iso": "SINGAPUR",
  "codigo_alpha3": "SGP",
  "codigo_numerico": 702,
  "habilitado": true
 }
},
{
 "model": "pacientes.pais",
 "pk": "SX",
 "fields": {
  "nombre": "SINT MAARTEN",
  "nombre_iso": "SINT MAARTEN (PARTE NEERLANDESA)",
  "codigo_alpha3": "SXM",
  "codigo_numerico": 534,
  "habilitado": true
 }
},
{
 "model": "pacientes.pais",
 "pk": "SY",
 "fields": {
  "nombre": "SIRIA",
  "nombre_iso": "SIRIA, REPUBLICA ARABE",
  "codigo_alpha3": "SYR",
  "codigo_numerico": 760,
  "habilitado": true
 }
},
{
 "model": "pacientes.pais",
 "pk": "SO",
 "fields": {
  "nombre": "SOMALIA",
  "nombre_iso": "SOMALIA",
  "codigo_alpha3": "SOM",
  "codigo_numerico": 706,
  "habilitado": true
 }
},
{
 "model": "pacientes.pais",
 "pk": "LK",
 "fields": {
  "nombre": "SRI LANKA",
  "nombre_iso": "SRI LANKA",
  "codigo_alpha3": "LKA",
  "codigo_numerico": 144,
  "habilitado": true
 }
},
{
 "model": "pacientes.pais",
 "pk": "SZ",
 "fields": {
  "nombre": "SUAZILANDIA",
  "nombre_iso": "SUAZILANDIA",
  "codigo_alpha3": "SWZ",
  "codigo_numerico": 748,
  "habilitado": true
 }
},
{
 "model": "pacientes.pais",
 "pk": "ZA",
 "fields": {
  "nombre": "SUDAFRICA",
  "nombre_iso": "SUDAFRICA",
  "codigo_alpha3": "ZAF",
  "codigo_numerico": 710,
  "habilitado": true
 }
},
{
 "model": "pacientes.pais",
 "pk": "SD",
 "fields": {
  "nombre": "SUDAN",
  "nombre_iso": "SUDAN",
  "codigo_alpha3": "SDN",
  "codigo_numerico": 729,
  "habilitado": true
 }
},
{
 "model": "pacientes.pais",
 "pk": "SS",
 "fields": {
  "nombre": "SUDAN DEL SUR",
  "nombre_iso": "SUDAN DEL SUR",
  "codigo_alpha3": "SSD",
  "codigo_numerico": 728,
  "habilitado": true
 }
},
{
 "model": "pacientes.pais",
 "pk": "SE",
 "fields": {
  "nombre": "SUECIA",
  "nombre_iso": "SUECIA",
  "codigo_alpha3": "SWE",
  "codigo_numerico": 752,
  "habilitado": true
 }
},
{
 "model": "pacientes.pais",
 "pk": "CH",
 "fields": {
  "nombre": "SUIZA",
  "nombre_iso": "SUIZA",
  "codigo_alpha3": "CHE",
  "codigo_numerico": 756,
  "habilitado": true
 }
},
{
 "model": "pacientes.pais",
 "pk": "SR",
 "fields": {
  "nombre": "SURINAM",
  "nombre_iso": "SURINAM",
  "codigo_alpha3": "SUR",
  "codigo_numerico": 740,
  "habilitado": true
 }
},
{
 "model": "pacientes.pais",
 "pk": "SJ",
 "fields": {
  "nombre": "SVALBARD Y JAN MAYEN",
  "nombre_iso": "SVALBARD Y JAN MAYEN",
  "codigo_alpha3": "SJM",
  "codigo_numerico": 744,
  "habilitado": true
 }
},
{
 "model": "pacientes.pais",
 "pk": "TH",
 "fields": {
  "nombre": "TAILANDIA",
  "nombre_iso": "TAILANDIA",
  "codigo_alpha3": "THA",
  "codigo_numerico": 764,
  "habilitado": true
 }
},
{
 "model": "pacientes.pais",
 "pk": "TW",
 "fields": {
  "nombre": "TAIWAN",
  "nombre_iso": "TAIWAN, PROVINCIA DE CHINA",
  "codigo_alpha3": "TWN",
  "codigo_numerico": 158,
  "habilitado": true
 }
},
{
 "model": "pacientes.pais",
 "pk": "TZ",
 "fields": {
  "nombre": "TANZANIA",
  "nombre_iso": "TANZANIA, REPUBLICA UNIDA DE",
  "codigo_alpha3": "TZA",
  "codigo_numerico": 834,
  "habilitado": true
 }
},
{
 "model": "pacientes.pais",
 "pk": "TJ",
 "fields": {
  "nombre": "TAYIKISTAN",
  "nombre_iso": "TAYIKISTAN",
  "codigo_alpha3": "TJK",
  "codigo_numerico": 762,
  "habilitado": true
 }
},
{
 "model": "pacientes.pais",
 "pk": "IO",
 "fields": {
  "nombre": "TERRITORIO BRITANICO DEL OCEANO INDICO",
  "nombre_iso": "TERRITORIO BRITANICO DEL OCEANO INDICO",
  "codigo_alpha3": "IOT",
  "codigo_numerico": 86,
  "habilitado": true
 }
},
{
 "model": "pacientes.pais",
 "pk": "TF",
 "fields": {
  "nombre": "TIERRAS AUSTRALES Y ANTARTICAS FRANCESAS",
  "nombre_iso": "TERRITORIOS AUSTRALES FRANCESES",
  "codigo_alpha3": "ATF",
  "codigo_numerico": 260,
  "habilitado": true
 }
},
{
 "model": "pacientes.pais",
 "pk": "TL",
 "fields": {
  "nombre": "TIMOR ORIENTAL",
  "nombre_iso": "TIMOR-LESTE",
  "codigo_alpha3": "TLS",
  "codigo_numerico": 626,
  "habilitado": true
 }
},
{
 "model": "pacientes.pais",
 "pk": "TG",
 "fields": {
  "nombre": "TOGO",
  "nombre_iso": "TOGO",
  "codigo_alpha3": "TGO",
  "codigo_numerico": 768,
  "habilitado": true
 }
},
{
 "model": "pacientes.pais",
 "pk": "TK",
 "fields": {
  "nombre": "TOKELAU",
  "nombre_iso": "TOKELAU",
  "codigo_alpha3": "TKL",
  "codigo_numerico": 772,
  "habilitado": true
 }
},
{
 "model": "pacientes.pais",
 "pk": "TO",
 "fields": {
  "nombre": "TONGA",
  "nombre_iso": "TONGA",
  "codigo_alpha3": "TON",
  "codigo_numerico": 776,
  "habilitado": true
 }
},
{
 "model": "pacientes.pais",
 "pk": "TT",
 "fields": {
  "nombre": "TRINIDAD Y TOBAGO",
  "nombre_iso": "TRINIDAD Y TOBAGO",
  "codigo_alpha3": "TTO",
  "codigo_numerico": 780,
  "habilitado": true
 }
},
{
 "model": "pacientes.pais",
 "pk": "TN",
 "fields": {
  "nombre": "TUNEZ",
  "nombre_iso": "TUNEZ",
  "codigo_alpha3": "TUN",
  "codigo_numerico": 788,
  "habilitado": true
 }
},
{
 "model": "pacientes.pais",
 "pk": "TM",
 "fields": {
  "nombre": "TURKMENISTAN",
  "nombre_iso": "TURKMENISTAN",
  "codigo_alpha3": "TKM",
  "codigo_numerico": 795,
  "habilitado": true
 }
},
{
 "model": "pacientes.pais",
 "pk": "TR",
 "fields": {
  "nombre": "TURQUIA",
  "nombre_iso": "TURQUIA",
  "codigo_alpha3": "TUR",
  "codigo_numerico": 792,
  "habilitado": true
 }
},
{
 "model": "pacientes.pais",
 "pk": "TV",
 "fields": {
  "nombre": "TUVALU",
  "nombre_iso": "TUVALU",
  "codigo_alpha3": "TUV",
  "codigo_numerico": 798,
  "habilitado": true
 }
},
{
 "model": "pacientes.pais",
 "pk": "UA",
 "fields": {
  "nombre": "UCRANIA",
  "nombre_iso": "UCRANIA",
  "codigo_alpha3": "UKR",
  "codigo_numerico": 804,
  "habilitado": true
 }
},
{
 "model": "pacientes.pais",
 "pk": "UG",
 "fields": {
  "nombre": "UGANDA",
  "nombre_iso": "UGANDA",
  "codigo_alpha3": "UGA",
  "codigo_numerico": 800,
  "habilitado": true
 }
},
{
 "model": "pacientes.pais",
 "pk": "UY",
 "fields": {
  "nombre": "URUGUAY",
  "nombre_iso": "URUGUAY",
  "codigo_alpha3": "URY",
  "codigo_numerico": 858,
  "habilitado": true
 }
},
{
 "model": "pacientes.pais",
 "pk": "UZ",
 "fields": {
  "nombre": "UZBEKISTAN",
  "nombre_iso": "UZBEKISTAN",
  "codigo_alpha3": "UZB",
  "codigo_numerico": 860,
  "habilitado": true
 }
},
{
 "model": "pacientes.pais",
 "pk": "VU",
 "fields": {
  "nombre": "VANUATU",
  "nombre_iso": "VANUATU",
  "codigo_alpha3": "VUT",
  "codigo_numerico": 548,
  "habilitado": true
 }
},
{
 "model": "pacientes.pais",
 "pk": "VE",
 "fields": {
  "nombre": "VENEZUELA",
  "nombre_iso": "VENEZUELA, REPUBLICA BOLIVARIANA DE",
  "codigo_alpha3": "VEN",
  "codigo_numerico": 862,
  "habilitado": true
 }
},
{
 "model": "pacientes.pais",
 "pk": "VN",
 "fields": {
  "nombre": "VIETNAM",
  "nombre_iso": "VIET NAM",
  "codigo_alpha3": "VNM",
  "codigo_numerico": 704,
  "habilitado": true
 }
},
{
 "model": "pacientes.pais",
 "pk": "WF",
 "fields": {
  "nombre": "WALLIS Y FUTUNA",
  "nombre_iso": "WALLIS Y FUTUNA",
  "codigo_alpha3": "WLF",
  "codigo_numerico": 876,
  "habilitado": true
 }
},
{
 "model": "pacientes.pais",
 "pk": "YE",
 "fields": {
  "nombre": "YEMEN",
  "nombre_iso": "YEMEN",
  "codigo_alpha3": "YEM",
  "codigo_numerico": 887,
  "habilitado": true
 }
},
{
 "model": "pacientes.pais",
 "pk": "DJ",
 "fields": {
  "nombre": "YIBUTI",
  "nombre_iso": "YIBUTI",
  "codigo_alpha3": "DJI",
  "codigo_numerico": 262,
  "habilitado": true
 }
},
{
 "model": "pacientes.pais",
 "pk": "ZM",
 "fields": {
  "nombre": "ZAMBIA",
  "nombre_iso": "ZAMBIA",
  "codigo_alpha3": "ZMB",
  "codigo_numerico": 894,
  "habilitado": true
 }
},
{
 "model": "pacientes.pais",
 "pk": "ZW",
 "fields": {
  "nombre": "ZIMBABUE",
  "nombre_iso": "ZIMBABUE",
  "codigo_alpha3": "ZWE",
  "codigo_numerico": 716,
  "habilitado": true
 }
}

,
{
 "model": "pacientes.departamento",
 "pk": 16,
 "fields": {
  "nombre": "ALTO PARAGUAY",
  "pais": "PY",
  "habilitado": true
 }
},
{
 "model": "pacientes.departamento",
 "pk": 10,
 "fields": {
  "nombre": "ALTO PARANA",
  "pais": "PY",
  "habilitado": true
 }
},
{
 "model": "pacientes.departamento",
 "pk": 13,
 "fields": {
  "nombre": "AMAMBAY",
  "pais": "PY",
  "habilitado": true
 }
},
{
 "model": "pacientes.departamento",
 "pk": 18,
 "fields": {
  "nombre": "ASUNCION",
  "pais": "PY",
  "habilitado": true
 }
},
{
 "model": "pacientes.departamento",
 "pk": 17,
 "fields": {
  "nombre": "BOQUERON",
  "pais": "PY",
  "habilitado": true
 }
},
{
 "model": "pacientes.departamento",
 "pk": 5,
 "fields": {
  "nombre": "CAAGUAZU",
  "pais": "PY",
  "habilitado": true
 }
},
{
 "model": "pacientes.departamento",
 "pk": 6,
 "fields": {
  "nombre": "CAAZAPA",
  "pais": "PY",
  "habilitado": true
 }
},
{
 "model": "pacientes.departamento",
 "pk": 14,
 "fields": {
  "nombre": "CANINDEYU",
  "pais": "PY",
  "habilitado": true
 }
},
{
 "model": "pacientes.departamento",
 "pk": 11,
 "fields": {
  "nombre": "CENTRAL",
  "pais": "PY",
  "habilitado": true
 }
},
{
 "model": "pacientes.departamento",
 "pk": 1,
 "fields": {
  "nombre": "CONCEPCION",
  "pais": "PY",
  "habilitado": true
 }
},
{
 "model": "pacientes.departamento",
 "pk": 3,
 "fields": {
  "nombre": "CORDILLERA",
  "pais": "PY",
  "habilitado": true
 }
},
{
 "model": "pacientes.departamento",
 "pk": 4,
 "fields": {
  "nombre": "GUAIRA",
  "pais": "PY",
  "habilitado": true
 }
},
{
 "model": "pacientes.departamento",
 "pk": 7,
 "fields": {
  "nombre": "ITAPUA",
  "pais": "PY",
  "habilitado": true
 }
},
{
 "model": "pacientes.departamento",
 "pk": 8,
 "fields": {
  "nombre": "MISIONES",
  "pais": "PY",
  "habilitado": true
 }
},
{
 "model": "pacientes.departamento",
 "pk": 12,
 "fields": {
  "nombre": "\u00d1EEMBUCU",
  "pais": "PY",
  "habilitado": true
 }
},
{
 "model": "pacientes.departamento",
 "pk": 9,
 "fields": {
  "nombre": "PARAGUARI",
  "pais": "PY",
  "habilitado": true
 }
},
{
 "model": "pacientes.departamento",
 "pk": 15,
 "fields": {
  "nombre": "PRESIDENTE HAYES",
  "pais": "PY",
  "habilitado": true
 }
},
{
 "model": "pacientes.departamento",
 "pk": 2,
 "fields": {
  "nombre": "SAN PEDRO",
  "pais": "PY",
  "habilitado": true
 }
}

,
{
 "model": "pacientes.distrito",
 "pk": 89,
 "fields": {
  "nombre": "ABAI",
  "departamento": 6,
  "habilitado": true
 }
},
{
 "model": "pacientes.distrito",
 "pk": 138,
 "fields": {
  "nombre": "ACAHAY",
  "departamento": 9,
  "habilitado": true
 }
},
{
 "model": "pacientes.distrito",
 "pk": 195,
 "fields": {
  "nombre": "ALBERDI",
  "departamento": 12,
  "habilitado": true
 }
},
{
 "model": "pacientes.distrito",
 "pk": 98,
 "fields": {
  "nombre": "ALTO VERA",
  "departamento": 7,
  "habilitado": true
 }
},
{
 "model": "pacientes.distrito",
 "pk": 30,
 "fields": {
  "nombre": "ALTOS",
  "departamento": 3,
  "habilitado": true
 }
},
{
 "model": "pacientes.distrito",
 "pk": 10,
 "fields": {
  "nombre": "ANTEQUERA",
  "departamento": 2,
  "habilitado": true
 }
},
{
 "model": "pacientes.distrito",
 "pk": 175,
 "fields": {
  "nombre": "AREGUA",
  "departamento": 11,
  "habilitado": true
 }
},
{
 "model": "pacientes.distrito",
 "pk": 31,
 "fields": {
  "nombre": "ARROYOS Y ESTEROS",
  "departamento": 3,
  "habilitado": true
 }
},
{
 "model": "pacientes.distrito",
 "pk": 1,
 "fields": {
  "nombre": "ASUNCION",
  "departamento": 18,
  "habilitado": true
 }
},
{
 "model": "pacientes.distrito",
 "pk": 32,
 "fields": {
  "nombre": "ATYRA",
  "departamento": 3,
  "habilitado": true
 }
},
{
 "model": "pacientes.distrito",
 "pk": 128,
 "fields": {
  "nombre": "AYOLAS",
  "departamento": 8,
  "habilitado": true
 }
},
{
 "model": "pacientes.distrito",
 "pk": 236,
 "fields": {
  "nombre": "BAHIA NEGRA",
  "departamento": 16,
  "habilitado": true
 }
},
{
 "model": "pacientes.distrito",
 "pk": 3,
 "fields": {
  "nombre": "BELEN",
  "departamento": 1,
  "habilitado": true
 }
},
{
 "model": "pacientes.distrito",
 "pk": 99,
 "fields": {
  "nombre": "BELLA VISTA",
  "departamento": 7,
  "habilitado": true
 }
},
{
 "model": "pacientes.distrito",
 "pk": 211,
 "fields": {
  "nombre": "BELLA VISTA",
  "departamento": 13,
  "habilitado": true
 }
},
{
 "model": "pacientes.distrito",
 "pk": 227,
 "fields": {
  "nombre": "BENJAMIN ACEVAL",
  "departamento": 15,
  "habilitado": true
 }
},
{
 "model": "pacientes.distrito",
 "pk": 50,
 "fields": {
  "nombre": "BORJA",
  "departamento": 4,
  "habilitado": true
 }
},
{
 "model": "pacientes.distrito",
 "pk": 90,
 "fields": {
  "nombre": "BUENA VISTA",
  "departamento": 6,
  "habilitado": true
 }
},
{
 "model": "pacientes.distrito",
 "pk": 29,
 "fields": {
  "nombre": "CAACUPE",
  "departamento": 3,
  "habilitado": true
 }
},
{
 "model": "pacientes.distrito",
 "pk": 67,
 "fields": {
  "nombre": "CAAGUAZU",
  "departamento": 5,
  "habilitado": true
 }
},
{
 "model": "pacientes.distrito",
 "pk": 139,
 "fields": {
  "nombre": "CAAPUCU",
  "departamento": 9,
  "habilitado": true
 }
},
{
 "model": "pacientes.distrito",
 "pk": 88,
 "fields": {
  "nombre": "CAAZAPA",
  "departamento": 6,
  "habilitado": true
 }
},
{
 "model": "pacientes.distrito",
 "pk": 100,
 "fields": {
  "nombre": "CAMBYRETA",
  "departamento": 7,
  "habilitado": true
 }
},
{
 "model": "pacientes.distrito",
 "pk": 181,
 "fields": {
  "nombre": "CAPIATA",
  "departamento": 11,
  "habilitado": true
 }
},
{
 "model": "pacientes.distrito",
 "pk": 11,
 "fields": {
  "nombre": "CAPIIBARY",
  "departamento": 2,
  "habilitado": true
 }
},
{
 "model": "pacientes.distrito",
 "pk": 212,
 "fields": {
  "nombre": "CAPITAN BADO",
  "departamento": 13,
  "habilitado": true
 }
},
{
 "model": "pacientes.distrito",
 "pk": 238,
 "fields": {
  "nombre": "CAPITAN CARMELO PERALTA",
  "departamento": 16,
  "habilitado": true
 }
},
{
 "model": "pacientes.distrito",
 "pk": 51,
 "fields": {
  "nombre": "CAPITAN MAURICIO JOSE TROCHE",
  "departamento": 4,
  "habilitado": true
 }
},
{
 "model": "pacientes.distrito",
 "pk": 101,
 "fields": {
  "nombre": "CAPITAN MEZA",
  "departamento": 7,
  "habilitado": true
 }
},
{
 "model": "pacientes.distrito",
 "pk": 102,
 "fields": {
  "nombre": "CAPITAN MIRANDA",
  "departamento": 7,
  "habilitado": true
 }
},
{
 "model": "pacientes.distrito",
 "pk": 33,
 "fields": {
  "nombre": "CARAGUATAY",
  "departamento": 3,
  "habilitado": true
 }
},
{
 "model": "pacientes.distrito",
 "pk": 140,
 "fields": {
  "nombre": "CARAPEGUA",
  "departamento": 9,
  "habilitado": true
 }
},
{
 "model": "pacientes.distrito",
 "pk": 68,
 "fields": {
  "nombre": "CARAYAO",
  "departamento": 5,
  "habilitado": true
 }
},
{
 "model": "pacientes.distrito",
 "pk": 103,
 "fields": {
  "nombre": "CARLOS ANTONIO LOPEZ",
  "departamento": 7,
  "habilitado": true
 }
},
{
 "model": "pacientes.distrito",
 "pk": 104,
 "fields": {
  "nombre": "CARMEN DEL PARANA",
  "departamento": 7,
  "habilitado": true
 }
},
{
 "model": "pacientes.distrito",
 "pk": 196,
 "fields": {
  "nombre": "CERRITO",
  "departamento": 12,
  "habilitado": true
 }
},
{
 "model": "pacientes.distrito",
 "pk": 12,
 "fields": {
  "nombre": "CHORE",
  "departamento": 2,
  "habilitado": true
 }
},
{
 "model": "pacientes.distrito",
 "pk": 155,
 "fields": {
  "nombre": "CIUDAD DEL ESTE",
  "departamento": 10,
  "habilitado": true
 }
},
{
 "model": "pacientes.distrito",
 "pk": 246,
 "fields": {
  "nombre": "COLONIA FERNHEIM",
  "departamento": 17,
  "habilitado": true
 }
},
{
 "model": "pacientes.distrito",
 "pk": 2,
 "fields": {
  "nombre": "CONCEPCION",
  "departamento": 1,
  "habilitado": true
 }
},
{
 "model": "pacientes.distrito",
 "pk": 105,
 "fields": {
  "nombre": "CORONEL BOGADO",
  "departamento": 7,
  "habilitado": true
 }
},
{
 "model": "pacientes.distrito",
 "pk": 52,
 "fields": {
  "nombre": "CORONEL MARTINEZ",
  "departamento": 4,
  "habilitado": true
 }
},
{
 "model": "pacientes.distrito",
 "pk": 66,
 "fields": {
  "nombre": "CORONEL OVIEDO",
  "departamento": 5,
  "habilitado": true
 }
},
{
 "model": "pacientes.distrito",
 "pk": 214,
 "fields": {
  "nombre": "CORPUS CHRISTI",
  "departamento": 14,
  "habilitado": true
 }
},
{
 "model": "pacientes.distrito",
 "pk": 215,
 "fields": {
  "nombre": "CURUGUATY",
  "departamento": 14,
  "habilitado": true
 }
},
{
 "model": "pacientes.distrito",
 "pk": 197,
 "fields": {
  "nombre": "DESMOCHADOS",
  "departamento": 12,
  "habilitado": true
 }
},
{
 "model": "pacientes.distrito",
 "pk": 53,
 "fields": {
  "nombre": "DOCTOR BOTRELL",
  "departamento": 4,
  "habilitado": true
 }
},
{
 "model": "pacientes.distrito",
 "pk": 69,
 "fields": {
  "nombre": "DOCTOR CECILIO BAEZ",
  "departamento": 5,
  "habilitado": true
 }
},
{
 "model": "pacientes.distrito",
 "pk": 70,
 "fields": {
  "nombre": "DOCTOR J. EULOGIO ESTIGARRIBIA",
  "departamento": 5,
  "habilitado": true
 }
},
{
 "model": "pacientes.distrito",
 "pk": 71,
 "fields": {
  "nombre": "DOCTOR JUAN MANUEL FRUTOS",
  "departamento": 5,
  "habilitado": true
 }
},
{
 "model": "pacientes.distrito",
 "pk": 91,
 "fields": {
  "nombre": "DOCTOR MOISES S. BERTONI",
  "departamento": 6,
  "habilitado": true
 }
},
{
 "model": "pacientes.distrito",
 "pk": 241,
 "fields": {
  "nombre": "DOCTOR PEDRO P. PE\u00d1A",
  "departamento": 17,
  "habilitado": true
 }
},
{
 "model": "pacientes.distrito",
 "pk": 157,
 "fields": {
  "nombre": "DOMINGO MARTINEZ DE IRALA",
  "departamento": 10,
  "habilitado": true
 }
},
{
 "model": "pacientes.distrito",
 "pk": 87,
 "fields": {
  "nombre": "DR. BLAS A. GARAY",
  "departamento": 5,
  "habilitado": true
 }
},
{
 "model": "pacientes.distrito",
 "pk": 230,
 "fields": {
  "nombre": "DR. JOSE FALCON",
  "departamento": 15,
  "habilitado": true
 }
},
{
 "model": "pacientes.distrito",
 "pk": 156,
 "fields": {
  "nombre": "DR. JUAN LEON MALLORQUIN",
  "departamento": 10,
  "habilitado": true
 }
},
{
 "model": "pacientes.distrito",
 "pk": 252,
 "fields": {
  "nombre": "DR. RAUL PE\u00d1A",
  "departamento": 10,
  "habilitado": true
 }
},
{
 "model": "pacientes.distrito",
 "pk": 106,
 "fields": {
  "nombre": "EDELIRA",
  "departamento": 7,
  "habilitado": true
 }
},
{
 "model": "pacientes.distrito",
 "pk": 34,
 "fields": {
  "nombre": "EMBOSCADA",
  "departamento": 3,
  "habilitado": true
 }
},
{
 "model": "pacientes.distrito",
 "pk": 253,
 "fields": {
  "nombre": "ENCARNACI\u00d3N",
  "departamento": 7,
  "habilitado": true
 }
},
{
 "model": "pacientes.distrito",
 "pk": 141,
 "fields": {
  "nombre": "ESCOBAR",
  "departamento": 9,
  "habilitado": true
 }
},
{
 "model": "pacientes.distrito",
 "pk": 35,
 "fields": {
  "nombre": "EUSEBIO AYALA",
  "departamento": 3,
  "habilitado": true
 }
},
{
 "model": "pacientes.distrito",
 "pk": 54,
 "fields": {
  "nombre": "FELIX PEREZ CARDOZO",
  "departamento": 4,
  "habilitado": true
 }
},
{
 "model": "pacientes.distrito",
 "pk": 177,
 "fields": {
  "nombre": "FERNANDO DE LA MORA",
  "departamento": 11,
  "habilitado": true
 }
},
{
 "model": "pacientes.distrito",
 "pk": 240,
 "fields": {
  "nombre": "FILADELFIA",
  "departamento": 17,
  "habilitado": true
 }
},
{
 "model": "pacientes.distrito",
 "pk": 107,
 "fields": {
  "nombre": "FRAM",
  "departamento": 7,
  "habilitado": true
 }
},
{
 "model": "pacientes.distrito",
 "pk": 235,
 "fields": {
  "nombre": "FUERTE OLIMPO",
  "departamento": 16,
  "habilitado": true
 }
},
{
 "model": "pacientes.distrito",
 "pk": 92,
 "fields": {
  "nombre": "FULGENCIO YEGROS",
  "departamento": 6,
  "habilitado": true
 }
},
{
 "model": "pacientes.distrito",
 "pk": 108,
 "fields": {
  "nombre": "GENERAL ARTIGAS",
  "departamento": 7,
  "habilitado": true
 }
},
{
 "model": "pacientes.distrito",
 "pk": 142,
 "fields": {
  "nombre": "GENERAL BERNARDINO CABALLERO",
  "departamento": 9,
  "habilitado": true
 }
},
{
 "model": "pacientes.distrito",
 "pk": 109,
 "fields": {
  "nombre": "GENERAL DELGADO",
  "departamento": 7,
  "habilitado": true
 }
},
{
 "model": "pacientes.distrito",
 "pk": 13,
 "fields": {
  "nombre": "GENERAL ELIZARDO AQUINO",
  "departamento": 2,
  "habilitado": true
 }
},
{
 "model": "pacientes.distrito",
 "pk": 242,
 "fields": {
  "nombre": "GENERAL EUGENIO A. GARAY",
  "departamento": 17,
  "habilitado": true
 }
},
{
 "model": "pacientes.distrito",
 "pk": 55,
 "fields": {
  "nombre": "GENERAL EUGENIO A. GARAY",
  "departamento": 4,
  "habilitado": true
 }
},
{
 "model": "pacientes.distrito",
 "pk": 93,
 "fields": {
  "nombre": "GENERAL HIGINIO MORINIGO",
  "departamento": 6,
  "habilitado": true
 }
},
{
 "model": "pacientes.distrito",
 "pk": 14,
 "fields": {
  "nombre": "GENERAL ISIDORO RESQUIN",
  "departamento": 2,
  "habilitado": true
 }
},
{
 "model": "pacientes.distrito",
 "pk": 234,
 "fields": {
  "nombre": "GENERAL J. M. BRUGUEZ",
  "departamento": 15,
  "habilitado": true
 }
},
{
 "model": "pacientes.distrito",
 "pk": 198,
 "fields": {
  "nombre": "GENERAL JOSE EDUVIGIS DIAZ",
  "departamento": 12,
  "habilitado": true
 }
},
{
 "model": "pacientes.distrito",
 "pk": 216,
 "fields": {
  "nombre": "GRAL. FRANCISCO CABALLERO ALVAREZ",
  "departamento": 14,
  "habilitado": true
 }
},
{
 "model": "pacientes.distrito",
 "pk": 191,
 "fields": {
  "nombre": "GUARAMBARE",
  "departamento": 11,
  "habilitado": true
 }
},
{
 "model": "pacientes.distrito",
 "pk": 15,
 "fields": {
  "nombre": "GUAYAIBI",
  "departamento": 2,
  "habilitado": true
 }
},
{
 "model": "pacientes.distrito",
 "pk": 199,
 "fields": {
  "nombre": "GUAZU CUA",
  "departamento": 12,
  "habilitado": true
 }
},
{
 "model": "pacientes.distrito",
 "pk": 158,
 "fields": {
  "nombre": "HERNANDARIAS",
  "departamento": 10,
  "habilitado": true
 }
},
{
 "model": "pacientes.distrito",
 "pk": 110,
 "fields": {
  "nombre": "HOHENAU",
  "departamento": 7,
  "habilitado": true
 }
},
{
 "model": "pacientes.distrito",
 "pk": 4,
 "fields": {
  "nombre": "HORQUETA",
  "departamento": 1,
  "habilitado": true
 }
},
{
 "model": "pacientes.distrito",
 "pk": 200,
 "fields": {
  "nombre": "HUMAITA",
  "departamento": 12,
  "habilitado": true
 }
},
{
 "model": "pacientes.distrito",
 "pk": 56,
 "fields": {
  "nombre": "INDEPENDENCIA",
  "departamento": 4,
  "habilitado": true
 }
},
{
 "model": "pacientes.distrito",
 "pk": 159,
 "fields": {
  "nombre": "IRU\u00d1A",
  "departamento": 10,
  "habilitado": true
 }
},
{
 "model": "pacientes.distrito",
 "pk": 36,
 "fields": {
  "nombre": "ISLA PUCU",
  "departamento": 3,
  "habilitado": true
 }
},
{
 "model": "pacientes.distrito",
 "pk": 201,
 "fields": {
  "nombre": "ISLA UMBU",
  "departamento": 12,
  "habilitado": true
 }
},
{
 "model": "pacientes.distrito",
 "pk": 189,
 "fields": {
  "nombre": "ITA",
  "departamento": 11,
  "habilitado": true
 }
},
{
 "model": "pacientes.distrito",
 "pk": 37,
 "fields": {
  "nombre": "ITACURUBI DE LA CORDILLERA",
  "departamento": 3,
  "habilitado": true
 }
},
{
 "model": "pacientes.distrito",
 "pk": 16,
 "fields": {
  "nombre": "ITACURUBI DEL ROSARIO",
  "departamento": 2,
  "habilitado": true
 }
},
{
 "model": "pacientes.distrito",
 "pk": 160,
 "fields": {
  "nombre": "ITAKYRY",
  "departamento": 10,
  "habilitado": true
 }
},
{
 "model": "pacientes.distrito",
 "pk": 217,
 "fields": {
  "nombre": "ITANARA",
  "departamento": 14,
  "habilitado": true
 }
},
{
 "model": "pacientes.distrito",
 "pk": 57,
 "fields": {
  "nombre": "ITAPE",
  "departamento": 4,
  "habilitado": true
 }
},
{
 "model": "pacientes.distrito",
 "pk": 111,
 "fields": {
  "nombre": "ITAPUA POTY",
  "departamento": 7,
  "habilitado": true
 }
},
{
 "model": "pacientes.distrito",
 "pk": 190,
 "fields": {
  "nombre": "ITAUGUA",
  "departamento": 11,
  "habilitado": true
 }
},
{
 "model": "pacientes.distrito",
 "pk": 58,
 "fields": {
  "nombre": "ITURBE",
  "departamento": 4,
  "habilitado": true
 }
},
{
 "model": "pacientes.distrito",
 "pk": 112,
 "fields": {
  "nombre": "JESUS",
  "departamento": 7,
  "habilitado": true
 }
},
{
 "model": "pacientes.distrito",
 "pk": 59,
 "fields": {
  "nombre": "JOSE A. FASSARDI",
  "departamento": 4,
  "habilitado": true
 }
},
{
 "model": "pacientes.distrito",
 "pk": 72,
 "fields": {
  "nombre": "JOSE DOMINGO OCAMPOS",
  "departamento": 5,
  "habilitado": true
 }
},
{
 "model": "pacientes.distrito",
 "pk": 113,
 "fields": {
  "nombre": "JOSE LEANDRO OVIEDO",
  "departamento": 7,
  "habilitado": true
 }
},
{
 "model": "pacientes.distrito",
 "pk": 38,
 "fields": {
  "nombre": "JUAN DE MENA",
  "departamento": 3,
  "habilitado": true
 }
},
{
 "model": "pacientes.distrito",
 "pk": 161,
 "fields": {
  "nombre": "JUAN E. OLEARY",
  "departamento": 10,
  "habilitado": true
 }
},
{
 "model": "pacientes.distrito",
 "pk": 193,
 "fields": {
  "nombre": "JULIAN AUGUSTO SALDIVAR",
  "departamento": 11,
  "habilitado": true
 }
},
{
 "model": "pacientes.distrito",
 "pk": 218,
 "fields": {
  "nombre": "KATUETE",
  "departamento": 14,
  "habilitado": true
 }
},
{
 "model": "pacientes.distrito",
 "pk": 154,
 "fields": {
  "nombre": "LA COLMENA",
  "departamento": 9,
  "habilitado": true
 }
},
{
 "model": "pacientes.distrito",
 "pk": 143,
 "fields": {
  "nombre": "LA COLMENA",
  "departamento": 9,
  "habilitado": true
 }
},
{
 "model": "pacientes.distrito",
 "pk": 219,
 "fields": {
  "nombre": "LA PALOMA",
  "departamento": 14,
  "habilitado": true
 }
},
{
 "model": "pacientes.distrito",
 "pk": 73,
 "fields": {
  "nombre": "LA PASTORA",
  "departamento": 5,
  "habilitado": true
 }
},
{
 "model": "pacientes.distrito",
 "pk": 114,
 "fields": {
  "nombre": "LA PAZ",
  "departamento": 7,
  "habilitado": true
 }
},
{
 "model": "pacientes.distrito",
 "pk": 176,
 "fields": {
  "nombre": "LAMBARE",
  "departamento": 11,
  "habilitado": true
 }
},
{
 "model": "pacientes.distrito",
 "pk": 202,
 "fields": {
  "nombre": "LAURELES",
  "departamento": 12,
  "habilitado": true
 }
},
{
 "model": "pacientes.distrito",
 "pk": 28,
 "fields": {
  "nombre": "LIBERACION",
  "departamento": 2,
  "habilitado": true
 }
},
{
 "model": "pacientes.distrito",
 "pk": 17,
 "fields": {
  "nombre": "LIMA",
  "departamento": 2,
  "habilitado": true
 }
},
{
 "model": "pacientes.distrito",
 "pk": 183,
 "fields": {
  "nombre": "LIMPIO",
  "departamento": 11,
  "habilitado": true
 }
},
{
 "model": "pacientes.distrito",
 "pk": 39,
 "fields": {
  "nombre": "LOMA GRANDE",
  "departamento": 3,
  "habilitado": true
 }
},
{
 "model": "pacientes.distrito",
 "pk": 245,
 "fields": {
  "nombre": "LOMA PLATA",
  "departamento": 17,
  "habilitado": true
 }
},
{
 "model": "pacientes.distrito",
 "pk": 5,
 "fields": {
  "nombre": "LORETO",
  "departamento": 1,
  "habilitado": true
 }
},
{
 "model": "pacientes.distrito",
 "pk": 162,
 "fields": {
  "nombre": "LOS CEDRALES",
  "departamento": 10,
  "habilitado": true
 }
},
{
 "model": "pacientes.distrito",
 "pk": 182,
 "fields": {
  "nombre": "LUQUE",
  "departamento": 11,
  "habilitado": true
 }
},
{
 "model": "pacientes.distrito",
 "pk": 94,
 "fields": {
  "nombre": "MACIEL",
  "departamento": 6,
  "habilitado": true
 }
},
{
 "model": "pacientes.distrito",
 "pk": 250,
 "fields": {
  "nombre": "MARIA AUXILIADORA",
  "departamento": 7,
  "habilitado": true
 }
},
{
 "model": "pacientes.distrito",
 "pk": 184,
 "fields": {
  "nombre": "MARIANO ROQUE ALONSO",
  "departamento": 11,
  "habilitado": true
 }
},
{
 "model": "pacientes.distrito",
 "pk": 74,
 "fields": {
  "nombre": "MARISCAL FRANCISCO SOLANO LOPEZ",
  "departamento": 5,
  "habilitado": true
 }
},
{
 "model": "pacientes.distrito",
 "pk": 243,
 "fields": {
  "nombre": "MARISCAL JOSE FELIX ESTIGARRIBIA",
  "departamento": 17,
  "habilitado": true
 }
},
{
 "model": "pacientes.distrito",
 "pk": 203,
 "fields": {
  "nombre": "MAYOR JOSE J. MARTINEZ",
  "departamento": 12,
  "habilitado": true
 }
},
{
 "model": "pacientes.distrito",
 "pk": 115,
 "fields": {
  "nombre": "MAYOR JULIO D. OTA\u00d1O",
  "departamento": 7,
  "habilitado": true
 }
},
{
 "model": "pacientes.distrito",
 "pk": 239,
 "fields": {
  "nombre": "MAYOR PABLO LAGERENZA",
  "departamento": 16,
  "habilitado": true
 }
},
{
 "model": "pacientes.distrito",
 "pk": 163,
 "fields": {
  "nombre": "MBARACAYU",
  "departamento": 10,
  "habilitado": true
 }
},
{
 "model": "pacientes.distrito",
 "pk": 60,
 "fields": {
  "nombre": "MBOCAYATY DEL GUAIRA",
  "departamento": 4,
  "habilitado": true
 }
},
{
 "model": "pacientes.distrito",
 "pk": 40,
 "fields": {
  "nombre": "MBOCAYATY DEL YHAGUY",
  "departamento": 3,
  "habilitado": true
 }
},
{
 "model": "pacientes.distrito",
 "pk": 144,
 "fields": {
  "nombre": "MBUYAPEY",
  "departamento": 9,
  "habilitado": true
 }
},
{
 "model": "pacientes.distrito",
 "pk": 164,
 "fields": {
  "nombre": "MINGA GUAZU",
  "departamento": 10,
  "habilitado": true
 }
},
{
 "model": "pacientes.distrito",
 "pk": 165,
 "fields": {
  "nombre": "MINGA PORA",
  "departamento": 10,
  "habilitado": true
 }
},
{
 "model": "pacientes.distrito",
 "pk": 229,
 "fields": {
  "nombre": "NANAWA",
  "departamento": 15,
  "habilitado": true
 }
},
{
 "model": "pacientes.distrito",
 "pk": 167,
 "fields": {
  "nombre": "NARANJAL",
  "departamento": 10,
  "habilitado": true
 }
},
{
 "model": "pacientes.distrito",
 "pk": 61,
 "fields": {
  "nombre": "NATALICIO TALAVERA",
  "departamento": 4,
  "habilitado": true
 }
},
{
 "model": "pacientes.distrito",
 "pk": 116,
 "fields": {
  "nombre": "NATALIO",
  "departamento": 7,
  "habilitado": true
 }
},
{
 "model": "pacientes.distrito",
 "pk": 244,
 "fields": {
  "nombre": "NEULAND",
  "departamento": 17,
  "habilitado": true
 }
},
{
 "model": "pacientes.distrito",
 "pk": 117,
 "fields": {
  "nombre": "NUEVA ALBORADA",
  "departamento": 7,
  "habilitado": true
 }
},
{
 "model": "pacientes.distrito",
 "pk": 41,
 "fields": {
  "nombre": "NUEVA COLOMBIA",
  "departamento": 3,
  "habilitado": true
 }
},
{
 "model": "pacientes.distrito",
 "pk": 220,
 "fields": {
  "nombre": "NUEVA ESPERANZA",
  "departamento": 14,
  "habilitado": true
 }
},
{
 "model": "pacientes.distrito",
 "pk": 18,
 "fields": {
  "nombre": "NUEVA GERMANIA",
  "departamento": 2,
  "habilitado": true
 }
},
{
 "model": "pacientes.distrito",
 "pk": 192,
 "fields": {
  "nombre": "NUEVA ITALIA",
  "departamento": 11,
  "habilitado": true
 }
},
{
 "model": "pacientes.distrito",
 "pk": 75,
 "fields": {
  "nombre": "NUEVA LONDRES",
  "departamento": 5,
  "habilitado": true
 }
},
{
 "model": "pacientes.distrito",
 "pk": 166,
 "fields": {
  "nombre": "\u00d1ACUNDAY",
  "departamento": 10,
  "habilitado": true
 }
},
{
 "model": "pacientes.distrito",
 "pk": 178,
 "fields": {
  "nombre": "\u00d1EMBY",
  "departamento": 11,
  "habilitado": true
 }
},
{
 "model": "pacientes.distrito",
 "pk": 62,
 "fields": {
  "nombre": "\u00d1UMI",
  "departamento": 4,
  "habilitado": true
 }
},
{
 "model": "pacientes.distrito",
 "pk": 118,
 "fields": {
  "nombre": "OBLIGADO",
  "departamento": 7,
  "habilitado": true
 }
},
{
 "model": "pacientes.distrito",
 "pk": 137,
 "fields": {
  "nombre": "PARAGUARI",
  "departamento": 9,
  "habilitado": true
 }
},
{
 "model": "pacientes.distrito",
 "pk": 204,
 "fields": {
  "nombre": "PASO DE PATRIA",
  "departamento": 12,
  "habilitado": true
 }
},
{
 "model": "pacientes.distrito",
 "pk": 249,
 "fields": {
  "nombre": "PASO YOBAI",
  "departamento": 4,
  "habilitado": true
 }
},
{
 "model": "pacientes.distrito",
 "pk": 210,
 "fields": {
  "nombre": "PEDRO JUAN CABALLERO",
  "departamento": 13,
  "habilitado": true
 }
},
{
 "model": "pacientes.distrito",
 "pk": 194,
 "fields": {
  "nombre": "PILAR",
  "departamento": 12,
  "habilitado": true
 }
},
{
 "model": "pacientes.distrito",
 "pk": 119,
 "fields": {
  "nombre": "PIRAPO",
  "departamento": 7,
  "habilitado": true
 }
},
{
 "model": "pacientes.distrito",
 "pk": 145,
 "fields": {
  "nombre": "PIRAYU",
  "departamento": 9,
  "habilitado": true
 }
},
{
 "model": "pacientes.distrito",
 "pk": 42,
 "fields": {
  "nombre": "PIRIBEBUY",
  "departamento": 3,
  "habilitado": true
 }
},
{
 "model": "pacientes.distrito",
 "pk": 233,
 "fields": {
  "nombre": "POZO COLORADO",
  "departamento": 15,
  "habilitado": true
 }
},
{
 "model": "pacientes.distrito",
 "pk": 247,
 "fields": {
  "nombre": "POZO HONDO",
  "departamento": 17,
  "habilitado": true
 }
},
{
 "model": "pacientes.distrito",
 "pk": 168,
 "fields": {
  "nombre": "PRESIDENTE FRANCO",
  "departamento": 10,
  "habilitado": true
 }
},
{
 "model": "pacientes.distrito",
 "pk": 43,
 "fields": {
  "nombre": "PRIMERO DE MARZO",
  "departamento": 3,
  "habilitado": true
 }
},
{
 "model": "pacientes.distrito",
 "pk": 237,
 "fields": {
  "nombre": "PUERTO CASADO",
  "departamento": 16,
  "habilitado": true
 }
},
{
 "model": "pacientes.distrito",
 "pk": 228,
 "fields": {
  "nombre": "PUERTO PINASCO",
  "departamento": 15,
  "habilitado": true
 }
},
{
 "model": "pacientes.distrito",
 "pk": 146,
 "fields": {
  "nombre": "QUIINDY",
  "departamento": 9,
  "habilitado": true
 }
},
{
 "model": "pacientes.distrito",
 "pk": 147,
 "fields": {
  "nombre": "QUYQUYHO",
  "departamento": 9,
  "habilitado": true
 }
},
{
 "model": "pacientes.distrito",
 "pk": 78,
 "fields": {
  "nombre": "R. I. TRES CORRALES",
  "departamento": 5,
  "habilitado": true
 }
},
{
 "model": "pacientes.distrito",
 "pk": 76,
 "fields": {
  "nombre": "RAUL ARSENIO OVIEDO",
  "departamento": 5,
  "habilitado": true
 }
},
{
 "model": "pacientes.distrito",
 "pk": 77,
 "fields": {
  "nombre": "REPATRIACION",
  "departamento": 5,
  "habilitado": true
 }
},
{
 "model": "pacientes.distrito",
 "pk": 213,
 "fields": {
  "nombre": "SALTO DEL GUAIRA",
  "departamento": 14,
  "habilitado": true
 }
},
{
 "model": "pacientes.distrito",
 "pk": 169,
 "fields": {
  "nombre": "SAN ALBERTO",
  "departamento": 10,
  "habilitado": true
 }
},
{
 "model": "pacientes.distrito",
 "pk": 185,
 "fields": {
  "nombre": "SAN ANTONIO",
  "departamento": 11,
  "habilitado": true
 }
},
{
 "model": "pacientes.distrito",
 "pk": 44,
 "fields": {
  "nombre": "SAN BERNARDINO",
  "departamento": 3,
  "habilitado": true
 }
},
{
 "model": "pacientes.distrito",
 "pk": 6,
 "fields": {
  "nombre": "SAN CARLOS",
  "departamento": 1,
  "habilitado": true
 }
},
{
 "model": "pacientes.distrito",
 "pk": 120,
 "fields": {
  "nombre": "SAN COSME Y DAMIAN",
  "departamento": 7,
  "habilitado": true
 }
},
{
 "model": "pacientes.distrito",
 "pk": 170,
 "fields": {
  "nombre": "SAN CRISTOBAL",
  "departamento": 10,
  "habilitado": true
 }
},
{
 "model": "pacientes.distrito",
 "pk": 19,
 "fields": {
  "nombre": "SAN ESTANISLAO",
  "departamento": 2,
  "habilitado": true
 }
},
{
 "model": "pacientes.distrito",
 "pk": 129,
 "fields": {
  "nombre": "SAN IGNACIO",
  "departamento": 8,
  "habilitado": true
 }
},
{
 "model": "pacientes.distrito",
 "pk": 79,
 "fields": {
  "nombre": "SAN JOAQUIN",
  "departamento": 5,
  "habilitado": true
 }
},
{
 "model": "pacientes.distrito",
 "pk": 80,
 "fields": {
  "nombre": "SAN JOSE DE LOS ARROYOS",
  "departamento": 5,
  "habilitado": true
 }
},
{
 "model": "pacientes.distrito",
 "pk": 45,
 "fields": {
  "nombre": "SAN JOSE OBRERO",
  "departamento": 3,
  "habilitado": true
 }
},
{
 "model": "pacientes.distrito",
 "pk": 127,
 "fields": {
  "nombre": "SAN JUAN BAUTISTA",
  "departamento": 8,
  "habilitado": true
 }
},
{
 "model": "pacientes.distrito",
 "pk": 205,
 "fields": {
  "nombre": "SAN JUAN BAUTISTA DEL \u00d1EEMBUCU",
  "departamento": 12,
  "habilitado": true
 }
},
{
 "model": "pacientes.distrito",
 "pk": 121,
 "fields": {
  "nombre": "SAN JUAN DEL PARANA",
  "departamento": 7,
  "habilitado": true
 }
},
{
 "model": "pacientes.distrito",
 "pk": 95,
 "fields": {
  "nombre": "SAN JUAN NEPOMUCENO",
  "departamento": 6,
  "habilitado": true
 }
},
{
 "model": "pacientes.distrito",
 "pk": 7,
 "fields": {
  "nombre": "SAN LAZARO",
  "departamento": 1,
  "habilitado": true
 }
},
{
 "model": "pacientes.distrito",
 "pk": 180,
 "fields": {
  "nombre": "SAN LORENZO",
  "departamento": 11,
  "habilitado": true
 }
},
{
 "model": "pacientes.distrito",
 "pk": 130,
 "fields": {
  "nombre": "SAN MIGUEL",
  "departamento": 8,
  "habilitado": true
 }
},
{
 "model": "pacientes.distrito",
 "pk": 20,
 "fields": {
  "nombre": "SAN PABLO",
  "departamento": 2,
  "habilitado": true
 }
},
{
 "model": "pacientes.distrito",
 "pk": 131,
 "fields": {
  "nombre": "SAN PATRICIO",
  "departamento": 8,
  "habilitado": true
 }
},
{
 "model": "pacientes.distrito",
 "pk": 122,
 "fields": {
  "nombre": "SAN PEDRO DEL PARANA",
  "departamento": 7,
  "habilitado": true
 }
},
{
 "model": "pacientes.distrito",
 "pk": 9,
 "fields": {
  "nombre": "SAN PEDRO DEL YCUAMANDIYU",
  "departamento": 2,
  "habilitado": true
 }
},
{
 "model": "pacientes.distrito",
 "pk": 123,
 "fields": {
  "nombre": "SAN RAFAEL DEL PARANA",
  "departamento": 7,
  "habilitado": true
 }
},
{
 "model": "pacientes.distrito",
 "pk": 148,
 "fields": {
  "nombre": "SAN ROQUE GONZALEZ DE SANTA CRUZ",
  "departamento": 9,
  "habilitado": true
 }
},
{
 "model": "pacientes.distrito",
 "pk": 63,
 "fields": {
  "nombre": "SAN SALVADOR",
  "departamento": 4,
  "habilitado": true
 }
},
{
 "model": "pacientes.distrito",
 "pk": 46,
 "fields": {
  "nombre": "SANTA ELENA",
  "departamento": 3,
  "habilitado": true
 }
},
{
 "model": "pacientes.distrito",
 "pk": 174,
 "fields": {
  "nombre": "SANTA FE DEL PARANA",
  "departamento": 10,
  "habilitado": true
 }
},
{
 "model": "pacientes.distrito",
 "pk": 132,
 "fields": {
  "nombre": "SANTA MARIA",
  "departamento": 8,
  "habilitado": true
 }
},
{
 "model": "pacientes.distrito",
 "pk": 172,
 "fields": {
  "nombre": "SANTA RITA",
  "departamento": 10,
  "habilitado": true
 }
},
{
 "model": "pacientes.distrito",
 "pk": 133,
 "fields": {
  "nombre": "SANTA ROSA",
  "departamento": 8,
  "habilitado": true
 }
},
{
 "model": "pacientes.distrito",
 "pk": 21,
 "fields": {
  "nombre": "SANTA ROSA DEL AGUARAY",
  "departamento": 2,
  "habilitado": true
 }
},
{
 "model": "pacientes.distrito",
 "pk": 81,
 "fields": {
  "nombre": "SANTA ROSA DEL MBUTUY",
  "departamento": 5,
  "habilitado": true
 }
},
{
 "model": "pacientes.distrito",
 "pk": 171,
 "fields": {
  "nombre": "SANTA ROSA DEL MONDAY",
  "departamento": 10,
  "habilitado": true
 }
},
{
 "model": "pacientes.distrito",
 "pk": 134,
 "fields": {
  "nombre": "SANTIAGO",
  "departamento": 8,
  "habilitado": true
 }
},
{
 "model": "pacientes.distrito",
 "pk": 149,
 "fields": {
  "nombre": "SAPUCAI",
  "departamento": 9,
  "habilitado": true
 }
},
{
 "model": "pacientes.distrito",
 "pk": 82,
 "fields": {
  "nombre": "SIMON BOLIVAR",
  "departamento": 5,
  "habilitado": true
 }
},
{
 "model": "pacientes.distrito",
 "pk": 206,
 "fields": {
  "nombre": "TACUARAS",
  "departamento": 12,
  "habilitado": true
 }
},
{
 "model": "pacientes.distrito",
 "pk": 22,
 "fields": {
  "nombre": "TACUATI",
  "departamento": 2,
  "habilitado": true
 }
},
{
 "model": "pacientes.distrito",
 "pk": 96,
 "fields": {
  "nombre": "TAVAI",
  "departamento": 6,
  "habilitado": true
 }
},
{
 "model": "pacientes.distrito",
 "pk": 251,
 "fields": {
  "nombre": "TAVAPY",
  "departamento": 10,
  "habilitado": true
 }
},
{
 "model": "pacientes.distrito",
 "pk": 64,
 "fields": {
  "nombre": "TEBICUARY",
  "departamento": 4,
  "habilitado": true
 }
},
{
 "model": "pacientes.distrito",
 "pk": 150,
 "fields": {
  "nombre": "TEBICUARY-MI",
  "departamento": 9,
  "habilitado": true
 }
},
{
 "model": "pacientes.distrito",
 "pk": 86,
 "fields": {
  "nombre": "TEMBIAPORA",
  "departamento": 5,
  "habilitado": true
 }
},
{
 "model": "pacientes.distrito",
 "pk": 47,
 "fields": {
  "nombre": "TOBATI",
  "departamento": 3,
  "habilitado": true
 }
},
{
 "model": "pacientes.distrito",
 "pk": 124,
 "fields": {
  "nombre": "TOMAS ROMERO PEREIRA",
  "departamento": 7,
  "habilitado": true
 }
},
{
 "model": "pacientes.distrito",
 "pk": 83,
 "fields": {
  "nombre": "TRES DE FEBRERO",
  "departamento": 5,
  "habilitado": true
 }
},
{
 "model": "pacientes.distrito",
 "pk": 125,
 "fields": {
  "nombre": "TRINIDAD",
  "departamento": 7,
  "habilitado": true
 }
},
{
 "model": "pacientes.distrito",
 "pk": 231,
 "fields": {
  "nombre": "TTE. 1\u00ba MANUEL IRALA FERNANDEZ",
  "departamento": 15,
  "habilitado": true
 }
},
{
 "model": "pacientes.distrito",
 "pk": 232,
 "fields": {
  "nombre": "TTE. ESTEBAN MARTINEZ",
  "departamento": 15,
  "habilitado": true
 }
},
{
 "model": "pacientes.distrito",
 "pk": 23,
 "fields": {
  "nombre": "UNION",
  "departamento": 2,
  "habilitado": true
 }
},
{
 "model": "pacientes.distrito",
 "pk": 48,
 "fields": {
  "nombre": "VALENZUELA",
  "departamento": 3,
  "habilitado": true
 }
},
{
 "model": "pacientes.distrito",
 "pk": 84,
 "fields": {
  "nombre": "VAQUERIA",
  "departamento": 5,
  "habilitado": true
 }
},
{
 "model": "pacientes.distrito",
 "pk": 24,
 "fields": {
  "nombre": "VEINTICINCO DE DICIEMBRE",
  "departamento": 2,
  "habilitado": true
 }
},
{
 "model": "pacientes.distrito",
 "pk": 25,
 "fields": {
  "nombre": "VILLA DEL ROSARIO",
  "departamento": 2,
  "habilitado": true
 }
},
{
 "model": "pacientes.distrito",
 "pk": 179,
 "fields": {
  "nombre": "VILLA ELISA",
  "departamento": 11,
  "habilitado": true
 }
},
{
 "model": "pacientes.distrito",
 "pk": 135,
 "fields": {
  "nombre": "VILLA FLORIDA",
  "departamento": 8,
  "habilitado": true
 }
},
{
 "model": "pacientes.distrito",
 "pk": 207,
 "fields": {
  "nombre": "VILLA FRANCA",
  "departamento": 12,
  "habilitado": true
 }
},
{
 "model": "pacientes.distrito",
 "pk": 226,
 "fields": {
  "nombre": "VILLA HAYES",
  "departamento": 15,
  "habilitado": true
 }
},
{
 "model": "pacientes.distrito",
 "pk": 209,
 "fields": {
  "nombre": "VILLA OLIVA",
  "departamento": 12,
  "habilitado": true
 }
},
{
 "model": "pacientes.distrito",
 "pk": 221,
 "fields": {
  "nombre": "VILLA YGATIMI",
  "departamento": 14,
  "habilitado": true
 }
},
{
 "model": "pacientes.distrito",
 "pk": 208,
 "fields": {
  "nombre": "VILLALBIN",
  "departamento": 12,
  "habilitado": true
 }
},
{
 "model": "pacientes.distrito",
 "pk": 49,
 "fields": {
  "nombre": "VILLARRICA",
  "departamento": 4,
  "habilitado": true
 }
},
{
 "model": "pacientes.distrito",
 "pk": 187,
 "fields": {
  "nombre": "VILLETA",
  "departamento": 11,
  "habilitado": true
 }
},
{
 "model": "pacientes.distrito",
 "pk": 136,
 "fields": {
  "nombre": "YABEBYRY",
  "departamento": 8,
  "habilitado": true
 }
},
{
 "model": "pacientes.distrito",
 "pk": 151,
 "fields": {
  "nombre": "YAGUARON",
  "departamento": 9,
  "habilitado": true
 }
},
{
 "model": "pacientes.distrito",
 "pk": 248,
 "fields": {
  "nombre": "YALVE SANGA",
  "departamento": 17,
  "habilitado": true
 }
},
{
 "model": "pacientes.distrito",
 "pk": 222,
 "fields": {
  "nombre": "YASY KA\u00d1Y",
  "departamento": 14,
  "habilitado": true
 }
},
{
 "model": "pacientes.distrito",
 "pk": 65,
 "fields": {
  "nombre": "YATAITY DEL GUAIRA",
  "departamento": 4,
  "habilitado": true
 }
},
{
 "model": "pacientes.distrito",
 "pk": 26,
 "fields": {
  "nombre": "YATAITY DEL NORTE",
  "departamento": 2,
  "habilitado": true
 }
},
{
 "model": "pacientes.distrito",
 "pk": 126,
 "fields": {
  "nombre": "YATYTAY",
  "departamento": 7,
  "habilitado": true
 }
},
{
 "model": "pacientes.distrito",
 "pk": 225,
 "fields": {
  "nombre": "YBY PYTA",
  "departamento": 14,
  "habilitado": true
 }
},
{
 "model": "pacientes.distrito",
 "pk": 8,
 "fields": {
  "nombre": "YBY YAU",
  "departamento": 1,
  "habilitado": true
 }
},
{
 "model": "pacientes.distrito",
 "pk": 152,
 "fields": {
  "nombre": "YBYCUI",
  "departamento": 9,
  "habilitado": true
 }
},
{
 "model": "pacientes.distrito",
 "pk": 224,
 "fields": {
  "nombre": "YBYRAROVANA",
  "departamento": 14,
  "habilitado": true
 }
},
{
 "model": "pacientes.distrito",
 "pk": 153,
 "fields": {
  "nombre": "YBYTYMI",
  "departamento": 9,
  "habilitado": true
 }
},
{
 "model": "pacientes.distrito",
 "pk": 173,
 "fields": {
  "nombre": "YGUAZU",
  "departamento": 10,
  "habilitado": true
 }
},
{
 "model": "pacientes.distrito",
 "pk": 85,
 "fields": {
  "nombre": "YHU",
  "departamento": 5,
  "habilitado": true
 }
},
{
 "model": "pacientes.distrito",
 "pk": 188,
 "fields": {
  "nombre": "YPACARAI",
  "departamento": 11,
  "habilitado": true
 }
},
{
 "model": "pacientes.distrito",
 "pk": 186,
 "fields": {
  "nombre": "YPANE",
  "departamento": 11,
  "habilitado": true
 }
},
{
 "model": "pacientes.distrito",
 "pk": 223,
 "fields": {
  "nombre": "YPEJHU",
  "departamento": 14,
  "habilitado": true
 }
},
{
 "model": "pacientes.distrito",
 "pk": 27,
 "fields": {
  "nombre": "YRYBUCUA",
  "departamento": 2,
  "habilitado": true
 }
},
{
 "model": "pacientes.distrito",
 "pk": 97,
 "fields": {
  "nombre": "YUTY",
  "departamento": 6,
  "habilitado": true
 }
}

,
{
 "model": "pacientes.barrio",
 "pk": 422,
 "fields": {
  "nombre": "12 DE JUNIO",
  "distrito": 26,
  "habilitado": true
 }
},
{
 "model": "pacientes.barrio",
 "pk": 633,
 "fields": {
  "nombre": "12 DE JUNIO",
  "distrito": 67,
  "habilitado": true
 }
},
{
 "model": "pacientes.barrio",
 "pk": 948,
 "fields": {
  "nombre": "12 DE OCTUBRE",
  "distrito": 196,
  "habilitado": true
 }
},
{
 "model": "pacientes.barrio",
 "pk": 1088,
 "fields": {
  "nombre": "14 DE MAYO",
  "distrito": 174,
  "habilitado": true
 }
},
{
 "model": "pacientes.barrio",
 "pk": 336,
 "fields": {
  "nombre": "14 DE MAYO",
  "distrito": 188,
  "habilitado": true
 }
},
{
 "model": "pacientes.barrio",
 "pk": 423,
 "fields": {
  "nombre": "16 DE JULIO",
  "distrito": 26,
  "habilitado": true
 }
},
{
 "model": "pacientes.barrio",
 "pk": 629,
 "fields": {
  "nombre": "1\u00ba DE MARZO",
  "distrito": 67,
  "habilitado": true
 }
},
{
 "model": "pacientes.barrio",
 "pk": 688,
 "fields": {
  "nombre": "1\u00ba LINEA BALANZA",
  "distrito": 68,
  "habilitado": true
 }
},
{
 "model": "pacientes.barrio",
 "pk": 1029,
 "fields": {
  "nombre": "1RO. DE MARZO",
  "distrito": 217,
  "habilitado": true
 }
},
{
 "model": "pacientes.barrio",
 "pk": 390,
 "fields": {
  "nombre": "2 DE MAYO",
  "distrito": 194,
  "habilitado": true
 }
},
{
 "model": "pacientes.barrio",
 "pk": 555,
 "fields": {
  "nombre": "21 DE JULIO",
  "distrito": 47,
  "habilitado": true
 }
},
{
 "model": "pacientes.barrio",
 "pk": 434,
 "fields": {
  "nombre": "25 DE DICIEMBRE",
  "distrito": 26,
  "habilitado": true
 }
},
{
 "model": "pacientes.barrio",
 "pk": 290,
 "fields": {
  "nombre": "29 DE SEPTIEMBRE",
  "distrito": 181,
  "habilitado": true
 }
},
{
 "model": "pacientes.barrio",
 "pk": 661,
 "fields": {
  "nombre": "2DA LINEA",
  "distrito": 68,
  "habilitado": true
 }
},
{
 "model": "pacientes.barrio",
 "pk": 689,
 "fields": {
  "nombre": "2\u00ba LINEA BALANZA",
  "distrito": 68,
  "habilitado": true
 }
},
{
 "model": "pacientes.barrio",
 "pk": 291,
 "fields": {
  "nombre": "3 BOCAS",
  "distrito": 181,
  "habilitado": true
 }
},
{
 "model": "pacientes.barrio",
 "pk": 872,
 "fields": {
  "nombre": "3 DE MAYO",
  "distrito": 135,
  "habilitado": true
 }
},
{
 "model": "pacientes.barrio",
 "pk": 1094,
 "fields": {
  "nombre": "3 DE MAYO",
  "distrito": 184,
  "habilitado": true
 }
},
{
 "model": "pacientes.barrio",
 "pk": 703,
 "fields": {
  "nombre": "3 DE MAYO",
  "distrito": 71,
  "habilitado": true
 }
},
{
 "model": "pacientes.barrio",
 "pk": 595,
 "fields": {
  "nombre": "3 DE NOVIEMBRE",
  "distrito": 63,
  "habilitado": true
 }
},
{
 "model": "pacientes.barrio",
 "pk": 667,
 "fields": {
  "nombre": "3\u00ba LINEA AGUA",
  "distrito": 68,
  "habilitado": true
 }
},
{
 "model": "pacientes.barrio",
 "pk": 690,
 "fields": {
  "nombre": "3\u00ba LINEA BALANZA",
  "distrito": 68,
  "habilitado": true
 }
},
{
 "model": "pacientes.barrio",
 "pk": 506,
 "fields": {
  "nombre": "4 DE JULIO",
  "distrito": 42,
  "habilitado": true
 }
},
{
 "model": "pacientes.barrio",
 "pk": 669,
 "fields": {
  "nombre": "4\u00ba LINEA AGUA",
  "distrito": 68,
  "habilitado": true
 }
},
{
 "model": "pacientes.barrio",
 "pk": 691,
 "fields": {
  "nombre": "4\u00ba LINEA BALANZA",
  "distrito": 68,
  "habilitado": true
 }
},
{
 "model": "pacientes.barrio",
 "pk": 665,
 "fields": {
  "nombre": "5 Y 6\u00ba LINEA AGUA",
  "distrito": 68,
  "habilitado": true
 }
},
{
 "model": "pacientes.barrio",
 "pk": 692,
 "fields": {
  "nombre": "5\u00ba LINEA BALANZA",
  "distrito": 68,
  "habilitado": true
 }
},
{
 "model": "pacientes.barrio",
 "pk": 416,
 "fields": {
  "nombre": "6 DE ENERO",
  "distrito": 26,
  "habilitado": true
 }
},
{
 "model": "pacientes.barrio",
 "pk": 312,
 "fields": {
  "nombre": "6 DE ENERO",
  "distrito": 192,
  "habilitado": true
 }
},
{
 "model": "pacientes.barrio",
 "pk": 1028,
 "fields": {
  "nombre": "7 MONTES",
  "distrito": 217,
  "habilitado": true
 }
},
{
 "model": "pacientes.barrio",
 "pk": 292,
 "fields": {
  "nombre": "8 DE DICIEMBRE",
  "distrito": 181,
  "habilitado": true
 }
},
{
 "model": "pacientes.barrio",
 "pk": 414,
 "fields": {
  "nombre": "8 DE DICIEMBRE",
  "distrito": 24,
  "habilitado": true
 }
},
{
 "model": "pacientes.barrio",
 "pk": 955,
 "fields": {
  "nombre": "8 DE DICIEMBRE",
  "distrito": 196,
  "habilitado": true
 }
},
{
 "model": "pacientes.barrio",
 "pk": 865,
 "fields": {
  "nombre": "ABAY",
  "distrito": 131,
  "habilitado": true
 }
},
{
 "model": "pacientes.barrio",
 "pk": 964,
 "fields": {
  "nombre": "ACEVEDO CUE",
  "distrito": 197,
  "habilitado": true
 }
},
{
 "model": "pacientes.barrio",
 "pk": 919,
 "fields": {
  "nombre": "ACHOTEI",
  "distrito": 148,
  "habilitado": true
 }
},
{
 "model": "pacientes.barrio",
 "pk": 273,
 "fields": {
  "nombre": "ACHUCARRO",
  "distrito": 187,
  "habilitado": true
 }
},
{
 "model": "pacientes.barrio",
 "pk": 272,
 "fields": {
  "nombre": "ACOSTA \u00d1U",
  "distrito": 187,
  "habilitado": true
 }
},
{
 "model": "pacientes.barrio",
 "pk": 227,
 "fields": {
  "nombre": "AGUAPEY",
  "distrito": 185,
  "habilitado": true
 }
},
{
 "model": "pacientes.barrio",
 "pk": 494,
 "fields": {
  "nombre": "AGUARAY",
  "distrito": 36,
  "habilitado": true
 }
},
{
 "model": "pacientes.barrio",
 "pk": 976,
 "fields": {
  "nombre": "ALARCON",
  "distrito": 205,
  "habilitado": true
 }
},
{
 "model": "pacientes.barrio",
 "pk": 1006,
 "fields": {
  "nombre": "ALARCON",
  "distrito": 199,
  "habilitado": true
 }
},
{
 "model": "pacientes.barrio",
 "pk": 761,
 "fields": {
  "nombre": "ALBARDON",
  "distrito": 110,
  "habilitado": true
 }
},
{
 "model": "pacientes.barrio",
 "pk": 297,
 "fields": {
  "nombre": "ALDAMA CA\u00d1ADA",
  "distrito": 192,
  "habilitado": true
 }
},
{
 "model": "pacientes.barrio",
 "pk": 207,
 "fields": {
  "nombre": "ALDANA CA\u00d1ADA",
  "distrito": 183,
  "habilitado": true
 }
},
{
 "model": "pacientes.barrio",
 "pk": 462,
 "fields": {
  "nombre": "ALEGRE",
  "distrito": 29,
  "habilitado": true
 }
},
{
 "model": "pacientes.barrio",
 "pk": 1089,
 "fields": {
  "nombre": "ALEXANDRINO",
  "distrito": 174,
  "habilitado": true
 }
},
{
 "model": "pacientes.barrio",
 "pk": 795,
 "fields": {
  "nombre": "ALTO JARDIN",
  "distrito": 112,
  "habilitado": true
 }
},
{
 "model": "pacientes.barrio",
 "pk": 935,
 "fields": {
  "nombre": "AMAMBAY",
  "distrito": 157,
  "habilitado": true
 }
},
{
 "model": "pacientes.barrio",
 "pk": 276,
 "fields": {
  "nombre": "AMANECER",
  "distrito": 187,
  "habilitado": true
 }
},
{
 "model": "pacientes.barrio",
 "pk": 1052,
 "fields": {
  "nombre": "AMISTAD",
  "distrito": 242,
  "habilitado": true
 }
},
{
 "model": "pacientes.barrio",
 "pk": 239,
 "fields": {
  "nombre": "ANAHI",
  "distrito": 185,
  "habilitado": true
 }
},
{
 "model": "pacientes.barrio",
 "pk": 164,
 "fields": {
  "nombre": "ANAHI",
  "distrito": 182,
  "habilitado": true
 }
},
{
 "model": "pacientes.barrio",
 "pk": 270,
 "fields": {
  "nombre": "ANTIGUA IMAGEN",
  "distrito": 187,
  "habilitado": true
 }
},
{
 "model": "pacientes.barrio",
 "pk": 567,
 "fields": {
  "nombre": "APARYPY",
  "distrito": 47,
  "habilitado": true
 }
},
{
 "model": "pacientes.barrio",
 "pk": 1007,
 "fields": {
  "nombre": "APIPE",
  "distrito": 204,
  "habilitado": true
 }
},
{
 "model": "pacientes.barrio",
 "pk": 734,
 "fields": {
  "nombre": "ARA POTY",
  "distrito": 108,
  "habilitado": true
 }
},
{
 "model": "pacientes.barrio",
 "pk": 248,
 "fields": {
  "nombre": "ARECAYA",
  "distrito": 186,
  "habilitado": true
 }
},
{
 "model": "pacientes.barrio",
 "pk": 757,
 "fields": {
  "nombre": "AREQUITA",
  "distrito": 110,
  "habilitado": true
 }
},
{
 "model": "pacientes.barrio",
 "pk": 681,
 "fields": {
  "nombre": "ARROYO GUAZU",
  "distrito": 68,
  "habilitado": true
 }
},
{
 "model": "pacientes.barrio",
 "pk": 755,
 "fields": {
  "nombre": "ARROYO ITA",
  "distrito": 110,
  "habilitado": true
 }
},
{
 "model": "pacientes.barrio",
 "pk": 684,
 "fields": {
  "nombre": "ARROYO MOROTI",
  "distrito": 68,
  "habilitado": true
 }
},
{
 "model": "pacientes.barrio",
 "pk": 582,
 "fields": {
  "nombre": "ARROYO MOROTI",
  "distrito": 63,
  "habilitado": true
 }
},
{
 "model": "pacientes.barrio",
 "pk": 493,
 "fields": {
  "nombre": "ARROYO PORA",
  "distrito": 36,
  "habilitado": true
 }
},
{
 "model": "pacientes.barrio",
 "pk": 296,
 "fields": {
  "nombre": "ARROYO SECO",
  "distrito": 181,
  "habilitado": true
 }
},
{
 "model": "pacientes.barrio",
 "pk": 909,
 "fields": {
  "nombre": "ARROYO SERVIN",
  "distrito": 147,
  "habilitado": true
 }
},
{
 "model": "pacientes.barrio",
 "pk": 678,
 "fields": {
  "nombre": "ARROYO TERERE",
  "distrito": 68,
  "habilitado": true
 }
},
{
 "model": "pacientes.barrio",
 "pk": 841,
 "fields": {
  "nombre": "ARROYO VERDE",
  "distrito": 131,
  "habilitado": true
 }
},
{
 "model": "pacientes.barrio",
 "pk": 788,
 "fields": {
  "nombre": "ARROYO YACAREY",
  "distrito": 111,
  "habilitado": true
 }
},
{
 "model": "pacientes.barrio",
 "pk": 346,
 "fields": {
  "nombre": "ARRUA-I",
  "distrito": 191,
  "habilitado": true
 }
},
{
 "model": "pacientes.barrio",
 "pk": 984,
 "fields": {
  "nombre": "ASENTAMIENTO 3 CORONA",
  "distrito": 205,
  "habilitado": true
 }
},
{
 "model": "pacientes.barrio",
 "pk": 873,
 "fields": {
  "nombre": "ASUNCION",
  "distrito": 139,
  "habilitado": true
 }
},
{
 "model": "pacientes.barrio",
 "pk": 242,
 "fields": {
  "nombre": "AURORA",
  "distrito": 185,
  "habilitado": true
 }
},
{
 "model": "pacientes.barrio",
 "pk": 183,
 "fields": {
  "nombre": "AUTORA",
  "distrito": 183,
  "habilitado": true
 }
},
{
 "model": "pacientes.barrio",
 "pk": 354,
 "fields": {
  "nombre": "AVEIRO",
  "distrito": 191,
  "habilitado": true
 }
},
{
 "model": "pacientes.barrio",
 "pk": 1013,
 "fields": {
  "nombre": "AVIACION ",
  "distrito": 213,
  "habilitado": true
 }
},
{
 "model": "pacientes.barrio",
 "pk": 907,
 "fields": {
  "nombre": "AZCURRA",
  "distrito": 147,
  "habilitado": true
 }
},
{
 "model": "pacientes.barrio",
 "pk": 626,
 "fields": {
  "nombre": "AZUCENA",
  "distrito": 67,
  "habilitado": true
 }
},
{
 "model": "pacientes.barrio",
 "pk": 658,
 "fields": {
  "nombre": "BAEZ \u00d1U",
  "distrito": 68,
  "habilitado": true
 }
},
{
 "model": "pacientes.barrio",
 "pk": 184,
 "fields": {
  "nombre": "BALNEARIO",
  "distrito": 183,
  "habilitado": true
 }
},
{
 "model": "pacientes.barrio",
 "pk": 49,
 "fields": {
  "nombre": "BANCO SAN MIGUEL",
  "distrito": 1,
  "habilitado": true
 }
},
{
 "model": "pacientes.barrio",
 "pk": 3,
 "fields": {
  "nombre": "BA\u00d1ADO SANTA ANA",
  "distrito": 1,
  "habilitado": true
 }
},
{
 "model": "pacientes.barrio",
 "pk": 8,
 "fields": {
  "nombre": "BA\u00d1ADO TACUMBU",
  "distrito": 1,
  "habilitado": true
 }
},
{
 "model": "pacientes.barrio",
 "pk": 146,
 "fields": {
  "nombre": "BARCEQUILLO",
  "distrito": 182,
  "habilitado": true
 }
},
{
 "model": "pacientes.barrio",
 "pk": 731,
 "fields": {
  "nombre": "BARRERO \u00d1U",
  "distrito": 109,
  "habilitado": true
 }
},
{
 "model": "pacientes.barrio",
 "pk": 435,
 "fields": {
  "nombre": "BARRERO PYTA",
  "distrito": 26,
  "habilitado": true
 }
},
{
 "model": "pacientes.barrio",
 "pk": 324,
 "fields": {
  "nombre": "BARRIO SAN FRANCISCO",
  "distrito": 188,
  "habilitado": true
 }
},
{
 "model": "pacientes.barrio",
 "pk": 985,
 "fields": {
  "nombre": "BELEN",
  "distrito": 208,
  "habilitado": true
 }
},
{
 "model": "pacientes.barrio",
 "pk": 1061,
 "fields": {
  "nombre": "BELLA VISTA",
  "distrito": 174,
  "habilitado": true
 }
},
{
 "model": "pacientes.barrio",
 "pk": 53,
 "fields": {
  "nombre": "BELLA VISTA",
  "distrito": 1,
  "habilitado": true
 }
},
{
 "model": "pacientes.barrio",
 "pk": 1084,
 "fields": {
  "nombre": "BELLA VISTA",
  "distrito": 101,
  "habilitado": true
 }
},
{
 "model": "pacientes.barrio",
 "pk": 646,
 "fields": {
  "nombre": "BERNARDINO CABALLERO",
  "distrito": 68,
  "habilitado": true
 }
},
{
 "model": "pacientes.barrio",
 "pk": 170,
 "fields": {
  "nombre": "BERNARDINO CABALLERO",
  "distrito": 179,
  "habilitado": true
 }
},
{
 "model": "pacientes.barrio",
 "pk": 1037,
 "fields": {
  "nombre": "BETERETE CUE",
  "distrito": 228,
  "habilitado": true
 }
},
{
 "model": "pacientes.barrio",
 "pk": 766,
 "fields": {
  "nombre": "BOBI PUKU",
  "distrito": 110,
  "habilitado": true
 }
},
{
 "model": "pacientes.barrio",
 "pk": 1000,
 "fields": {
  "nombre": "BOQUERON",
  "distrito": 203,
  "habilitado": true
 }
},
{
 "model": "pacientes.barrio",
 "pk": 931,
 "fields": {
  "nombre": "BOQUERON",
  "distrito": 157,
  "habilitado": true
 }
},
{
 "model": "pacientes.barrio",
 "pk": 65,
 "fields": {
  "nombre": "BOTANICA",
  "distrito": 1,
  "habilitado": true
 }
},
{
 "model": "pacientes.barrio",
 "pk": 696,
 "fields": {
  "nombre": "BRASILERO CUE",
  "distrito": 68,
  "habilitado": true
 }
},
{
 "model": "pacientes.barrio",
 "pk": 715,
 "fields": {
  "nombre": "BRISAS DE CAAZAPA",
  "distrito": 89,
  "habilitado": true
 }
},
{
 "model": "pacientes.barrio",
 "pk": 1059,
 "fields": {
  "nombre": "BUEN JESUS",
  "distrito": 174,
  "habilitado": true
 }
},
{
 "model": "pacientes.barrio",
 "pk": 759,
 "fields": {
  "nombre": "BUENA VISTA",
  "distrito": 110,
  "habilitado": true
 }
},
{
 "model": "pacientes.barrio",
 "pk": 463,
 "fields": {
  "nombre": "BUENA VISTA",
  "distrito": 29,
  "habilitado": true
 }
},
{
 "model": "pacientes.barrio",
 "pk": 832,
 "fields": {
  "nombre": "CAACUPE",
  "distrito": 131,
  "habilitado": true
 }
},
{
 "model": "pacientes.barrio",
 "pk": 492,
 "fields": {
  "nombre": "CAACUPE-I",
  "distrito": 36,
  "habilitado": true
 }
},
{
 "model": "pacientes.barrio",
 "pk": 454,
 "fields": {
  "nombre": "CAACUPEMI",
  "distrito": 29,
  "habilitado": true
 }
},
{
 "model": "pacientes.barrio",
 "pk": 71,
 "fields": {
  "nombre": "CAACUPEMI",
  "distrito": 177,
  "habilitado": true
 }
},
{
 "model": "pacientes.barrio",
 "pk": 194,
 "fields": {
  "nombre": "CAACUPEMI",
  "distrito": 183,
  "habilitado": true
 }
},
{
 "model": "pacientes.barrio",
 "pk": 484,
 "fields": {
  "nombre": "CAACUPEMI",
  "distrito": 32,
  "habilitado": true
 }
},
{
 "model": "pacientes.barrio",
 "pk": 259,
 "fields": {
  "nombre": "CAACUPEMI",
  "distrito": 186,
  "habilitado": true
 }
},
{
 "model": "pacientes.barrio",
 "pk": 216,
 "fields": {
  "nombre": "CAAGUAZU",
  "distrito": 180,
  "habilitado": true
 }
},
{
 "model": "pacientes.barrio",
 "pk": 355,
 "fields": {
  "nombre": "CAAGUAZU",
  "distrito": 191,
  "habilitado": true
 }
},
{
 "model": "pacientes.barrio",
 "pk": 249,
 "fields": {
  "nombre": "CAAGUY-CUPE",
  "distrito": 186,
  "habilitado": true
 }
},
{
 "model": "pacientes.barrio",
 "pk": 895,
 "fields": {
  "nombre": "CAAPUCUM\u00cd",
  "distrito": 142,
  "habilitado": true
 }
},
{
 "model": "pacientes.barrio",
 "pk": 900,
 "fields": {
  "nombre": "CAATYMI",
  "distrito": 156,
  "habilitado": true
 }
},
{
 "model": "pacientes.barrio",
 "pk": 890,
 "fields": {
  "nombre": "CAAZAPA",
  "distrito": 142,
  "habilitado": true
 }
},
{
 "model": "pacientes.barrio",
 "pk": 975,
 "fields": {
  "nombre": "CABRERA CUE",
  "distrito": 205,
  "habilitado": true
 }
},
{
 "model": "pacientes.barrio",
 "pk": 677,
 "fields": {
  "nombre": "CACHIMBO",
  "distrito": 68,
  "habilitado": true
 }
},
{
 "model": "pacientes.barrio",
 "pk": 809,
 "fields": {
  "nombre": "CAGUARENE",
  "distrito": 112,
  "habilitado": true
 }
},
{
 "model": "pacientes.barrio",
 "pk": 868,
 "fields": {
  "nombre": "CAJES CUE",
  "distrito": 131,
  "habilitado": true
 }
},
{
 "model": "pacientes.barrio",
 "pk": 887,
 "fields": {
  "nombre": "CALIXTRO",
  "distrito": 142,
  "habilitado": true
 }
},
{
 "model": "pacientes.barrio",
 "pk": 119,
 "fields": {
  "nombre": "CALLE-I",
  "distrito": 182,
  "habilitado": true
 }
},
{
 "model": "pacientes.barrio",
 "pk": 686,
 "fields": {
  "nombre": "CALLE 8 DE DICIEMBRE",
  "distrito": 68,
  "habilitado": true
 }
},
{
 "model": "pacientes.barrio",
 "pk": 421,
 "fields": {
  "nombre": "CALLE COLORADO",
  "distrito": 26,
  "habilitado": true
 }
},
{
 "model": "pacientes.barrio",
 "pk": 632,
 "fields": {
  "nombre": "CALLE HOVY",
  "distrito": 67,
  "habilitado": true
 }
},
{
 "model": "pacientes.barrio",
 "pk": 666,
 "fields": {
  "nombre": "CALLE INFANTIL",
  "distrito": 68,
  "habilitado": true
 }
},
{
 "model": "pacientes.barrio",
 "pk": 351,
 "fields": {
  "nombre": "CALLE POI",
  "distrito": 191,
  "habilitado": true
 }
},
{
 "model": "pacientes.barrio",
 "pk": 660,
 "fields": {
  "nombre": "CALLE SAN MIGUIEL",
  "distrito": 68,
  "habilitado": true
 }
},
{
 "model": "pacientes.barrio",
 "pk": 662,
 "fields": {
  "nombre": "CALLE SAN PEDRO",
  "distrito": 68,
  "habilitado": true
 }
},
{
 "model": "pacientes.barrio",
 "pk": 350,
 "fields": {
  "nombre": "CALLE YBATE",
  "distrito": 191,
  "habilitado": true
 }
},
{
 "model": "pacientes.barrio",
 "pk": 958,
 "fields": {
  "nombre": "CAMBACUA",
  "distrito": 196,
  "habilitado": true
 }
},
{
 "model": "pacientes.barrio",
 "pk": 1004,
 "fields": {
  "nombre": "CAMBACUA CENTRO",
  "distrito": 203,
  "habilitado": true
 }
},
{
 "model": "pacientes.barrio",
 "pk": 1002,
 "fields": {
  "nombre": "CAMBACUA PARAISO",
  "distrito": 203,
  "habilitado": true
 }
},
{
 "model": "pacientes.barrio",
 "pk": 765,
 "fields": {
  "nombre": "CAMBAY",
  "distrito": 110,
  "habilitado": true
 }
},
{
 "model": "pacientes.barrio",
 "pk": 543,
 "fields": {
  "nombre": "CAMPICHUELO",
  "distrito": 46,
  "habilitado": true
 }
},
{
 "model": "pacientes.barrio",
 "pk": 1090,
 "fields": {
  "nombre": "CAMPI\u00d1AS VERDES",
  "distrito": 174,
  "habilitado": true
 }
},
{
 "model": "pacientes.barrio",
 "pk": 1045,
 "fields": {
  "nombre": "CAMPO ACEVAL ",
  "distrito": 233,
  "habilitado": true
 }
},
{
 "model": "pacientes.barrio",
 "pk": 808,
 "fields": {
  "nombre": "CAMPO ANGEL",
  "distrito": 112,
  "habilitado": true
 }
},
{
 "model": "pacientes.barrio",
 "pk": 87,
 "fields": {
  "nombre": "CAMPO GRANDE",
  "distrito": 184,
  "habilitado": true
 }
},
{
 "model": "pacientes.barrio",
 "pk": 89,
 "fields": {
  "nombre": "CAMPO GRANDE",
  "distrito": 184,
  "habilitado": true
 }
},
{
 "model": "pacientes.barrio",
 "pk": 189,
 "fields": {
  "nombre": "CAMPO VERDE",
  "distrito": 183,
  "habilitado": true
 }
},
{
 "model": "pacientes.barrio",
 "pk": 601,
 "fields": {
  "nombre": "CANDEA-MI",
  "distrito": 58,
  "habilitado": true
 }
},
{
 "model": "pacientes.barrio",
 "pk": 602,
 "fields": {
  "nombre": "CANDEA GUAZU",
  "distrito": 58,
  "habilitado": true
 }
},
{
 "model": "pacientes.barrio",
 "pk": 478,
 "fields": {
  "nombre": "CANDIA",
  "distrito": 32,
  "habilitado": true
 }
},
{
 "model": "pacientes.barrio",
 "pk": 487,
 "fields": {
  "nombre": "CANDIA LOMA",
  "distrito": 32,
  "habilitado": true
 }
},
{
 "model": "pacientes.barrio",
 "pk": 507,
 "fields": {
  "nombre": "CA\u00d1ADA",
  "distrito": 42,
  "habilitado": true
 }
},
{
 "model": "pacientes.barrio",
 "pk": 415,
 "fields": {
  "nombre": "CA\u00d1ADA DE LOURDES",
  "distrito": 24,
  "habilitado": true
 }
},
{
 "model": "pacientes.barrio",
 "pk": 55,
 "fields": {
  "nombre": "CA\u00d1ADA DEL YBARAY",
  "distrito": 1,
  "habilitado": true
 }
},
{
 "model": "pacientes.barrio",
 "pk": 104,
 "fields": {
  "nombre": "CA\u00d1ADA GARAY",
  "distrito": 184,
  "habilitado": true
 }
},
{
 "model": "pacientes.barrio",
 "pk": 379,
 "fields": {
  "nombre": "CA\u00d1ADA SAN MIGUEL",
  "distrito": 178,
  "habilitado": true
 }
},
{
 "model": "pacientes.barrio",
 "pk": 92,
 "fields": {
  "nombre": "CA\u00d1ADA SAN RAFAEL",
  "distrito": 184,
  "habilitado": true
 }
},
{
 "model": "pacientes.barrio",
 "pk": 310,
 "fields": {
  "nombre": "CA\u00d1ADITA",
  "distrito": 192,
  "habilitado": true
 }
},
{
 "model": "pacientes.barrio",
 "pk": 226,
 "fields": {
  "nombre": "CA\u00d1ADITA",
  "distrito": 180,
  "habilitado": true
 }
},
{
 "model": "pacientes.barrio",
 "pk": 889,
 "fields": {
  "nombre": "CA\u00d1ETECUE",
  "distrito": 142,
  "habilitado": true
 }
},
{
 "model": "pacientes.barrio",
 "pk": 847,
 "fields": {
  "nombre": "CAPIATI",
  "distrito": 131,
  "habilitado": true
 }
},
{
 "model": "pacientes.barrio",
 "pk": 586,
 "fields": {
  "nombre": "CAPII",
  "distrito": 63,
  "habilitado": true
 }
},
{
 "model": "pacientes.barrio",
 "pk": 508,
 "fields": {
  "nombre": "CAPILLA CUE",
  "distrito": 42,
  "habilitado": true
 }
},
{
 "model": "pacientes.barrio",
 "pk": 160,
 "fields": {
  "nombre": "CAPILLA DEL MONTE",
  "distrito": 182,
  "habilitado": true
 }
},
{
 "model": "pacientes.barrio",
 "pk": 876,
 "fields": {
  "nombre": "CAPILLA TUYA",
  "distrito": 141,
  "habilitado": true
 }
},
{
 "model": "pacientes.barrio",
 "pk": 877,
 "fields": {
  "nombre": "CAPILLITA",
  "distrito": 141,
  "habilitado": true
 }
},
{
 "model": "pacientes.barrio",
 "pk": 607,
 "fields": {
  "nombre": "CAPITAN BRIZUELA",
  "distrito": 58,
  "habilitado": true
 }
},
{
 "model": "pacientes.barrio",
 "pk": 679,
 "fields": {
  "nombre": "CAPITAN CUE",
  "distrito": 68,
  "habilitado": true
 }
},
{
 "model": "pacientes.barrio",
 "pk": 630,
 "fields": {
  "nombre": "CAPITAN ROA",
  "distrito": 67,
  "habilitado": true
 }
},
{
 "model": "pacientes.barrio",
 "pk": 617,
 "fields": {
  "nombre": "CAPITAN SAMUDIO",
  "distrito": 60,
  "habilitado": true
 }
},
{
 "model": "pacientes.barrio",
 "pk": 356,
 "fields": {
  "nombre": "CARAGUATAITY",
  "distrito": 191,
  "habilitado": true
 }
},
{
 "model": "pacientes.barrio",
 "pk": 811,
 "fields": {
  "nombre": "CARAGUATAY",
  "distrito": 124,
  "habilitado": true
 }
},
{
 "model": "pacientes.barrio",
 "pk": 623,
 "fields": {
  "nombre": "CARANDAYTY ",
  "distrito": 60,
  "habilitado": true
 }
},
{
 "model": "pacientes.barrio",
 "pk": 488,
 "fields": {
  "nombre": "CARUMBEY",
  "distrito": 32,
  "habilitado": true
 }
},
{
 "model": "pacientes.barrio",
 "pk": 16,
 "fields": {
  "nombre": "CATEDRAL",
  "distrito": 1,
  "habilitado": true
 }
},
{
 "model": "pacientes.barrio",
 "pk": 934,
 "fields": {
  "nombre": "CATEDRAL",
  "distrito": 157,
  "habilitado": true
 }
},
{
 "model": "pacientes.barrio",
 "pk": 489,
 "fields": {
  "nombre": "CAUGUA",
  "distrito": 32,
  "habilitado": true
 }
},
{
 "model": "pacientes.barrio",
 "pk": 643,
 "fields": {
  "nombre": "CENTENARIO",
  "distrito": 68,
  "habilitado": true
 }
},
{
 "model": "pacientes.barrio",
 "pk": 246,
 "fields": {
  "nombre": "CENTRAL",
  "distrito": 186,
  "habilitado": true
 }
},
{
 "model": "pacientes.barrio",
 "pk": 802,
 "fields": {
  "nombre": "CENTRAL",
  "distrito": 112,
  "habilitado": true
 }
},
{
 "model": "pacientes.barrio",
 "pk": 1039,
 "fields": {
  "nombre": "CENTRAL",
  "distrito": 231,
  "habilitado": true
 }
},
{
 "model": "pacientes.barrio",
 "pk": 625,
 "fields": {
  "nombre": "CENTRO",
  "distrito": 67,
  "habilitado": true
 }
},
{
 "model": "pacientes.barrio",
 "pk": 572,
 "fields": {
  "nombre": "CENTRO",
  "distrito": 49,
  "habilitado": true
 }
},
{
 "model": "pacientes.barrio",
 "pk": 179,
 "fields": {
  "nombre": "CENTRO",
  "distrito": 179,
  "habilitado": true
 }
},
{
 "model": "pacientes.barrio",
 "pk": 718,
 "fields": {
  "nombre": "CENTRO",
  "distrito": 99,
  "habilitado": true
 }
},
{
 "model": "pacientes.barrio",
 "pk": 1055,
 "fields": {
  "nombre": "CENTRO",
  "distrito": 247,
  "habilitado": true
 }
},
{
 "model": "pacientes.barrio",
 "pk": 281,
 "fields": {
  "nombre": "CENTRO",
  "distrito": 181,
  "habilitado": true
 }
},
{
 "model": "pacientes.barrio",
 "pk": 642,
 "fields": {
  "nombre": "CENTRO",
  "distrito": 68,
  "habilitado": true
 }
},
{
 "model": "pacientes.barrio",
 "pk": 443,
 "fields": {
  "nombre": "CENTRO",
  "distrito": 29,
  "habilitado": true
 }
},
{
 "model": "pacientes.barrio",
 "pk": 807,
 "fields": {
  "nombre": "CENTRO URBANO",
  "distrito": 112,
  "habilitado": true
 }
},
{
 "model": "pacientes.barrio",
 "pk": 328,
 "fields": {
  "nombre": "CERRADO PILAR DEL ESTE",
  "distrito": 188,
  "habilitado": true
 }
},
{
 "model": "pacientes.barrio",
 "pk": 329,
 "fields": {
  "nombre": "CERRADO SAN DIEGO",
  "distrito": 188,
  "habilitado": true
 }
},
{
 "model": "pacientes.barrio",
 "pk": 274,
 "fields": {
  "nombre": "CERRITO",
  "distrito": 187,
  "habilitado": true
 }
},
{
 "model": "pacientes.barrio",
 "pk": 215,
 "fields": {
  "nombre": "CERRITO",
  "distrito": 180,
  "habilitado": true
 }
},
{
 "model": "pacientes.barrio",
 "pk": 1024,
 "fields": {
  "nombre": "CERRITO",
  "distrito": 217,
  "habilitado": true
 }
},
{
 "model": "pacientes.barrio",
 "pk": 897,
 "fields": {
  "nombre": "CERRITO",
  "distrito": 142,
  "habilitado": true
 }
},
{
 "model": "pacientes.barrio",
 "pk": 209,
 "fields": {
  "nombre": "CERRITO",
  "distrito": 183,
  "habilitado": true
 }
},
{
 "model": "pacientes.barrio",
 "pk": 794,
 "fields": {
  "nombre": "CERRO CORA",
  "distrito": 112,
  "habilitado": true
 }
},
{
 "model": "pacientes.barrio",
 "pk": 360,
 "fields": {
  "nombre": "CERRO CORA",
  "distrito": 191,
  "habilitado": true
 }
},
{
 "model": "pacientes.barrio",
 "pk": 378,
 "fields": {
  "nombre": "CERRO CORA",
  "distrito": 178,
  "habilitado": true
 }
},
{
 "model": "pacientes.barrio",
 "pk": 569,
 "fields": {
  "nombre": "CERRO CORA",
  "distrito": 47,
  "habilitado": true
 }
},
{
 "model": "pacientes.barrio",
 "pk": 911,
 "fields": {
  "nombre": "CERRO LEON",
  "distrito": 147,
  "habilitado": true
 }
},
{
 "model": "pacientes.barrio",
 "pk": 888,
 "fields": {
  "nombre": "CERRO PE",
  "distrito": 142,
  "habilitado": true
 }
},
{
 "model": "pacientes.barrio",
 "pk": 886,
 "fields": {
  "nombre": "CERRO PINTO",
  "distrito": 142,
  "habilitado": true
 }
},
{
 "model": "pacientes.barrio",
 "pk": 464,
 "fields": {
  "nombre": "CERRO REAL",
  "distrito": 29,
  "habilitado": true
 }
},
{
 "model": "pacientes.barrio",
 "pk": 906,
 "fields": {
  "nombre": "CERRO VERA",
  "distrito": 147,
  "habilitado": true
 }
},
{
 "model": "pacientes.barrio",
 "pk": 1035,
 "fields": {
  "nombre": "CHACO-I",
  "distrito": 228,
  "habilitado": true
 }
},
{
 "model": "pacientes.barrio",
 "pk": 972,
 "fields": {
  "nombre": "CHAMIGUE",
  "distrito": 198,
  "habilitado": true
 }
},
{
 "model": "pacientes.barrio",
 "pk": 884,
 "fields": {
  "nombre": "CHARARA",
  "distrito": 141,
  "habilitado": true
 }
},
{
 "model": "pacientes.barrio",
 "pk": 509,
 "fields": {
  "nombre": "CHOLOLO",
  "distrito": 42,
  "habilitado": true
 }
},
{
 "model": "pacientes.barrio",
 "pk": 538,
 "fields": {
  "nombre": "CIERVO CUA",
  "distrito": 44,
  "habilitado": true
 }
},
{
 "model": "pacientes.barrio",
 "pk": 470,
 "fields": {
  "nombre": "CIUDAD NUEVA",
  "distrito": 29,
  "habilitado": true
 }
},
{
 "model": "pacientes.barrio",
 "pk": 23,
 "fields": {
  "nombre": "CIUDAD NUEVA",
  "distrito": 1,
  "habilitado": true
 }
},
{
 "model": "pacientes.barrio",
 "pk": 714,
 "fields": {
  "nombre": "CIUDAD NUEVA",
  "distrito": 89,
  "habilitado": true
 }
},
{
 "model": "pacientes.barrio",
 "pk": 222,
 "fields": {
  "nombre": "COCA COLA",
  "distrito": 180,
  "habilitado": true
 }
},
{
 "model": "pacientes.barrio",
 "pk": 80,
 "fields": {
  "nombre": "COCUE GUAZU",
  "distrito": 177,
  "habilitado": true
 }
},
{
 "model": "pacientes.barrio",
 "pk": 800,
 "fields": {
  "nombre": "COLINAS DEL SUR",
  "distrito": 112,
  "habilitado": true
 }
},
{
 "model": "pacientes.barrio",
 "pk": 1092,
 "fields": {
  "nombre": "COLOMBIA",
  "distrito": 109,
  "habilitado": true
 }
},
{
 "model": "pacientes.barrio",
 "pk": 724,
 "fields": {
  "nombre": "COLOMBIA",
  "distrito": 99,
  "habilitado": true
 }
},
{
 "model": "pacientes.barrio",
 "pk": 1034,
 "fields": {
  "nombre": "COLONIA BRITEZ CUE",
  "distrito": 216,
  "habilitado": true
 }
},
{
 "model": "pacientes.barrio",
 "pk": 565,
 "fields": {
  "nombre": "COLONIA CAPITAN PEDRO JUAN CABALLERO",
  "distrito": 47,
  "habilitado": true
 }
},
{
 "model": "pacientes.barrio",
 "pk": 881,
 "fields": {
  "nombre": "COLONIA CNEL. MONGELOS",
  "distrito": 141,
  "habilitado": true
 }
},
{
 "model": "pacientes.barrio",
 "pk": 1026,
 "fields": {
  "nombre": "COLONIA DURANGO",
  "distrito": 217,
  "habilitado": true
 }
},
{
 "model": "pacientes.barrio",
 "pk": 744,
 "fields": {
  "nombre": "COLONIA INDEPENDENCIA",
  "distrito": 110,
  "habilitado": true
 }
},
{
 "model": "pacientes.barrio",
 "pk": 725,
 "fields": {
  "nombre": "COLONIA INDEPENDENCIA",
  "distrito": 99,
  "habilitado": true
 }
},
{
 "model": "pacientes.barrio",
 "pk": 618,
 "fields": {
  "nombre": "COLONIA JORGE NAVILLE",
  "distrito": 60,
  "habilitado": true
 }
},
{
 "model": "pacientes.barrio",
 "pk": 230,
 "fields": {
  "nombre": "COLONIA JUAN DE SALAZAR",
  "distrito": 185,
  "habilitado": true
 }
},
{
 "model": "pacientes.barrio",
 "pk": 990,
 "fields": {
  "nombre": "COLONIA MBURICA",
  "distrito": 208,
  "habilitado": true
 }
},
{
 "model": "pacientes.barrio",
 "pk": 510,
 "fields": {
  "nombre": "COLONIA PIRARETA",
  "distrito": 42,
  "habilitado": true
 }
},
{
 "model": "pacientes.barrio",
 "pk": 839,
 "fields": {
  "nombre": "COLONIA REINSFELD",
  "distrito": 131,
  "habilitado": true
 }
},
{
 "model": "pacientes.barrio",
 "pk": 1030,
 "fields": {
  "nombre": "COLONIA SAN JUAN",
  "distrito": 218,
  "habilitado": true
 }
},
{
 "model": "pacientes.barrio",
 "pk": 317,
 "fields": {
  "nombre": "COLONIA THOMPSON",
  "distrito": 188,
  "habilitado": true
 }
},
{
 "model": "pacientes.barrio",
 "pk": 748,
 "fields": {
  "nombre": "COLONIA URUGUAYA",
  "distrito": 110,
  "habilitado": true
 }
},
{
 "model": "pacientes.barrio",
 "pk": 870,
 "fields": {
  "nombre": "COLONIA URUGUAYA",
  "distrito": 131,
  "habilitado": true
 }
},
{
 "model": "pacientes.barrio",
 "pk": 918,
 "fields": {
  "nombre": "COMANDANTE PERALTA",
  "distrito": 148,
  "habilitado": true
 }
},
{
 "model": "pacientes.barrio",
 "pk": 829,
 "fields": {
  "nombre": "CONAVI",
  "distrito": 131,
  "habilitado": true
 }
},
{
 "model": "pacientes.barrio",
 "pk": 325,
 "fields": {
  "nombre": "CONAVI",
  "distrito": 188,
  "habilitado": true
 }
},
{
 "model": "pacientes.barrio",
 "pk": 467,
 "fields": {
  "nombre": "CONAVI I",
  "distrito": 29,
  "habilitado": true
 }
},
{
 "model": "pacientes.barrio",
 "pk": 449,
 "fields": {
  "nombre": "CONAVI II",
  "distrito": 29,
  "habilitado": true
 }
},
{
 "model": "pacientes.barrio",
 "pk": 954,
 "fields": {
  "nombre": "CONAVI SUR",
  "distrito": 196,
  "habilitado": true
 }
},
{
 "model": "pacientes.barrio",
 "pk": 605,
 "fields": {
  "nombre": "CONCEPCION-MI",
  "distrito": 58,
  "habilitado": true
 }
},
{
 "model": "pacientes.barrio",
 "pk": 134,
 "fields": {
  "nombre": "CORAZON DE JESUS",
  "distrito": 182,
  "habilitado": true
 }
},
{
 "model": "pacientes.barrio",
 "pk": 612,
 "fields": {
  "nombre": "CORAZON DE JESUS",
  "distrito": 57,
  "habilitado": true
 }
},
{
 "model": "pacientes.barrio",
 "pk": 511,
 "fields": {
  "nombre": "CORDILLERA",
  "distrito": 42,
  "habilitado": true
 }
},
{
 "model": "pacientes.barrio",
 "pk": 247,
 "fields": {
  "nombre": "CORUMBA-CUE",
  "distrito": 186,
  "habilitado": true
 }
},
{
 "model": "pacientes.barrio",
 "pk": 648,
 "fields": {
  "nombre": "COSTA",
  "distrito": 68,
  "habilitado": true
 }
},
{
 "model": "pacientes.barrio",
 "pk": 627,
 "fields": {
  "nombre": "COSTA ALEGRE",
  "distrito": 67,
  "habilitado": true
 }
},
{
 "model": "pacientes.barrio",
 "pk": 562,
 "fields": {
  "nombre": "COSTA ALEGRE",
  "distrito": 47,
  "habilitado": true
 }
},
{
 "model": "pacientes.barrio",
 "pk": 600,
 "fields": {
  "nombre": "COSTA ALEGRE",
  "distrito": 58,
  "habilitado": true
 }
},
{
 "model": "pacientes.barrio",
 "pk": 315,
 "fields": {
  "nombre": "COSTA ALEGRE",
  "distrito": 188,
  "habilitado": true
 }
},
{
 "model": "pacientes.barrio",
 "pk": 331,
 "fields": {
  "nombre": "COSTA ALEGRE",
  "distrito": 188,
  "habilitado": true
 }
},
{
 "model": "pacientes.barrio",
 "pk": 240,
 "fields": {
  "nombre": "COSTA AZUL",
  "distrito": 185,
  "habilitado": true
 }
},
{
 "model": "pacientes.barrio",
 "pk": 547,
 "fields": {
  "nombre": "COSTA ELENA",
  "distrito": 46,
  "habilitado": true
 }
},
{
 "model": "pacientes.barrio",
 "pk": 72,
 "fields": {
  "nombre": "COSTA FLEITAS",
  "distrito": 177,
  "habilitado": true
 }
},
{
 "model": "pacientes.barrio",
 "pk": 914,
 "fields": {
  "nombre": "COSTA GAONA I",
  "distrito": 148,
  "habilitado": true
 }
},
{
 "model": "pacientes.barrio",
 "pk": 915,
 "fields": {
  "nombre": "COSTA GAONA II",
  "distrito": 148,
  "habilitado": true
 }
},
{
 "model": "pacientes.barrio",
 "pk": 905,
 "fields": {
  "nombre": "COSTA HU",
  "distrito": 147,
  "habilitado": true
 }
},
{
 "model": "pacientes.barrio",
 "pk": 924,
 "fields": {
  "nombre": "COSTA HU-U",
  "distrito": 148,
  "habilitado": true
 }
},
{
 "model": "pacientes.barrio",
 "pk": 916,
 "fields": {
  "nombre": "COSTA IRALA",
  "distrito": 148,
  "habilitado": true
 }
},
{
 "model": "pacientes.barrio",
 "pk": 616,
 "fields": {
  "nombre": "COSTA MBOCAYATY",
  "distrito": 60,
  "habilitado": true
 }
},
{
 "model": "pacientes.barrio",
 "pk": 854,
 "fields": {
  "nombre": "COSTA PIRU",
  "distrito": 131,
  "habilitado": true
 }
},
{
 "model": "pacientes.barrio",
 "pk": 1003,
 "fields": {
  "nombre": "COSTA PUCU",
  "distrito": 203,
  "habilitado": true
 }
},
{
 "model": "pacientes.barrio",
 "pk": 855,
 "fields": {
  "nombre": "COSTA PUCU",
  "distrito": 131,
  "habilitado": true
 }
},
{
 "model": "pacientes.barrio",
 "pk": 198,
 "fields": {
  "nombre": "COSTA SALINARES",
  "distrito": 183,
  "habilitado": true
 }
},
{
 "model": "pacientes.barrio",
 "pk": 196,
 "fields": {
  "nombre": "COSTA SALINAS",
  "distrito": 183,
  "habilitado": true
 }
},
{
 "model": "pacientes.barrio",
 "pk": 93,
 "fields": {
  "nombre": "COSTA SOSA",
  "distrito": 184,
  "habilitado": true
 }
},
{
 "model": "pacientes.barrio",
 "pk": 828,
 "fields": {
  "nombre": "CRISTO REY",
  "distrito": 131,
  "habilitado": true
 }
},
{
 "model": "pacientes.barrio",
 "pk": 539,
 "fields": {
  "nombre": "CRISTOBAL COLON",
  "distrito": 44,
  "habilitado": true
 }
},
{
 "model": "pacientes.barrio",
 "pk": 631,
 "fields": {
  "nombre": "CRUCE",
  "distrito": 67,
  "habilitado": true
 }
},
{
 "model": "pacientes.barrio",
 "pk": 1047,
 "fields": {
  "nombre": "CRUCE BOQUERON ",
  "distrito": 233,
  "habilitado": true
 }
},
{
 "model": "pacientes.barrio",
 "pk": 1048,
 "fields": {
  "nombre": "CRUCE PIONEROS",
  "distrito": 233,
  "habilitado": true
 }
},
{
 "model": "pacientes.barrio",
 "pk": 1101,
 "fields": {
  "nombre": "CRUCE RAUL PE\u00d1A.",
  "distrito": 253,
  "habilitado": true
 }
},
{
 "model": "pacientes.barrio",
 "pk": 1087,
 "fields": {
  "nombre": "CRUCE SANTA LUCIA",
  "distrito": 174,
  "habilitado": true
 }
},
{
 "model": "pacientes.barrio",
 "pk": 86,
 "fields": {
  "nombre": "CUARTO BARRIO",
  "distrito": 184,
  "habilitado": true
 }
},
{
 "model": "pacientes.barrio",
 "pk": 260,
 "fields": {
  "nombre": "CUMBARITY",
  "distrito": 189,
  "habilitado": true
 }
},
{
 "model": "pacientes.barrio",
 "pk": 730,
 "fields": {
  "nombre": "CURUPAY",
  "distrito": 109,
  "habilitado": true
 }
},
{
 "model": "pacientes.barrio",
 "pk": 758,
 "fields": {
  "nombre": "CURUPAYTY",
  "distrito": 110,
  "habilitado": true
 }
},
{
 "model": "pacientes.barrio",
 "pk": 927,
 "fields": {
  "nombre": "CURUPAYTY",
  "distrito": 153,
  "habilitado": true
 }
},
{
 "model": "pacientes.barrio",
 "pk": 347,
 "fields": {
  "nombre": "CURUPICAYTY",
  "distrito": 191,
  "habilitado": true
 }
},
{
 "model": "pacientes.barrio",
 "pk": 587,
 "fields": {
  "nombre": "CURUZU",
  "distrito": 63,
  "habilitado": true
 }
},
{
 "model": "pacientes.barrio",
 "pk": 971,
 "fields": {
  "nombre": "CURUZU ABA ",
  "distrito": 198,
  "habilitado": true
 }
},
{
 "model": "pacientes.barrio",
 "pk": 254,
 "fields": {
  "nombre": "DEFENSORES DEL CHACO",
  "distrito": 186,
  "habilitado": true
 }
},
{
 "model": "pacientes.barrio",
 "pk": 14,
 "fields": {
  "nombre": "DOCTOR GASPAR RODRIGUEZ DE FRANCIA",
  "distrito": 1,
  "habilitado": true
 }
},
{
 "model": "pacientes.barrio",
 "pk": 171,
 "fields": {
  "nombre": "DOMINGO SAVIO",
  "distrito": 179,
  "habilitado": true
 }
},
{
 "model": "pacientes.barrio",
 "pk": 1098,
 "fields": {
  "nombre": "DON BOSCO",
  "distrito": 157,
  "habilitado": true
 }
},
{
 "model": "pacientes.barrio",
 "pk": 943,
 "fields": {
  "nombre": "DON BOSCO",
  "distrito": 166,
  "habilitado": true
 }
},
{
 "model": "pacientes.barrio",
 "pk": 995,
 "fields": {
  "nombre": "DUARTE CUE",
  "distrito": 201,
  "habilitado": true
 }
},
{
 "model": "pacientes.barrio",
 "pk": 611,
 "fields": {
  "nombre": "DULCE NOMBRE DE JESUS",
  "distrito": 57,
  "habilitado": true
 }
},
{
 "model": "pacientes.barrio",
 "pk": 738,
 "fields": {
  "nombre": "EDELIRA 20",
  "distrito": 108,
  "habilitado": true
 }
},
{
 "model": "pacientes.barrio",
 "pk": 739,
 "fields": {
  "nombre": "EDELIRA 28",
  "distrito": 108,
  "habilitado": true
 }
},
{
 "model": "pacientes.barrio",
 "pk": 737,
 "fields": {
  "nombre": "EDELIRA 49",
  "distrito": 108,
  "habilitado": true
 }
},
{
 "model": "pacientes.barrio",
 "pk": 740,
 "fields": {
  "nombre": "EDELIRA 54 BASE",
  "distrito": 108,
  "habilitado": true
 }
},
{
 "model": "pacientes.barrio",
 "pk": 736,
 "fields": {
  "nombre": "EDELIRA 70",
  "distrito": 108,
  "habilitado": true
 }
},
{
 "model": "pacientes.barrio",
 "pk": 652,
 "fields": {
  "nombre": "EMPALADO MI",
  "distrito": 68,
  "habilitado": true
 }
},
{
 "model": "pacientes.barrio",
 "pk": 682,
 "fields": {
  "nombre": "EMPALADO MI",
  "distrito": 68,
  "habilitado": true
 }
},
{
 "model": "pacientes.barrio",
 "pk": 645,
 "fields": {
  "nombre": "EMPALADOR ARI",
  "distrito": 68,
  "habilitado": true
 }
},
{
 "model": "pacientes.barrio",
 "pk": 563,
 "fields": {
  "nombre": "ENSENADA",
  "distrito": 47,
  "habilitado": true
 }
},
{
 "model": "pacientes.barrio",
 "pk": 892,
 "fields": {
  "nombre": "ESPARTILLAR",
  "distrito": 142,
  "habilitado": true
 }
},
{
 "model": "pacientes.barrio",
 "pk": 148,
 "fields": {
  "nombre": "ESPIRITU SANTO",
  "distrito": 182,
  "habilitado": true
 }
},
{
 "model": "pacientes.barrio",
 "pk": 1060,
 "fields": {
  "nombre": "ESQUINA GAUCHA",
  "distrito": 174,
  "habilitado": true
 }
},
{
 "model": "pacientes.barrio",
 "pk": 574,
 "fields": {
  "nombre": "ESTACION",
  "distrito": 49,
  "habilitado": true
 }
},
{
 "model": "pacientes.barrio",
 "pk": 172,
 "fields": {
  "nombre": "ESTANZUELA",
  "distrito": 179,
  "habilitado": true
 }
},
{
 "model": "pacientes.barrio",
 "pk": 963,
 "fields": {
  "nombre": "ESTERO CORA",
  "distrito": 197,
  "habilitado": true
 }
},
{
 "model": "pacientes.barrio",
 "pk": 789,
 "fields": {
  "nombre": "ESTERO PIRITY CORA",
  "distrito": 111,
  "habilitado": true
 }
},
{
 "model": "pacientes.barrio",
 "pk": 977,
 "fields": {
  "nombre": "ESTERO PUNTA",
  "distrito": 205,
  "habilitado": true
 }
},
{
 "model": "pacientes.barrio",
 "pk": 1097,
 "fields": {
  "nombre": "EUROPARQUE",
  "distrito": 174,
  "habilitado": true
 }
},
{
 "model": "pacientes.barrio",
 "pk": 676,
 "fields": {
  "nombre": "FINAGRAIN",
  "distrito": 68,
  "habilitado": true
 }
},
{
 "model": "pacientes.barrio",
 "pk": 140,
 "fields": {
  "nombre": "FLORIDA",
  "distrito": 182,
  "habilitado": true
 }
},
{
 "model": "pacientes.barrio",
 "pk": 1074,
 "fields": {
  "nombre": "FRACCION BIRNFELD",
  "distrito": 174,
  "habilitado": true
 }
},
{
 "model": "pacientes.barrio",
 "pk": 1073,
 "fields": {
  "nombre": "FRACCION BIRNFELD II",
  "distrito": 174,
  "habilitado": true
 }
},
{
 "model": "pacientes.barrio",
 "pk": 1104,
 "fields": {
  "nombre": "FRACCION BORR\u00c9",
  "distrito": 174,
  "habilitado": true
 }
},
{
 "model": "pacientes.barrio",
 "pk": 1081,
 "fields": {
  "nombre": "FRACCION DAPIEVE",
  "distrito": 174,
  "habilitado": true
 }
},
{
 "model": "pacientes.barrio",
 "pk": 1085,
 "fields": {
  "nombre": "FRACCION DEWES",
  "distrito": 174,
  "habilitado": true
 }
},
{
 "model": "pacientes.barrio",
 "pk": 1091,
 "fields": {
  "nombre": "FRACCION MOZART",
  "distrito": 174,
  "habilitado": true
 }
},
{
 "model": "pacientes.barrio",
 "pk": 1068,
 "fields": {
  "nombre": "FRACCION SCHULZ",
  "distrito": 174,
  "habilitado": true
 }
},
{
 "model": "pacientes.barrio",
 "pk": 1077,
 "fields": {
  "nombre": "FRACCION SCHULZ II",
  "distrito": 174,
  "habilitado": true
 }
},
{
 "model": "pacientes.barrio",
 "pk": 472,
 "fields": {
  "nombre": "FRANCISCO ACU\u00d1A DE FIGUEROA",
  "distrito": 30,
  "habilitado": true
 }
},
{
 "model": "pacientes.barrio",
 "pk": 982,
 "fields": {
  "nombre": "FUERTE CUE",
  "distrito": 205,
  "habilitado": true
 }
},
{
 "model": "pacientes.barrio",
 "pk": 898,
 "fields": {
  "nombre": "GENERAL AQUINO",
  "distrito": 143,
  "habilitado": true
 }
},
{
 "model": "pacientes.barrio",
 "pk": 481,
 "fields": {
  "nombre": "GENERAL BERNARDINO CABALLERO",
  "distrito": 32,
  "habilitado": true
 }
},
{
 "model": "pacientes.barrio",
 "pk": 46,
 "fields": {
  "nombre": "GENERAL CABALLERO",
  "distrito": 1,
  "habilitado": true
 }
},
{
 "model": "pacientes.barrio",
 "pk": 1012,
 "fields": {
  "nombre": "GENERAL DIAZ",
  "distrito": 212,
  "habilitado": true
 }
},
{
 "model": "pacientes.barrio",
 "pk": 17,
 "fields": {
  "nombre": "GENERAL DIAZ",
  "distrito": 1,
  "habilitado": true
 }
},
{
 "model": "pacientes.barrio",
 "pk": 471,
 "fields": {
  "nombre": "GENERAL DIAZ",
  "distrito": 29,
  "habilitado": true
 }
},
{
 "model": "pacientes.barrio",
 "pk": 294,
 "fields": {
  "nombre": "GLORIA MARIA",
  "distrito": 181,
  "habilitado": true
 }
},
{
 "model": "pacientes.barrio",
 "pk": 262,
 "fields": {
  "nombre": "GUASU CORA",
  "distrito": 189,
  "habilitado": true
 }
},
{
 "model": "pacientes.barrio",
 "pk": 860,
 "fields": {
  "nombre": "GUASU RAPE",
  "distrito": 131,
  "habilitado": true
 }
},
{
 "model": "pacientes.barrio",
 "pk": 424,
 "fields": {
  "nombre": "GUASU RETA",
  "distrito": 26,
  "habilitado": true
 }
},
{
 "model": "pacientes.barrio",
 "pk": 512,
 "fields": {
  "nombre": "GUASU ROKAI",
  "distrito": 42,
  "habilitado": true
 }
},
{
 "model": "pacientes.barrio",
 "pk": 300,
 "fields": {
  "nombre": "GUASU VIRA",
  "distrito": 192,
  "habilitado": true
 }
},
{
 "model": "pacientes.barrio",
 "pk": 437,
 "fields": {
  "nombre": "GUAVIRA",
  "distrito": 26,
  "habilitado": true
 }
},
{
 "model": "pacientes.barrio",
 "pk": 671,
 "fields": {
  "nombre": "GUAVIRA",
  "distrito": 68,
  "habilitado": true
 }
},
{
 "model": "pacientes.barrio",
 "pk": 926,
 "fields": {
  "nombre": "GUAYAIBITY",
  "distrito": 153,
  "habilitado": true
 }
},
{
 "model": "pacientes.barrio",
 "pk": 301,
 "fields": {
  "nombre": "GUAYAIVITY",
  "distrito": 192,
  "habilitado": true
 }
},
{
 "model": "pacientes.barrio",
 "pk": 657,
 "fields": {
  "nombre": "GUAYAKYKUA",
  "distrito": 68,
  "habilitado": true
 }
},
{
 "model": "pacientes.barrio",
 "pk": 659,
 "fields": {
  "nombre": "GUYRAUNGUA",
  "distrito": 68,
  "habilitado": true
 }
},
{
 "model": "pacientes.barrio",
 "pk": 845,
 "fields": {
  "nombre": "HECTOR CUE",
  "distrito": 131,
  "habilitado": true
 }
},
{
 "model": "pacientes.barrio",
 "pk": 536,
 "fields": {
  "nombre": "HERIBERTA MATIAUDA",
  "distrito": 44,
  "habilitado": true
 }
},
{
 "model": "pacientes.barrio",
 "pk": 36,
 "fields": {
  "nombre": "HERRERA",
  "distrito": 1,
  "habilitado": true
 }
},
{
 "model": "pacientes.barrio",
 "pk": 30,
 "fields": {
  "nombre": "HIPODROMO",
  "distrito": 1,
  "habilitado": true
 }
},
{
 "model": "pacientes.barrio",
 "pk": 920,
 "fields": {
  "nombre": "HUGUA PO-I",
  "distrito": 148,
  "habilitado": true
 }
},
{
 "model": "pacientes.barrio",
 "pk": 503,
 "fields": {
  "nombre": "HUGUA PO-I",
  "distrito": 37,
  "habilitado": true
 }
},
{
 "model": "pacientes.barrio",
 "pk": 746,
 "fields": {
  "nombre": "HURTADO CUE",
  "distrito": 110,
  "habilitado": true
 }
},
{
 "model": "pacientes.barrio",
 "pk": 1038,
 "fields": {
  "nombre": "INDEPENDIENTE",
  "distrito": 231,
  "habilitado": true
 }
},
{
 "model": "pacientes.barrio",
 "pk": 460,
 "fields": {
  "nombre": "INDUSTRIAL",
  "distrito": 29,
  "habilitado": true
 }
},
{
 "model": "pacientes.barrio",
 "pk": 131,
 "fields": {
  "nombre": "INMACUALADA",
  "distrito": 182,
  "habilitado": true
 }
},
{
 "model": "pacientes.barrio",
 "pk": 420,
 "fields": {
  "nombre": "INMACULADA CONCEPCION",
  "distrito": 26,
  "habilitado": true
 }
},
{
 "model": "pacientes.barrio",
 "pk": 722,
 "fields": {
  "nombre": "INMACULADA CONCEPCION",
  "distrito": 99,
  "habilitado": true
 }
},
{
 "model": "pacientes.barrio",
 "pk": 394,
 "fields": {
  "nombre": "INMACULADA CONCEPCION",
  "distrito": 9,
  "habilitado": true
 }
},
{
 "model": "pacientes.barrio",
 "pk": 614,
 "fields": {
  "nombre": "INMACULADA VIRGEN DEL PASO",
  "distrito": 57,
  "habilitado": true
 }
},
{
 "model": "pacientes.barrio",
 "pk": 178,
 "fields": {
  "nombre": "IPVU",
  "distrito": 179,
  "habilitado": true
 }
},
{
 "model": "pacientes.barrio",
 "pk": 651,
 "fields": {
  "nombre": "IPVU",
  "distrito": 68,
  "habilitado": true
 }
},
{
 "model": "pacientes.barrio",
 "pk": 741,
 "fields": {
  "nombre": "ISLA ALTA",
  "distrito": 110,
  "habilitado": true
 }
},
{
 "model": "pacientes.barrio",
 "pk": 236,
 "fields": {
  "nombre": "ISLA ARANDA",
  "distrito": 185,
  "habilitado": true
 }
},
{
 "model": "pacientes.barrio",
 "pk": 229,
 "fields": {
  "nombre": "ISLA AVEIRO",
  "distrito": 185,
  "habilitado": true
 }
},
{
 "model": "pacientes.barrio",
 "pk": 91,
 "fields": {
  "nombre": "ISLA BOGADO",
  "distrito": 184,
  "habilitado": true
 }
},
{
 "model": "pacientes.barrio",
 "pk": 566,
 "fields": {
  "nombre": "ISLA FLORIDA",
  "distrito": 47,
  "habilitado": true
 }
},
{
 "model": "pacientes.barrio",
 "pk": 387,
 "fields": {
  "nombre": "ISLA GUAVIRA",
  "distrito": 194,
  "habilitado": true
 }
},
{
 "model": "pacientes.barrio",
 "pk": 568,
 "fields": {
  "nombre": "ISLA GUAZU",
  "distrito": 47,
  "habilitado": true
 }
},
{
 "model": "pacientes.barrio",
 "pk": 962,
 "fields": {
  "nombre": "ISLA LEON",
  "distrito": 197,
  "habilitado": true
 }
},
{
 "model": "pacientes.barrio",
 "pk": 973,
 "fields": {
  "nombre": "ISLA ROY",
  "distrito": 198,
  "habilitado": true
 }
},
{
 "model": "pacientes.barrio",
 "pk": 81,
 "fields": {
  "nombre": "ISLA VALLE",
  "distrito": 177,
  "habilitado": true
 }
},
{
 "model": "pacientes.barrio",
 "pk": 384,
 "fields": {
  "nombre": "ITA",
  "distrito": 194,
  "habilitado": true
 }
},
{
 "model": "pacientes.barrio",
 "pk": 100,
 "fields": {
  "nombre": "ITA ANGUA ",
  "distrito": 184,
  "habilitado": true
 }
},
{
 "model": "pacientes.barrio",
 "pk": 974,
 "fields": {
  "nombre": "ITA CORA",
  "distrito": 205,
  "habilitado": true
 }
},
{
 "model": "pacientes.barrio",
 "pk": 1,
 "fields": {
  "nombre": "ITA ENRAMADA",
  "distrito": 1,
  "habilitado": true
 }
},
{
 "model": "pacientes.barrio",
 "pk": 513,
 "fields": {
  "nombre": "ITA GUYRA",
  "distrito": 42,
  "habilitado": true
 }
},
{
 "model": "pacientes.barrio",
 "pk": 165,
 "fields": {
  "nombre": "ITA KAAGUY",
  "distrito": 179,
  "habilitado": true
 }
},
{
 "model": "pacientes.barrio",
 "pk": 442,
 "fields": {
  "nombre": "ITA KUATIA",
  "distrito": 26,
  "habilitado": true
 }
},
{
 "model": "pacientes.barrio",
 "pk": 570,
 "fields": {
  "nombre": "ITA MOROTI",
  "distrito": 47,
  "habilitado": true
 }
},
{
 "model": "pacientes.barrio",
 "pk": 514,
 "fields": {
  "nombre": "ITA MOROTI",
  "distrito": 42,
  "habilitado": true
 }
},
{
 "model": "pacientes.barrio",
 "pk": 516,
 "fields": {
  "nombre": "ITA MOROTI-I",
  "distrito": 42,
  "habilitado": true
 }
},
{
 "model": "pacientes.barrio",
 "pk": 515,
 "fields": {
  "nombre": "ITA MOROTI GUASU",
  "distrito": 42,
  "habilitado": true
 }
},
{
 "model": "pacientes.barrio",
 "pk": 698,
 "fields": {
  "nombre": "ITA PLANCON",
  "distrito": 68,
  "habilitado": true
 }
},
{
 "model": "pacientes.barrio",
 "pk": 343,
 "fields": {
  "nombre": "ITA POTRERO",
  "distrito": 191,
  "habilitado": true
 }
},
{
 "model": "pacientes.barrio",
 "pk": 12,
 "fields": {
  "nombre": "ITA PYTA PUNTA",
  "distrito": 1,
  "habilitado": true
 }
},
{
 "model": "pacientes.barrio",
 "pk": 375,
 "fields": {
  "nombre": "ITA YBATE",
  "distrito": 178,
  "habilitado": true
 }
},
{
 "model": "pacientes.barrio",
 "pk": 518,
 "fields": {
  "nombre": "ITA YVU",
  "distrito": 42,
  "habilitado": true
 }
},
{
 "model": "pacientes.barrio",
 "pk": 606,
 "fields": {
  "nombre": "ITACURUBI",
  "distrito": 58,
  "habilitado": true
 }
},
{
 "model": "pacientes.barrio",
 "pk": 1025,
 "fields": {
  "nombre": "ITANDEY",
  "distrito": 217,
  "habilitado": true
 }
},
{
 "model": "pacientes.barrio",
 "pk": 517,
 "fields": {
  "nombre": "ITAPE",
  "distrito": 42,
  "habilitado": true
 }
},
{
 "model": "pacientes.barrio",
 "pk": 882,
 "fields": {
  "nombre": "ITAPE-CURUCAU",
  "distrito": 141,
  "habilitado": true
 }
},
{
 "model": "pacientes.barrio",
 "pk": 103,
 "fields": {
  "nombre": "ITAPUAMI",
  "distrito": 184,
  "habilitado": true
 }
},
{
 "model": "pacientes.barrio",
 "pk": 308,
 "fields": {
  "nombre": "ITAUGUA GUAZU",
  "distrito": 192,
  "habilitado": true
 }
},
{
 "model": "pacientes.barrio",
 "pk": 48,
 "fields": {
  "nombre": "JARA",
  "distrito": 1,
  "habilitado": true
 }
},
{
 "model": "pacientes.barrio",
 "pk": 1079,
 "fields": {
  "nombre": "JARDIN AMERICA",
  "distrito": 174,
  "habilitado": true
 }
},
{
 "model": "pacientes.barrio",
 "pk": 431,
 "fields": {
  "nombre": "JAULA KUE",
  "distrito": 26,
  "habilitado": true
 }
},
{
 "model": "pacientes.barrio",
 "pk": 772,
 "fields": {
  "nombre": "JHUGA GUASU",
  "distrito": 111,
  "habilitado": true
 }
},
{
 "model": "pacientes.barrio",
 "pk": 349,
 "fields": {
  "nombre": "JHUGUA \u00d1ARO",
  "distrito": 191,
  "habilitado": true
 }
},
{
 "model": "pacientes.barrio",
 "pk": 552,
 "fields": {
  "nombre": "JHUYBATY",
  "distrito": 47,
  "habilitado": true
 }
},
{
 "model": "pacientes.barrio",
 "pk": 675,
 "fields": {
  "nombre": "JUAN GUI",
  "distrito": 68,
  "habilitado": true
 }
},
{
 "model": "pacientes.barrio",
 "pk": 456,
 "fields": {
  "nombre": "JUGUA GUAZU",
  "distrito": 29,
  "habilitado": true
 }
},
{
 "model": "pacientes.barrio",
 "pk": 848,
 "fields": {
  "nombre": "KAA YBATE",
  "distrito": 131,
  "habilitado": true
 }
},
{
 "model": "pacientes.barrio",
 "pk": 980,
 "fields": {
  "nombre": "KAAGUY KUPE",
  "distrito": 205,
  "habilitado": true
 }
},
{
 "model": "pacientes.barrio",
 "pk": 197,
 "fields": {
  "nombre": "KAAGUY KUPE",
  "distrito": 183,
  "habilitado": true
 }
},
{
 "model": "pacientes.barrio",
 "pk": 912,
 "fields": {
  "nombre": "KAAGUY POTI",
  "distrito": 147,
  "habilitado": true
 }
},
{
 "model": "pacientes.barrio",
 "pk": 498,
 "fields": {
  "nombre": "KAAGUYKUPE",
  "distrito": 37,
  "habilitado": true
 }
},
{
 "model": "pacientes.barrio",
 "pk": 599,
 "fields": {
  "nombre": "KAATY",
  "distrito": 58,
  "habilitado": true
 }
},
{
 "model": "pacientes.barrio",
 "pk": 784,
 "fields": {
  "nombre": "KAATY",
  "distrito": 111,
  "habilitado": true
 }
},
{
 "model": "pacientes.barrio",
 "pk": 874,
 "fields": {
  "nombre": "KAMBA KOKUE",
  "distrito": 139,
  "habilitado": true
 }
},
{
 "model": "pacientes.barrio",
 "pk": 992,
 "fields": {
  "nombre": "KARANDAYTY",
  "distrito": 201,
  "habilitado": true
 }
},
{
 "model": "pacientes.barrio",
 "pk": 997,
 "fields": {
  "nombre": "KARANDAYTY 2 ",
  "distrito": 201,
  "habilitado": true
 }
},
{
 "model": "pacientes.barrio",
 "pk": 1017,
 "fields": {
  "nombre": "KAREN LUANA",
  "distrito": 215,
  "habilitado": true
 }
},
{
 "model": "pacientes.barrio",
 "pk": 499,
 "fields": {
  "nombre": "KARIY LOMA",
  "distrito": 37,
  "habilitado": true
 }
},
{
 "model": "pacientes.barrio",
 "pk": 465,
 "fields": {
  "nombre": "KENNEDY",
  "distrito": 29,
  "habilitado": true
 }
},
{
 "model": "pacientes.barrio",
 "pk": 101,
 "fields": {
  "nombre": "KM 20 ESTACION BINDER",
  "distrito": 184,
  "habilitado": true
 }
},
{
 "model": "pacientes.barrio",
 "pk": 169,
 "fields": {
  "nombre": "KOKUE GUAZU",
  "distrito": 179,
  "habilitado": true
 }
},
{
 "model": "pacientes.barrio",
 "pk": 821,
 "fields": {
  "nombre": "KURUPIKAY",
  "distrito": 124,
  "habilitado": true
 }
},
{
 "model": "pacientes.barrio",
 "pk": 815,
 "fields": {
  "nombre": "KURUSU ESTEBAN",
  "distrito": 124,
  "habilitado": true
 }
},
{
 "model": "pacientes.barrio",
 "pk": 978,
 "fields": {
  "nombre": "KURUZU CUATIA",
  "distrito": 205,
  "habilitado": true
 }
},
{
 "model": "pacientes.barrio",
 "pk": 1072,
 "fields": {
  "nombre": "LA AMISTAD",
  "distrito": 174,
  "habilitado": true
 }
},
{
 "model": "pacientes.barrio",
 "pk": 193,
 "fields": {
  "nombre": "LA CANDELARIA",
  "distrito": 183,
  "habilitado": true
 }
},
{
 "model": "pacientes.barrio",
 "pk": 141,
 "fields": {
  "nombre": "LA ENCARNACION",
  "distrito": 182,
  "habilitado": true
 }
},
{
 "model": "pacientes.barrio",
 "pk": 15,
 "fields": {
  "nombre": "LA ENCARNACION",
  "distrito": 1,
  "habilitado": true
 }
},
{
 "model": "pacientes.barrio",
 "pk": 368,
 "fields": {
  "nombre": "LA ESPERANZA",
  "distrito": 191,
  "habilitado": true
 }
},
{
 "model": "pacientes.barrio",
 "pk": 635,
 "fields": {
  "nombre": "LA FLORESTA",
  "distrito": 67,
  "habilitado": true
 }
},
{
 "model": "pacientes.barrio",
 "pk": 1080,
 "fields": {
  "nombre": "LA FORTUNA",
  "distrito": 71,
  "habilitado": true
 }
},
{
 "model": "pacientes.barrio",
 "pk": 1093,
 "fields": {
  "nombre": "LA ISLA",
  "distrito": 174,
  "habilitado": true
 }
},
{
 "model": "pacientes.barrio",
 "pk": 220,
 "fields": {
  "nombre": "LA LOMITA",
  "distrito": 180,
  "habilitado": true
 }
},
{
 "model": "pacientes.barrio",
 "pk": 279,
 "fields": {
  "nombre": "LA MERCED",
  "distrito": 187,
  "habilitado": true
 }
},
{
 "model": "pacientes.barrio",
 "pk": 1041,
 "fields": {
  "nombre": "LA PIEDAD",
  "distrito": 233,
  "habilitado": true
 }
},
{
 "model": "pacientes.barrio",
 "pk": 173,
 "fields": {
  "nombre": "LAGUNA GRANDE",
  "distrito": 179,
  "habilitado": true
 }
},
{
 "model": "pacientes.barrio",
 "pk": 176,
 "fields": {
  "nombre": "LAGUNA SATI",
  "distrito": 179,
  "habilitado": true
 }
},
{
 "model": "pacientes.barrio",
 "pk": 944,
 "fields": {
  "nombre": "LAS AMERICAS",
  "distrito": 160,
  "habilitado": true
 }
},
{
 "model": "pacientes.barrio",
 "pk": 1065,
 "fields": {
  "nombre": "LAS CARMELITAS",
  "distrito": 174,
  "habilitado": true
 }
},
{
 "model": "pacientes.barrio",
 "pk": 1100,
 "fields": {
  "nombre": "LAS CARMELITAS II",
  "distrito": 174,
  "habilitado": true
 }
},
{
 "model": "pacientes.barrio",
 "pk": 277,
 "fields": {
  "nombre": "LAS GARZAS 1",
  "distrito": 187,
  "habilitado": true
 }
},
{
 "model": "pacientes.barrio",
 "pk": 278,
 "fields": {
  "nombre": "LAS GARZAS 2",
  "distrito": 187,
  "habilitado": true
 }
},
{
 "model": "pacientes.barrio",
 "pk": 56,
 "fields": {
  "nombre": "LAS LOMAS (CARMELITAS)",
  "distrito": 1,
  "habilitado": true
 }
},
{
 "model": "pacientes.barrio",
 "pk": 942,
 "fields": {
  "nombre": "LAS MERCEDES",
  "distrito": 170,
  "habilitado": true
 }
},
{
 "model": "pacientes.barrio",
 "pk": 73,
 "fields": {
  "nombre": "LAS MERCEDES",
  "distrito": 177,
  "habilitado": true
 }
},
{
 "model": "pacientes.barrio",
 "pk": 126,
 "fields": {
  "nombre": "LAS MERCEDES",
  "distrito": 182,
  "habilitado": true
 }
},
{
 "model": "pacientes.barrio",
 "pk": 22,
 "fields": {
  "nombre": "LAS MERCEDES",
  "distrito": 1,
  "habilitado": true
 }
},
{
 "model": "pacientes.barrio",
 "pk": 186,
 "fields": {
  "nombre": "LAS MERCEDES",
  "distrito": 183,
  "habilitado": true
 }
},
{
 "model": "pacientes.barrio",
 "pk": 245,
 "fields": {
  "nombre": "LAS MERCEDES",
  "distrito": 185,
  "habilitado": true
 }
},
{
 "model": "pacientes.barrio",
 "pk": 476,
 "fields": {
  "nombre": "LAS MERCEDES ",
  "distrito": 32,
  "habilitado": true
 }
},
{
 "model": "pacientes.barrio",
 "pk": 357,
 "fields": {
  "nombre": "LAS PIEDRAS",
  "distrito": 191,
  "habilitado": true
 }
},
{
 "model": "pacientes.barrio",
 "pk": 953,
 "fields": {
  "nombre": "LAS REDIDENTAS",
  "distrito": 196,
  "habilitado": true
 }
},
{
 "model": "pacientes.barrio",
 "pk": 174,
 "fields": {
  "nombre": "LAS RESIDENTAS",
  "distrito": 179,
  "habilitado": true
 }
},
{
 "model": "pacientes.barrio",
 "pk": 204,
 "fields": {
  "nombre": "LAURELTY",
  "distrito": 183,
  "habilitado": true
 }
},
{
 "model": "pacientes.barrio",
 "pk": 111,
 "fields": {
  "nombre": "LAURELTY",
  "distrito": 182,
  "habilitado": true
 }
},
{
 "model": "pacientes.barrio",
 "pk": 90,
 "fields": {
  "nombre": "LAURELTY",
  "distrito": 184,
  "habilitado": true
 }
},
{
 "model": "pacientes.barrio",
 "pk": 205,
 "fields": {
  "nombre": "LAURELTY",
  "distrito": 183,
  "habilitado": true
 }
},
{
 "model": "pacientes.barrio",
 "pk": 162,
 "fields": {
  "nombre": "LERIDA",
  "distrito": 182,
  "habilitado": true
 }
},
{
 "model": "pacientes.barrio",
 "pk": 228,
 "fields": {
  "nombre": "LIMPIO RUGUA",
  "distrito": 185,
  "habilitado": true
 }
},
{
 "model": "pacientes.barrio",
 "pk": 451,
 "fields": {
  "nombre": "LOMA",
  "distrito": 29,
  "habilitado": true
 }
},
{
 "model": "pacientes.barrio",
 "pk": 983,
 "fields": {
  "nombre": "LOMA-I",
  "distrito": 205,
  "habilitado": true
 }
},
{
 "model": "pacientes.barrio",
 "pk": 211,
 "fields": {
  "nombre": "LOMA BARRERO",
  "distrito": 183,
  "habilitado": true
 }
},
{
 "model": "pacientes.barrio",
 "pk": 835,
 "fields": {
  "nombre": "LOMA CLAVEL",
  "distrito": 131,
  "habilitado": true
 }
},
{
 "model": "pacientes.barrio",
 "pk": 956,
 "fields": {
  "nombre": "LOMA CLAVEL",
  "distrito": 196,
  "habilitado": true
 }
},
{
 "model": "pacientes.barrio",
 "pk": 1001,
 "fields": {
  "nombre": "LOMA CLAVEL SUR",
  "distrito": 203,
  "habilitado": true
 }
},
{
 "model": "pacientes.barrio",
 "pk": 497,
 "fields": {
  "nombre": "LOMA MEDINA",
  "distrito": 37,
  "habilitado": true
 }
},
{
 "model": "pacientes.barrio",
 "pk": 109,
 "fields": {
  "nombre": "LOMA MERLO ",
  "distrito": 184,
  "habilitado": true
 }
},
{
 "model": "pacientes.barrio",
 "pk": 717,
 "fields": {
  "nombre": "LOMA PIRAPO",
  "distrito": 93,
  "habilitado": true
 }
},
{
 "model": "pacientes.barrio",
 "pk": 67,
 "fields": {
  "nombre": "LOMA PYTA",
  "distrito": 1,
  "habilitado": true
 }
},
{
 "model": "pacientes.barrio",
 "pk": 913,
 "fields": {
  "nombre": "LOMA PYTA",
  "distrito": 148,
  "habilitado": true
 }
},
{
 "model": "pacientes.barrio",
 "pk": 857,
 "fields": {
  "nombre": "LOMA PYTA",
  "distrito": 131,
  "habilitado": true
 }
},
{
 "model": "pacientes.barrio",
 "pk": 564,
 "fields": {
  "nombre": "LOMA VERDE",
  "distrito": 47,
  "habilitado": true
 }
},
{
 "model": "pacientes.barrio",
 "pk": 961,
 "fields": {
  "nombre": "LOMAS",
  "distrito": 197,
  "habilitado": true
 }
},
{
 "model": "pacientes.barrio",
 "pk": 624,
 "fields": {
  "nombre": "LOMAS BARRETO",
  "distrito": 60,
  "habilitado": true
 }
},
{
 "model": "pacientes.barrio",
 "pk": 540,
 "fields": {
  "nombre": "LOMAS CLAVEL",
  "distrito": 46,
  "habilitado": true
 }
},
{
 "model": "pacientes.barrio",
 "pk": 762,
 "fields": {
  "nombre": "LOMAS CLAVEL",
  "distrito": 110,
  "habilitado": true
 }
},
{
 "model": "pacientes.barrio",
 "pk": 577,
 "fields": {
  "nombre": "LOMAS VALENTINAS",
  "distrito": 49,
  "habilitado": true
 }
},
{
 "model": "pacientes.barrio",
 "pk": 785,
 "fields": {
  "nombre": "LOMITA",
  "distrito": 111,
  "habilitado": true
 }
},
{
 "model": "pacientes.barrio",
 "pk": 1083,
 "fields": {
  "nombre": "LOS GIRASOLES",
  "distrito": 174,
  "habilitado": true
 }
},
{
 "model": "pacientes.barrio",
 "pk": 33,
 "fields": {
  "nombre": "LOS LAURELES",
  "distrito": 1,
  "habilitado": true
 }
},
{
 "model": "pacientes.barrio",
 "pk": 212,
 "fields": {
  "nombre": "LOS NARANJOS",
  "distrito": 180,
  "habilitado": true
 }
},
{
 "model": "pacientes.barrio",
 "pk": 154,
 "fields": {
  "nombre": "LOS NOGALES",
  "distrito": 182,
  "habilitado": true
 }
},
{
 "model": "pacientes.barrio",
 "pk": 796,
 "fields": {
  "nombre": "LOS PIONEROS",
  "distrito": 112,
  "habilitado": true
 }
},
{
 "model": "pacientes.barrio",
 "pk": 1086,
 "fields": {
  "nombre": "LOS TRIGALES",
  "distrito": 174,
  "habilitado": true
 }
},
{
 "model": "pacientes.barrio",
 "pk": 834,
 "fields": {
  "nombre": "LOURDES",
  "distrito": 131,
  "habilitado": true
 }
},
{
 "model": "pacientes.barrio",
 "pk": 142,
 "fields": {
  "nombre": "LUCERITO",
  "distrito": 182,
  "habilitado": true
 }
},
{
 "model": "pacientes.barrio",
 "pk": 152,
 "fields": {
  "nombre": "LUCERITO",
  "distrito": 182,
  "habilitado": true
 }
},
{
 "model": "pacientes.barrio",
 "pk": 1011,
 "fields": {
  "nombre": "LUZ BELLA",
  "distrito": 212,
  "habilitado": true
 }
},
{
 "model": "pacientes.barrio",
 "pk": 57,
 "fields": {
  "nombre": "MADAME LYNCH",
  "distrito": 1,
  "habilitado": true
 }
},
{
 "model": "pacientes.barrio",
 "pk": 95,
 "fields": {
  "nombre": "MAKAI",
  "distrito": 184,
  "habilitado": true
 }
},
{
 "model": "pacientes.barrio",
 "pk": 1031,
 "fields": {
  "nombre": "MANDUARA",
  "distrito": 224,
  "habilitado": true
 }
},
{
 "model": "pacientes.barrio",
 "pk": 590,
 "fields": {
  "nombre": "MANGRULLO",
  "distrito": 63,
  "habilitado": true
 }
},
{
 "model": "pacientes.barrio",
 "pk": 41,
 "fields": {
  "nombre": "MANORA",
  "distrito": 1,
  "habilitado": true
 }
},
{
 "model": "pacientes.barrio",
 "pk": 621,
 "fields": {
  "nombre": "MANUEL GONDRA",
  "distrito": 60,
  "habilitado": true
 }
},
{
 "model": "pacientes.barrio",
 "pk": 700,
 "fields": {
  "nombre": "MARACANA",
  "distrito": 71,
  "habilitado": true
 }
},
{
 "model": "pacientes.barrio",
 "pk": 97,
 "fields": {
  "nombre": "MARAMBURE",
  "distrito": 184,
  "habilitado": true
 }
},
{
 "model": "pacientes.barrio",
 "pk": 477,
 "fields": {
  "nombre": "MARIA AUXILIADORA",
  "distrito": 32,
  "habilitado": true
 }
},
{
 "model": "pacientes.barrio",
 "pk": 711,
 "fields": {
  "nombre": "MARIA AUXILIADORA",
  "distrito": 89,
  "habilitado": true
 }
},
{
 "model": "pacientes.barrio",
 "pk": 824,
 "fields": {
  "nombre": "MARIA AUXILIADORA",
  "distrito": 131,
  "habilitado": true
 }
},
{
 "model": "pacientes.barrio",
 "pk": 137,
 "fields": {
  "nombre": "MARIA AUXILIADORA",
  "distrito": 182,
  "habilitado": true
 }
},
{
 "model": "pacientes.barrio",
 "pk": 250,
 "fields": {
  "nombre": "MARIA AUXILIADORA",
  "distrito": 186,
  "habilitado": true
 }
},
{
 "model": "pacientes.barrio",
 "pk": 441,
 "fields": {
  "nombre": "MARIA AUXILIADORA",
  "distrito": 26,
  "habilitado": true
 }
},
{
 "model": "pacientes.barrio",
 "pk": 268,
 "fields": {
  "nombre": "MARIA AUXILIADORA",
  "distrito": 187,
  "habilitado": true
 }
},
{
 "model": "pacientes.barrio",
 "pk": 780,
 "fields": {
  "nombre": "MARIA AUXILIADORA",
  "distrito": 111,
  "habilitado": true
 }
},
{
 "model": "pacientes.barrio",
 "pk": 1019,
 "fields": {
  "nombre": "MARIA AUXILIADORA",
  "distrito": 215,
  "habilitado": true
 }
},
{
 "model": "pacientes.barrio",
 "pk": 105,
 "fields": {
  "nombre": "MARIN CAAGUY",
  "distrito": 184,
  "habilitado": true
 }
},
{
 "model": "pacientes.barrio",
 "pk": 519,
 "fields": {
  "nombre": "MARISCAL ESTIGARRIBIA",
  "distrito": 42,
  "habilitado": true
 }
},
{
 "model": "pacientes.barrio",
 "pk": 34,
 "fields": {
  "nombre": "MARISCAL ESTIGARRIBIA",
  "distrito": 1,
  "habilitado": true
 }
},
{
 "model": "pacientes.barrio",
 "pk": 938,
 "fields": {
  "nombre": "MARISCAL FRANCISCO SOLANO LOPEZ",
  "distrito": 170,
  "habilitado": true
 }
},
{
 "model": "pacientes.barrio",
 "pk": 520,
 "fields": {
  "nombre": "MARISCAL LOPEZ",
  "distrito": 42,
  "habilitado": true
 }
},
{
 "model": "pacientes.barrio",
 "pk": 947,
 "fields": {
  "nombre": "MARISCAL LOPEZ",
  "distrito": 160,
  "habilitado": true
 }
},
{
 "model": "pacientes.barrio",
 "pk": 70,
 "fields": {
  "nombre": "MARISCAL LOPEZ",
  "distrito": 1,
  "habilitado": true
 }
},
{
 "model": "pacientes.barrio",
 "pk": 862,
 "fields": {
  "nombre": "MARTIN ROLON",
  "distrito": 131,
  "habilitado": true
 }
},
{
 "model": "pacientes.barrio",
 "pk": 231,
 "fields": {
  "nombre": "MBAYUE",
  "distrito": 185,
  "habilitado": true
 }
},
{
 "model": "pacientes.barrio",
 "pk": 1015,
 "fields": {
  "nombre": "MBOCAYA-I",
  "distrito": 213,
  "habilitado": true
 }
},
{
 "model": "pacientes.barrio",
 "pk": 670,
 "fields": {
  "nombre": "MBOCAYA-I",
  "distrito": 68,
  "habilitado": true
 }
},
{
 "model": "pacientes.barrio",
 "pk": 265,
 "fields": {
  "nombre": "MBOCAYATY",
  "distrito": 187,
  "habilitado": true
 }
},
{
 "model": "pacientes.barrio",
 "pk": 223,
 "fields": {
  "nombre": "MBOCAYATY",
  "distrito": 180,
  "habilitado": true
 }
},
{
 "model": "pacientes.barrio",
 "pk": 60,
 "fields": {
  "nombre": "MBOCAYATY",
  "distrito": 1,
  "habilitado": true
 }
},
{
 "model": "pacientes.barrio",
 "pk": 284,
 "fields": {
  "nombre": "MBOCAYATY",
  "distrito": 181,
  "habilitado": true
 }
},
{
 "model": "pacientes.barrio",
 "pk": 693,
 "fields": {
  "nombre": "MBOICAE",
  "distrito": 68,
  "habilitado": true
 }
},
{
 "model": "pacientes.barrio",
 "pk": 307,
 "fields": {
  "nombre": "MBOIY",
  "distrito": 192,
  "habilitado": true
 }
},
{
 "model": "pacientes.barrio",
 "pk": 306,
 "fields": {
  "nombre": "MBOKAJATY DEL NORTE",
  "distrito": 192,
  "habilitado": true
 }
},
{
 "model": "pacientes.barrio",
 "pk": 305,
 "fields": {
  "nombre": "MBOKAJATY DEL SUR",
  "distrito": 192,
  "habilitado": true
 }
},
{
 "model": "pacientes.barrio",
 "pk": 45,
 "fields": {
  "nombre": "MBURICAO",
  "distrito": 1,
  "habilitado": true
 }
},
{
 "model": "pacientes.barrio",
 "pk": 61,
 "fields": {
  "nombre": "MBURUCUYA",
  "distrito": 1,
  "habilitado": true
 }
},
{
 "model": "pacientes.barrio",
 "pk": 817,
 "fields": {
  "nombre": "MBURUKUYA",
  "distrito": 124,
  "habilitado": true
 }
},
{
 "model": "pacientes.barrio",
 "pk": 486,
 "fields": {
  "nombre": "MBURURU",
  "distrito": 32,
  "habilitado": true
 }
},
{
 "model": "pacientes.barrio",
 "pk": 960,
 "fields": {
  "nombre": "MEDINA",
  "distrito": 196,
  "habilitado": true
 }
},
{
 "model": "pacientes.barrio",
 "pk": 921,
 "fields": {
  "nombre": "MENDIETA CUE",
  "distrito": 148,
  "habilitado": true
 }
},
{
 "model": "pacientes.barrio",
 "pk": 867,
 "fields": {
  "nombre": "MEZA CUE",
  "distrito": 131,
  "habilitado": true
 }
},
{
 "model": "pacientes.barrio",
 "pk": 504,
 "fields": {
  "nombre": "MINAS KUE",
  "distrito": 37,
  "habilitado": true
 }
},
{
 "model": "pacientes.barrio",
 "pk": 155,
 "fields": {
  "nombre": "MIRAFLORES",
  "distrito": 182,
  "habilitado": true
 }
},
{
 "model": "pacientes.barrio",
 "pk": 158,
 "fields": {
  "nombre": "MITA-I",
  "distrito": 182,
  "habilitado": true
 }
},
{
 "model": "pacientes.barrio",
 "pk": 663,
 "fields": {
  "nombre": "MOJON 7",
  "distrito": 68,
  "habilitado": true
 }
},
{
 "model": "pacientes.barrio",
 "pk": 559,
 "fields": {
  "nombre": "MOMPOX",
  "distrito": 47,
  "habilitado": true
 }
},
{
 "model": "pacientes.barrio",
 "pk": 251,
 "fields": {
  "nombre": "MONSE\u00d1OR BOGARIN",
  "distrito": 186,
  "habilitado": true
 }
},
{
 "model": "pacientes.barrio",
 "pk": 232,
 "fields": {
  "nombre": "MONTA\u00d1A ALTA",
  "distrito": 185,
  "habilitado": true
 }
},
{
 "model": "pacientes.barrio",
 "pk": 491,
 "fields": {
  "nombre": "MONTE ALTO",
  "distrito": 32,
  "habilitado": true
 }
},
{
 "model": "pacientes.barrio",
 "pk": 875,
 "fields": {
  "nombre": "MONTIEL POTRERO",
  "distrito": 141,
  "habilitado": true
 }
},
{
 "model": "pacientes.barrio",
 "pk": 993,
 "fields": {
  "nombre": "MONTUOSO COSTA",
  "distrito": 201,
  "habilitado": true
 }
},
{
 "model": "pacientes.barrio",
 "pk": 965,
 "fields": {
  "nombre": "MO\u00d1AI CUARE",
  "distrito": 197,
  "habilitado": true
 }
},
{
 "model": "pacientes.barrio",
 "pk": 929,
 "fields": {
  "nombre": "MO\u00d1AI KUARE",
  "distrito": 153,
  "habilitado": true
 }
},
{
 "model": "pacientes.barrio",
 "pk": 483,
 "fields": {
  "nombre": "MO\u00d1AIRY",
  "distrito": 32,
  "habilitado": true
 }
},
{
 "model": "pacientes.barrio",
 "pk": 106,
 "fields": {
  "nombre": "MORA CUE",
  "distrito": 184,
  "habilitado": true
 }
},
{
 "model": "pacientes.barrio",
 "pk": 594,
 "fields": {
  "nombre": "NANSEN",
  "distrito": 63,
  "habilitado": true
 }
},
{
 "model": "pacientes.barrio",
 "pk": 261,
 "fields": {
  "nombre": "NARANJAISY",
  "distrito": 189,
  "habilitado": true
 }
},
{
 "model": "pacientes.barrio",
 "pk": 269,
 "fields": {
  "nombre": "NARANJATY",
  "distrito": 187,
  "habilitado": true
 }
},
{
 "model": "pacientes.barrio",
 "pk": 195,
 "fields": {
  "nombre": "NARANJATY",
  "distrito": 183,
  "habilitado": true
 }
},
{
 "model": "pacientes.barrio",
 "pk": 521,
 "fields": {
  "nombre": "NARANJO",
  "distrito": 42,
  "habilitado": true
 }
},
{
 "model": "pacientes.barrio",
 "pk": 619,
 "fields": {
  "nombre": "NARANJO",
  "distrito": 60,
  "habilitado": true
 }
},
{
 "model": "pacientes.barrio",
 "pk": 588,
 "fields": {
  "nombre": "NATIVIDAD",
  "distrito": 63,
  "habilitado": true
 }
},
{
 "model": "pacientes.barrio",
 "pk": 31,
 "fields": {
  "nombre": "NAZARETH",
  "distrito": 1,
  "habilitado": true
 }
},
{
 "model": "pacientes.barrio",
 "pk": 952,
 "fields": {
  "nombre": "NUESTRA SE\u00d1ORA DE LA ASUNCION",
  "distrito": 196,
  "habilitado": true
 }
},
{
 "model": "pacientes.barrio",
 "pk": 151,
 "fields": {
  "nombre": "NUESTRA SE\u00d1ORA DE LA ASUNCION",
  "distrito": 182,
  "habilitado": true
 }
},
{
 "model": "pacientes.barrio",
 "pk": 393,
 "fields": {
  "nombre": "NUESTRA SE\u00d1ORA DE LA ASUNCION",
  "distrito": 9,
  "habilitado": true
 }
},
{
 "model": "pacientes.barrio",
 "pk": 427,
 "fields": {
  "nombre": "NUEVA ALIANZA",
  "distrito": 26,
  "habilitado": true
 }
},
{
 "model": "pacientes.barrio",
 "pk": 339,
 "fields": {
  "nombre": "NUEVA ESPERANZA",
  "distrito": 193,
  "habilitado": true
 }
},
{
 "model": "pacientes.barrio",
 "pk": 945,
 "fields": {
  "nombre": "NUEVA ESPERANZA",
  "distrito": 160,
  "habilitado": true
 }
},
{
 "model": "pacientes.barrio",
 "pk": 1062,
 "fields": {
  "nombre": "NUEVA ESPERANZA",
  "distrito": 174,
  "habilitado": true
 }
},
{
 "model": "pacientes.barrio",
 "pk": 585,
 "fields": {
  "nombre": "NUEVA GUAIRA",
  "distrito": 63,
  "habilitado": true
 }
},
{
 "model": "pacientes.barrio",
 "pk": 649,
 "fields": {
  "nombre": "NUEVO",
  "distrito": 68,
  "habilitado": true
 }
},
{
 "model": "pacientes.barrio",
 "pk": 869,
 "fields": {
  "nombre": "\u00d1ANGAPE",
  "distrito": 131,
  "habilitado": true
 }
},
{
 "model": "pacientes.barrio",
 "pk": 936,
 "fields": {
  "nombre": "\u00d1ASAINDY",
  "distrito": 157,
  "habilitado": true
 }
},
{
 "model": "pacientes.barrio",
 "pk": 859,
 "fields": {
  "nombre": "\u00d1EMI",
  "distrito": 131,
  "habilitado": true
 }
},
{
 "model": "pacientes.barrio",
 "pk": 767,
 "fields": {
  "nombre": "\u00d1U GUASU",
  "distrito": 110,
  "habilitado": true
 }
},
{
 "model": "pacientes.barrio",
 "pk": 59,
 "fields": {
  "nombre": "\u00d1U GUAZU",
  "distrito": 1,
  "habilitado": true
 }
},
{
 "model": "pacientes.barrio",
 "pk": 124,
 "fields": {
  "nombre": "\u00d1U PORA",
  "distrito": 182,
  "habilitado": true
 }
},
{
 "model": "pacientes.barrio",
 "pk": 752,
 "fields": {
  "nombre": "\u00d1U PYAHU",
  "distrito": 110,
  "habilitado": true
 }
},
{
 "model": "pacientes.barrio",
 "pk": 683,
 "fields": {
  "nombre": "\u00d1URUMI",
  "distrito": 68,
  "habilitado": true
 }
},
{
 "model": "pacientes.barrio",
 "pk": 967,
 "fields": {
  "nombre": "OBRERO",
  "distrito": 198,
  "habilitado": true
 }
},
{
 "model": "pacientes.barrio",
 "pk": 728,
 "fields": {
  "nombre": "OBRERO",
  "distrito": 109,
  "habilitado": true
 }
},
{
 "model": "pacientes.barrio",
 "pk": 9,
 "fields": {
  "nombre": "OBRERO",
  "distrito": 1,
  "habilitado": true
 }
},
{
 "model": "pacientes.barrio",
 "pk": 932,
 "fields": {
  "nombre": "OBRERO",
  "distrito": 157,
  "habilitado": true
 }
},
{
 "model": "pacientes.barrio",
 "pk": 1033,
 "fields": {
  "nombre": "OBRERO",
  "distrito": 221,
  "habilitado": true
 }
},
{
 "model": "pacientes.barrio",
 "pk": 797,
 "fields": {
  "nombre": "OBRERO",
  "distrito": 112,
  "habilitado": true
 }
},
{
 "model": "pacientes.barrio",
 "pk": 949,
 "fields": {
  "nombre": "OBRERO ESTE",
  "distrito": 196,
  "habilitado": true
 }
},
{
 "model": "pacientes.barrio",
 "pk": 951,
 "fields": {
  "nombre": "OBRERO NORTE",
  "distrito": 196,
  "habilitado": true
 }
},
{
 "model": "pacientes.barrio",
 "pk": 345,
 "fields": {
  "nombre": "OCULTO CHIRCATY",
  "distrito": 191,
  "habilitado": true
 }
},
{
 "model": "pacientes.barrio",
 "pk": 522,
 "fields": {
  "nombre": "OJOPOI",
  "distrito": 42,
  "habilitado": true
 }
},
{
 "model": "pacientes.barrio",
 "pk": 177,
 "fields": {
  "nombre": "ORILLA DEL CAMPO GRANDE",
  "distrito": 179,
  "habilitado": true
 }
},
{
 "model": "pacientes.barrio",
 "pk": 697,
 "fields": {
  "nombre": "OVE\u00d1A",
  "distrito": 68,
  "habilitado": true
 }
},
{
 "model": "pacientes.barrio",
 "pk": 930,
 "fields": {
  "nombre": "PABLO ROJAS",
  "distrito": 157,
  "habilitado": true
 }
},
{
 "model": "pacientes.barrio",
 "pk": 896,
 "fields": {
  "nombre": "PACHECO",
  "distrito": 142,
  "habilitado": true
 }
},
{
 "model": "pacientes.barrio",
 "pk": 217,
 "fields": {
  "nombre": "PAI \u00d1U",
  "distrito": 180,
  "habilitado": true
 }
},
{
 "model": "pacientes.barrio",
 "pk": 701,
 "fields": {
  "nombre": "PAIJHA",
  "distrito": 71,
  "habilitado": true
 }
},
{
 "model": "pacientes.barrio",
 "pk": 26,
 "fields": {
  "nombre": "PANAMBI RETA",
  "distrito": 1,
  "habilitado": true
 }
},
{
 "model": "pacientes.barrio",
 "pk": 27,
 "fields": {
  "nombre": "PANAMBI VERA",
  "distrito": 1,
  "habilitado": true
 }
},
{
 "model": "pacientes.barrio",
 "pk": 694,
 "fields": {
  "nombre": "PARAJE-I",
  "distrito": 68,
  "habilitado": true
 }
},
{
 "model": "pacientes.barrio",
 "pk": 695,
 "fields": {
  "nombre": "PARAJE GUAZU",
  "distrito": 68,
  "habilitado": true
 }
},
{
 "model": "pacientes.barrio",
 "pk": 687,
 "fields": {
  "nombre": "PARAJE GUAZU",
  "distrito": 68,
  "habilitado": true
 }
},
{
 "model": "pacientes.barrio",
 "pk": 989,
 "fields": {
  "nombre": "PARAJE SAN JORGE",
  "distrito": 208,
  "habilitado": true
 }
},
{
 "model": "pacientes.barrio",
 "pk": 364,
 "fields": {
  "nombre": "PARANAMBU",
  "distrito": 191,
  "habilitado": true
 }
},
{
 "model": "pacientes.barrio",
 "pk": 799,
 "fields": {
  "nombre": "PARQUE",
  "distrito": 112,
  "habilitado": true
 }
},
{
 "model": "pacientes.barrio",
 "pk": 523,
 "fields": {
  "nombre": "PASITO",
  "distrito": 42,
  "habilitado": true
 }
},
{
 "model": "pacientes.barrio",
 "pk": 816,
 "fields": {
  "nombre": "PASITO",
  "distrito": 124,
  "habilitado": true
 }
},
{
 "model": "pacientes.barrio",
 "pk": 735,
 "fields": {
  "nombre": "PASO CARRETA",
  "distrito": 108,
  "habilitado": true
 }
},
{
 "model": "pacientes.barrio",
 "pk": 321,
 "fields": {
  "nombre": "PASO DE ORO",
  "distrito": 188,
  "habilitado": true
 }
},
{
 "model": "pacientes.barrio",
 "pk": 901,
 "fields": {
  "nombre": "PASO ESPERANZA",
  "distrito": 147,
  "habilitado": true
 }
},
{
 "model": "pacientes.barrio",
 "pk": 524,
 "fields": {
  "nombre": "PASO JHU",
  "distrito": 42,
  "habilitado": true
 }
},
{
 "model": "pacientes.barrio",
 "pk": 775,
 "fields": {
  "nombre": "PASO LAUREL",
  "distrito": 111,
  "habilitado": true
 }
},
{
 "model": "pacientes.barrio",
 "pk": 391,
 "fields": {
  "nombre": "PASO PUENTE",
  "distrito": 190,
  "habilitado": true
 }
},
{
 "model": "pacientes.barrio",
 "pk": 1027,
 "fields": {
  "nombre": "PASO REAL",
  "distrito": 217,
  "habilitado": true
 }
},
{
 "model": "pacientes.barrio",
 "pk": 969,
 "fields": {
  "nombre": "PASO TAYY",
  "distrito": 198,
  "habilitado": true
 }
},
{
 "model": "pacientes.barrio",
 "pk": 550,
 "fields": {
  "nombre": "PASO TRANQUERA",
  "distrito": 46,
  "habilitado": true
 }
},
{
 "model": "pacientes.barrio",
 "pk": 545,
 "fields": {
  "nombre": "PASO TRANQUERA",
  "distrito": 46,
  "habilitado": true
 }
},
{
 "model": "pacientes.barrio",
 "pk": 998,
 "fields": {
  "nombre": "PASO TYPY",
  "distrito": 201,
  "habilitado": true
 }
},
{
 "model": "pacientes.barrio",
 "pk": 603,
 "fields": {
  "nombre": "PASO YOBAI",
  "distrito": 58,
  "habilitado": true
 }
},
{
 "model": "pacientes.barrio",
 "pk": 309,
 "fields": {
  "nombre": "PATI\u00d1O",
  "distrito": 192,
  "habilitado": true
 }
},
{
 "model": "pacientes.barrio",
 "pk": 348,
 "fields": {
  "nombre": "PEHUAJHO",
  "distrito": 191,
  "habilitado": true
 }
},
{
 "model": "pacientes.barrio",
 "pk": 18,
 "fields": {
  "nombre": "PETTIROSSI",
  "distrito": 1,
  "habilitado": true
 }
},
{
 "model": "pacientes.barrio",
 "pk": 285,
 "fields": {
  "nombre": "PICADA",
  "distrito": 181,
  "habilitado": true
 }
},
{
 "model": "pacientes.barrio",
 "pk": 790,
 "fields": {
  "nombre": "PIKADA HU",
  "distrito": 111,
  "habilitado": true
 }
},
{
 "model": "pacientes.barrio",
 "pk": 77,
 "fields": {
  "nombre": "PINDOLO",
  "distrito": 177,
  "habilitado": true
 }
},
{
 "model": "pacientes.barrio",
 "pk": 389,
 "fields": {
  "nombre": "PINDOTY",
  "distrito": 194,
  "habilitado": true
 }
},
{
 "model": "pacientes.barrio",
 "pk": 495,
 "fields": {
  "nombre": "PINDOTY",
  "distrito": 36,
  "habilitado": true
 }
},
{
 "model": "pacientes.barrio",
 "pk": 636,
 "fields": {
  "nombre": "PINDOTY 1",
  "distrito": 67,
  "habilitado": true
 }
},
{
 "model": "pacientes.barrio",
 "pk": 637,
 "fields": {
  "nombre": "PINDOTY 2",
  "distrito": 67,
  "habilitado": true
 }
},
{
 "model": "pacientes.barrio",
 "pk": 47,
 "fields": {
  "nombre": "PINOZA",
  "distrito": 1,
  "habilitado": true
 }
},
{
 "model": "pacientes.barrio",
 "pk": 233,
 "fields": {
  "nombre": "PIQUETE CUE",
  "distrito": 185,
  "habilitado": true
 }
},
{
 "model": "pacientes.barrio",
 "pk": 505,
 "fields": {
  "nombre": "PIRAJU-I",
  "distrito": 37,
  "habilitado": true
 }
},
{
 "model": "pacientes.barrio",
 "pk": 733,
 "fields": {
  "nombre": "PIRAPEY",
  "distrito": 108,
  "habilitado": true
 }
},
{
 "model": "pacientes.barrio",
 "pk": 534,
 "fields": {
  "nombre": "PIRAYU-I",
  "distrito": 44,
  "habilitado": true
 }
},
{
 "model": "pacientes.barrio",
 "pk": 615,
 "fields": {
  "nombre": "PIRITY",
  "distrito": 60,
  "habilitado": true
 }
},
{
 "model": "pacientes.barrio",
 "pk": 6,
 "fields": {
  "nombre": "PIRIZAL",
  "distrito": 1,
  "habilitado": true
 }
},
{
 "model": "pacientes.barrio",
 "pk": 166,
 "fields": {
  "nombre": "PITIANTUTA",
  "distrito": 179,
  "habilitado": true
 }
},
{
 "model": "pacientes.barrio",
 "pk": 583,
 "fields": {
  "nombre": "PLANCHADA",
  "distrito": 63,
  "habilitado": true
 }
},
{
 "model": "pacientes.barrio",
 "pk": 1106,
 "fields": {
  "nombre": "PORTAL DEL SOL",
  "distrito": 174,
  "habilitado": true
 }
},
{
 "model": "pacientes.barrio",
 "pk": 769,
 "fields": {
  "nombre": "POSTA CUE",
  "distrito": 111,
  "habilitado": true
 }
},
{
 "model": "pacientes.barrio",
 "pk": 353,
 "fields": {
  "nombre": "POSTA GAONA",
  "distrito": 191,
  "habilitado": true
 }
},
{
 "model": "pacientes.barrio",
 "pk": 200,
 "fields": {
  "nombre": "POSTA YBYCUA",
  "distrito": 183,
  "habilitado": true
 }
},
{
 "model": "pacientes.barrio",
 "pk": 201,
 "fields": {
  "nombre": "POSTA YBYRARO",
  "distrito": 183,
  "habilitado": true
 }
},
{
 "model": "pacientes.barrio",
 "pk": 202,
 "fields": {
  "nombre": "POSTA YBYRARO II",
  "distrito": 183,
  "habilitado": true
 }
},
{
 "model": "pacientes.barrio",
 "pk": 608,
 "fields": {
  "nombre": "POSTRERO ",
  "distrito": 58,
  "habilitado": true
 }
},
{
 "model": "pacientes.barrio",
 "pk": 407,
 "fields": {
  "nombre": "POTRERITO",
  "distrito": 23,
  "habilitado": true
 }
},
{
 "model": "pacientes.barrio",
 "pk": 760,
 "fields": {
  "nombre": "POTRERITO",
  "distrito": 110,
  "habilitado": true
 }
},
{
 "model": "pacientes.barrio",
 "pk": 322,
 "fields": {
  "nombre": "POTRERITO",
  "distrito": 188,
  "habilitado": true
 }
},
{
 "model": "pacientes.barrio",
 "pk": 673,
 "fields": {
  "nombre": "POTRERO",
  "distrito": 68,
  "habilitado": true
 }
},
{
 "model": "pacientes.barrio",
 "pk": 928,
 "fields": {
  "nombre": "POTRERO",
  "distrito": 153,
  "habilitado": true
 }
},
{
 "model": "pacientes.barrio",
 "pk": 554,
 "fields": {
  "nombre": "POTRERO",
  "distrito": 47,
  "habilitado": true
 }
},
{
 "model": "pacientes.barrio",
 "pk": 298,
 "fields": {
  "nombre": "POTRERO",
  "distrito": 192,
  "habilitado": true
 }
},
{
 "model": "pacientes.barrio",
 "pk": 893,
 "fields": {
  "nombre": "POTRERO",
  "distrito": 142,
  "habilitado": true
 }
},
{
 "model": "pacientes.barrio",
 "pk": 490,
 "fields": {
  "nombre": "POTRERO ",
  "distrito": 32,
  "habilitado": true
 }
},
{
 "model": "pacientes.barrio",
 "pk": 500,
 "fields": {
  "nombre": "POTRERO ANGELITO",
  "distrito": 37,
  "habilitado": true
 }
},
{
 "model": "pacientes.barrio",
 "pk": 904,
 "fields": {
  "nombre": "POTRERO AVENDA\u00d1O",
  "distrito": 147,
  "habilitado": true
 }
},
{
 "model": "pacientes.barrio",
 "pk": 979,
 "fields": {
  "nombre": "POTRERO BORDON",
  "distrito": 205,
  "habilitado": true
 }
},
{
 "model": "pacientes.barrio",
 "pk": 754,
 "fields": {
  "nombre": "POTRERO DUARTE",
  "distrito": 110,
  "habilitado": true
 }
},
{
 "model": "pacientes.barrio",
 "pk": 1008,
 "fields": {
  "nombre": "POTRERO ESTECHE",
  "distrito": 204,
  "habilitado": true
 }
},
{
 "model": "pacientes.barrio",
 "pk": 685,
 "fields": {
  "nombre": "POTRERO GUAYAKI",
  "distrito": 68,
  "habilitado": true
 }
},
{
 "model": "pacientes.barrio",
 "pk": 749,
 "fields": {
  "nombre": "POTRERO KAA",
  "distrito": 110,
  "habilitado": true
 }
},
{
 "model": "pacientes.barrio",
 "pk": 763,
 "fields": {
  "nombre": "POTRERO MUA",
  "distrito": 110,
  "habilitado": true
 }
},
{
 "model": "pacientes.barrio",
 "pk": 986,
 "fields": {
  "nombre": "POTRERO PINDO",
  "distrito": 208,
  "habilitado": true
 }
},
{
 "model": "pacientes.barrio",
 "pk": 342,
 "fields": {
  "nombre": "POTRERO POI",
  "distrito": 191,
  "habilitado": true
 }
},
{
 "model": "pacientes.barrio",
 "pk": 813,
 "fields": {
  "nombre": "POTRERO YVATE",
  "distrito": 124,
  "habilitado": true
 }
},
{
 "model": "pacientes.barrio",
 "pk": 1040,
 "fields": {
  "nombre": "POZO COLORADO",
  "distrito": 233,
  "habilitado": true
 }
},
{
 "model": "pacientes.barrio",
 "pk": 803,
 "fields": {
  "nombre": "PRADERA ALTA",
  "distrito": 112,
  "habilitado": true
 }
},
{
 "model": "pacientes.barrio",
 "pk": 525,
 "fields": {
  "nombre": "PRESIDENTE FRANCO",
  "distrito": 42,
  "habilitado": true
 }
},
{
 "model": "pacientes.barrio",
 "pk": 1053,
 "fields": {
  "nombre": "PRIMAVERA",
  "distrito": 242,
  "habilitado": true
 }
},
{
 "model": "pacientes.barrio",
 "pk": 837,
 "fields": {
  "nombre": "PRIMAVERAL",
  "distrito": 131,
  "habilitado": true
 }
},
{
 "model": "pacientes.barrio",
 "pk": 83,
 "fields": {
  "nombre": "PRIMER BARRIO",
  "distrito": 184,
  "habilitado": true
 }
},
{
 "model": "pacientes.barrio",
 "pk": 840,
 "fields": {
  "nombre": "PRIMERO DE NOVIEMBRE",
  "distrito": 131,
  "habilitado": true
 }
},
{
 "model": "pacientes.barrio",
 "pk": 266,
 "fields": {
  "nombre": "PUEBLO",
  "distrito": 187,
  "habilitado": true
 }
},
{
 "model": "pacientes.barrio",
 "pk": 806,
 "fields": {
  "nombre": "PUERTO HOHENAU",
  "distrito": 112,
  "habilitado": true
 }
},
{
 "model": "pacientes.barrio",
 "pk": 557,
 "fields": {
  "nombre": "PUNTA DEL ESTE",
  "distrito": 47,
  "habilitado": true
 }
},
{
 "model": "pacientes.barrio",
 "pk": 988,
 "fields": {
  "nombre": "PUNTA DIAMANTE",
  "distrito": 208,
  "habilitado": true
 }
},
{
 "model": "pacientes.barrio",
 "pk": 814,
 "fields": {
  "nombre": "PUNTARATI",
  "distrito": 124,
  "habilitado": true
 }
},
{
 "model": "pacientes.barrio",
 "pk": 720,
 "fields": {
  "nombre": "QUITERIA",
  "distrito": 99,
  "habilitado": true
 }
},
{
 "model": "pacientes.barrio",
 "pk": 1042,
 "fields": {
  "nombre": "RADIO PAI",
  "distrito": 233,
  "habilitado": true
 }
},
{
 "model": "pacientes.barrio",
 "pk": 43,
 "fields": {
  "nombre": "RECOLETA",
  "distrito": 1,
  "habilitado": true
 }
},
{
 "model": "pacientes.barrio",
 "pk": 163,
 "fields": {
  "nombre": "REDUCTO",
  "distrito": 182,
  "habilitado": true
 }
},
{
 "model": "pacientes.barrio",
 "pk": 1036,
 "fields": {
  "nombre": "REMANSITO",
  "distrito": 228,
  "habilitado": true
 }
},
{
 "model": "pacientes.barrio",
 "pk": 295,
 "fields": {
  "nombre": "REMANSO ",
  "distrito": 181,
  "habilitado": true
 }
},
{
 "model": "pacientes.barrio",
 "pk": 257,
 "fields": {
  "nombre": "REMANSO CASTILLO",
  "distrito": 186,
  "habilitado": true
 }
},
{
 "model": "pacientes.barrio",
 "pk": 5,
 "fields": {
  "nombre": "REPUBLICANO",
  "distrito": 1,
  "habilitado": true
 }
},
{
 "model": "pacientes.barrio",
 "pk": 1046,
 "fields": {
  "nombre": "RESIDENCIAL SUR",
  "distrito": 233,
  "habilitado": true
 }
},
{
 "model": "pacientes.barrio",
 "pk": 185,
 "fields": {
  "nombre": "RETIRO",
  "distrito": 183,
  "habilitado": true
 }
},
{
 "model": "pacientes.barrio",
 "pk": 20,
 "fields": {
  "nombre": "RICARDO BRUGADA",
  "distrito": 1,
  "habilitado": true
 }
},
{
 "model": "pacientes.barrio",
 "pk": 925,
 "fields": {
  "nombre": "RINCON",
  "distrito": 149,
  "habilitado": true
 }
},
{
 "model": "pacientes.barrio",
 "pk": 161,
 "fields": {
  "nombre": "RINCON",
  "distrito": 182,
  "habilitado": true
 }
},
{
 "model": "pacientes.barrio",
 "pk": 219,
 "fields": {
  "nombre": "RINCON",
  "distrito": 180,
  "habilitado": true
 }
},
{
 "model": "pacientes.barrio",
 "pk": 996,
 "fields": {
  "nombre": "RINCON DE LUNA",
  "distrito": 201,
  "habilitado": true
 }
},
{
 "model": "pacientes.barrio",
 "pk": 234,
 "fields": {
  "nombre": "RINCON DEL PE\u00d1ON",
  "distrito": 185,
  "habilitado": true
 }
},
{
 "model": "pacientes.barrio",
 "pk": 4,
 "fields": {
  "nombre": "ROBERTO L. PETTIT",
  "distrito": 1,
  "habilitado": true
 }
},
{
 "model": "pacientes.barrio",
 "pk": 187,
 "fields": {
  "nombre": "ROBERTO L. PETTIT",
  "distrito": 183,
  "habilitado": true
 }
},
{
 "model": "pacientes.barrio",
 "pk": 203,
 "fields": {
  "nombre": "ROJAS CA\u00d1ADA",
  "distrito": 183,
  "habilitado": true
 }
},
{
 "model": "pacientes.barrio",
 "pk": 318,
 "fields": {
  "nombre": "ROSA MISTICA",
  "distrito": 188,
  "habilitado": true
 }
},
{
 "model": "pacientes.barrio",
 "pk": 1043,
 "fields": {
  "nombre": "ROSA MISTICA",
  "distrito": 233,
  "habilitado": true
 }
},
{
 "model": "pacientes.barrio",
 "pk": 553,
 "fields": {
  "nombre": "ROSADO",
  "distrito": 47,
  "habilitado": true
 }
},
{
 "model": "pacientes.barrio",
 "pk": 332,
 "fields": {
  "nombre": "ROSADO GUAZU",
  "distrito": 188,
  "habilitado": true
 }
},
{
 "model": "pacientes.barrio",
 "pk": 864,
 "fields": {
  "nombre": "ROSADO TUYA",
  "distrito": 131,
  "habilitado": true
 }
},
{
 "model": "pacientes.barrio",
 "pk": 1057,
 "fields": {
  "nombre": "ROSALEDA",
  "distrito": 245,
  "habilitado": true
 }
},
{
 "model": "pacientes.barrio",
 "pk": 289,
 "fields": {
  "nombre": "ROSEDAL",
  "distrito": 181,
  "habilitado": true
 }
},
{
 "model": "pacientes.barrio",
 "pk": 501,
 "fields": {
  "nombre": "RUBIO \u00d1U",
  "distrito": 37,
  "habilitado": true
 }
},
{
 "model": "pacientes.barrio",
 "pk": 418,
 "fields": {
  "nombre": "SAGRADA FAMILIA",
  "distrito": 26,
  "habilitado": true
 }
},
{
 "model": "pacientes.barrio",
 "pk": 117,
 "fields": {
  "nombre": "SAGRADA FAMILIA",
  "distrito": 182,
  "habilitado": true
 }
},
{
 "model": "pacientes.barrio",
 "pk": 11,
 "fields": {
  "nombre": "SAJONIA",
  "distrito": 1,
  "habilitado": true
 }
},
{
 "model": "pacientes.barrio",
 "pk": 235,
 "fields": {
  "nombre": "SALADOI",
  "distrito": 185,
  "habilitado": true
 }
},
{
 "model": "pacientes.barrio",
 "pk": 579,
 "fields": {
  "nombre": "SALESIANO",
  "distrito": 49,
  "habilitado": true
 }
},
{
 "model": "pacientes.barrio",
 "pk": 218,
 "fields": {
  "nombre": "SALINAS",
  "distrito": 180,
  "habilitado": true
 }
},
{
 "model": "pacientes.barrio",
 "pk": 58,
 "fields": {
  "nombre": "SALVADOR DEL MUNDO",
  "distrito": 1,
  "habilitado": true
 }
},
{
 "model": "pacientes.barrio",
 "pk": 275,
 "fields": {
  "nombre": "SAN AGUSTIN",
  "distrito": 187,
  "habilitado": true
 }
},
{
 "model": "pacientes.barrio",
 "pk": 819,
 "fields": {
  "nombre": "SAN ANTONIO",
  "distrito": 124,
  "habilitado": true
 }
},
{
 "model": "pacientes.barrio",
 "pk": 327,
 "fields": {
  "nombre": "SAN ANTONIO",
  "distrito": 188,
  "habilitado": true
 }
},
{
 "model": "pacientes.barrio",
 "pk": 940,
 "fields": {
  "nombre": "SAN ANTONIO",
  "distrito": 170,
  "habilitado": true
 }
},
{
 "model": "pacientes.barrio",
 "pk": 1020,
 "fields": {
  "nombre": "SAN ANTONIO",
  "distrito": 215,
  "habilitado": true
 }
},
{
 "model": "pacientes.barrio",
 "pk": 593,
 "fields": {
  "nombre": "SAN ANTONIO",
  "distrito": 63,
  "habilitado": true
 }
},
{
 "model": "pacientes.barrio",
 "pk": 1014,
 "fields": {
  "nombre": "SAN ANTONIO",
  "distrito": 213,
  "habilitado": true
 }
},
{
 "model": "pacientes.barrio",
 "pk": 135,
 "fields": {
  "nombre": "SAN ANTONIO",
  "distrito": 182,
  "habilitado": true
 }
},
{
 "model": "pacientes.barrio",
 "pk": 311,
 "fields": {
  "nombre": "SAN ANTONIO",
  "distrito": 192,
  "habilitado": true
 }
},
{
 "model": "pacientes.barrio",
 "pk": 237,
 "fields": {
  "nombre": "SAN ANTONIO",
  "distrito": 185,
  "habilitado": true
 }
},
{
 "model": "pacientes.barrio",
 "pk": 405,
 "fields": {
  "nombre": "SAN ANTONIO",
  "distrito": 23,
  "habilitado": true
 }
},
{
 "model": "pacientes.barrio",
 "pk": 708,
 "fields": {
  "nombre": "SAN ANTONIO",
  "distrito": 89,
  "habilitado": true
 }
},
{
 "model": "pacientes.barrio",
 "pk": 727,
 "fields": {
  "nombre": "SAN ANTONIO",
  "distrito": 109,
  "habilitado": true
 }
},
{
 "model": "pacientes.barrio",
 "pk": 842,
 "fields": {
  "nombre": "SAN ANTONIO",
  "distrito": 131,
  "habilitado": true
 }
},
{
 "model": "pacientes.barrio",
 "pk": 541,
 "fields": {
  "nombre": "SAN ANTONIO",
  "distrito": 46,
  "habilitado": true
 }
},
{
 "model": "pacientes.barrio",
 "pk": 361,
 "fields": {
  "nombre": "SAN ANTONIO",
  "distrito": 191,
  "habilitado": true
 }
},
{
 "model": "pacientes.barrio",
 "pk": 991,
 "fields": {
  "nombre": "SAN ANTONIO",
  "distrito": 200,
  "habilitado": true
 }
},
{
 "model": "pacientes.barrio",
 "pk": 13,
 "fields": {
  "nombre": "SAN ANTONIO",
  "distrito": 1,
  "habilitado": true
 }
},
{
 "model": "pacientes.barrio",
 "pk": 474,
 "fields": {
  "nombre": "SAN ANTONIO",
  "distrito": 32,
  "habilitado": true
 }
},
{
 "model": "pacientes.barrio",
 "pk": 771,
 "fields": {
  "nombre": "SAN ANTONIO",
  "distrito": 111,
  "habilitado": true
 }
},
{
 "model": "pacientes.barrio",
 "pk": 373,
 "fields": {
  "nombre": "SAN ANTONIO",
  "distrito": 178,
  "habilitado": true
 }
},
{
 "model": "pacientes.barrio",
 "pk": 1067,
 "fields": {
  "nombre": "SAN ANTONIO YPECURU",
  "distrito": 174,
  "habilitado": true
 }
},
{
 "model": "pacientes.barrio",
 "pk": 723,
 "fields": {
  "nombre": "SAN ANTONIO YPECURU",
  "distrito": 99,
  "habilitado": true
 }
},
{
 "model": "pacientes.barrio",
 "pk": 1075,
 "fields": {
  "nombre": "SAN ANTONIO YPECURU",
  "distrito": 252,
  "habilitado": true
 }
},
{
 "model": "pacientes.barrio",
 "pk": 858,
 "fields": {
  "nombre": "SAN BENITO",
  "distrito": 131,
  "habilitado": true
 }
},
{
 "model": "pacientes.barrio",
 "pk": 453,
 "fields": {
  "nombre": "SAN BLAS",
  "distrito": 29,
  "habilitado": true
 }
},
{
 "model": "pacientes.barrio",
 "pk": 255,
 "fields": {
  "nombre": "SAN BLAS",
  "distrito": 186,
  "habilitado": true
 }
},
{
 "model": "pacientes.barrio",
 "pk": 1049,
 "fields": {
  "nombre": "SAN BLAS",
  "distrito": 237,
  "habilitado": true
 }
},
{
 "model": "pacientes.barrio",
 "pk": 403,
 "fields": {
  "nombre": "SAN BLAS",
  "distrito": 23,
  "habilitado": true
 }
},
{
 "model": "pacientes.barrio",
 "pk": 68,
 "fields": {
  "nombre": "SAN BLAS",
  "distrito": 1,
  "habilitado": true
 }
},
{
 "model": "pacientes.barrio",
 "pk": 1009,
 "fields": {
  "nombre": "SAN BLAS",
  "distrito": 212,
  "habilitado": true
 }
},
{
 "model": "pacientes.barrio",
 "pk": 133,
 "fields": {
  "nombre": "SAN BLAS",
  "distrito": 182,
  "habilitado": true
 }
},
{
 "model": "pacientes.barrio",
 "pk": 793,
 "fields": {
  "nombre": "SAN BLAS",
  "distrito": 112,
  "habilitado": true
 }
},
{
 "model": "pacientes.barrio",
 "pk": 756,
 "fields": {
  "nombre": "SAN BLAS",
  "distrito": 110,
  "habilitado": true
 }
},
{
 "model": "pacientes.barrio",
 "pk": 1066,
 "fields": {
  "nombre": "SAN BLAS",
  "distrito": 174,
  "habilitado": true
 }
},
{
 "model": "pacientes.barrio",
 "pk": 580,
 "fields": {
  "nombre": "SAN BLAS",
  "distrito": 49,
  "habilitado": true
 }
},
{
 "model": "pacientes.barrio",
 "pk": 719,
 "fields": {
  "nombre": "SAN BLAS",
  "distrito": 99,
  "habilitado": true
 }
},
{
 "model": "pacientes.barrio",
 "pk": 358,
 "fields": {
  "nombre": "SAN BLAS",
  "distrito": 191,
  "habilitado": true
 }
},
{
 "model": "pacientes.barrio",
 "pk": 439,
 "fields": {
  "nombre": "SAN BLAS",
  "distrito": 26,
  "habilitado": true
 }
},
{
 "model": "pacientes.barrio",
 "pk": 773,
 "fields": {
  "nombre": "SAN BLAS",
  "distrito": 111,
  "habilitado": true
 }
},
{
 "model": "pacientes.barrio",
 "pk": 382,
 "fields": {
  "nombre": "SAN BLAS",
  "distrito": 194,
  "habilitado": true
 }
},
{
 "model": "pacientes.barrio",
 "pk": 707,
 "fields": {
  "nombre": "SAN BLAS",
  "distrito": 89,
  "habilitado": true
 }
},
{
 "model": "pacientes.barrio",
 "pk": 475,
 "fields": {
  "nombre": "SAN BLAS",
  "distrito": 32,
  "habilitado": true
 }
},
{
 "model": "pacientes.barrio",
 "pk": 267,
 "fields": {
  "nombre": "SAN BLAS",
  "distrito": 187,
  "habilitado": true
 }
},
{
 "model": "pacientes.barrio",
 "pk": 852,
 "fields": {
  "nombre": "SAN BLAS NORTE",
  "distrito": 131,
  "habilitado": true
 }
},
{
 "model": "pacientes.barrio",
 "pk": 846,
 "fields": {
  "nombre": "SAN BLAS SUR",
  "distrito": 131,
  "habilitado": true
 }
},
{
 "model": "pacientes.barrio",
 "pk": 732,
 "fields": {
  "nombre": "SAN BORJA",
  "distrito": 109,
  "habilitado": true
 }
},
{
 "model": "pacientes.barrio",
 "pk": 224,
 "fields": {
  "nombre": "SAN CARLOS",
  "distrito": 180,
  "habilitado": true
 }
},
{
 "model": "pacientes.barrio",
 "pk": 459,
 "fields": {
  "nombre": "SAN CAYETANO",
  "distrito": 29,
  "habilitado": true
 }
},
{
 "model": "pacientes.barrio",
 "pk": 365,
 "fields": {
  "nombre": "SAN CAYETANO",
  "distrito": 191,
  "habilitado": true
 }
},
{
 "model": "pacientes.barrio",
 "pk": 35,
 "fields": {
  "nombre": "SAN CRISTOBAL",
  "distrito": 1,
  "habilitado": true
 }
},
{
 "model": "pacientes.barrio",
 "pk": 776,
 "fields": {
  "nombre": "SAN DIONISIO",
  "distrito": 111,
  "habilitado": true
 }
},
{
 "model": "pacientes.barrio",
 "pk": 777,
 "fields": {
  "nombre": "SAN ESTANISLAO",
  "distrito": 111,
  "habilitado": true
 }
},
{
 "model": "pacientes.barrio",
 "pk": 458,
 "fields": {
  "nombre": "SAN FELIPE",
  "distrito": 29,
  "habilitado": true
 }
},
{
 "model": "pacientes.barrio",
 "pk": 136,
 "fields": {
  "nombre": "SAN FELIPE",
  "distrito": 182,
  "habilitado": true
 }
},
{
 "model": "pacientes.barrio",
 "pk": 21,
 "fields": {
  "nombre": "SAN FELIPE",
  "distrito": 1,
  "habilitado": true
 }
},
{
 "model": "pacientes.barrio",
 "pk": 432,
 "fields": {
  "nombre": "SAN FELIPE",
  "distrito": 26,
  "habilitado": true
 }
},
{
 "model": "pacientes.barrio",
 "pk": 181,
 "fields": {
  "nombre": "SAN FRANCISCO",
  "distrito": 183,
  "habilitado": true
 }
},
{
 "model": "pacientes.barrio",
 "pk": 613,
 "fields": {
  "nombre": "SAN FRANCISCO",
  "distrito": 57,
  "habilitado": true
 }
},
{
 "model": "pacientes.barrio",
 "pk": 417,
 "fields": {
  "nombre": "SAN FRANCISCO",
  "distrito": 26,
  "habilitado": true
 }
},
{
 "model": "pacientes.barrio",
 "pk": 466,
 "fields": {
  "nombre": "SAN FRANCISCO",
  "distrito": 29,
  "habilitado": true
 }
},
{
 "model": "pacientes.barrio",
 "pk": 264,
 "fields": {
  "nombre": "SAN FRANCISCO",
  "distrito": 187,
  "habilitado": true
 }
},
{
 "model": "pacientes.barrio",
 "pk": 729,
 "fields": {
  "nombre": "SAN FRANCISCO",
  "distrito": 109,
  "habilitado": true
 }
},
{
 "model": "pacientes.barrio",
 "pk": 479,
 "fields": {
  "nombre": "SAN FRANCISCO",
  "distrito": 32,
  "habilitado": true
 }
},
{
 "model": "pacientes.barrio",
 "pk": 827,
 "fields": {
  "nombre": "SAN FRANCISCO",
  "distrito": 131,
  "habilitado": true
 }
},
{
 "model": "pacientes.barrio",
 "pk": 121,
 "fields": {
  "nombre": "SAN FRANCISCO",
  "distrito": 182,
  "habilitado": true
 }
},
{
 "model": "pacientes.barrio",
 "pk": 383,
 "fields": {
  "nombre": "SAN FRANCISCO",
  "distrito": 194,
  "habilitado": true
 }
},
{
 "model": "pacientes.barrio",
 "pk": 244,
 "fields": {
  "nombre": "SAN FRANCISCO",
  "distrito": 185,
  "habilitado": true
 }
},
{
 "model": "pacientes.barrio",
 "pk": 946,
 "fields": {
  "nombre": "SAN FRANCISCO",
  "distrito": 160,
  "habilitado": true
 }
},
{
 "model": "pacientes.barrio",
 "pk": 598,
 "fields": {
  "nombre": "SAN FRANCISCO BERTHAL",
  "distrito": 63,
  "habilitado": true
 }
},
{
 "model": "pacientes.barrio",
 "pk": 190,
 "fields": {
  "nombre": "SAN FRANCISCO DE ASIS",
  "distrito": 183,
  "habilitado": true
 }
},
{
 "model": "pacientes.barrio",
 "pk": 871,
 "fields": {
  "nombre": "SAN GABRIEL",
  "distrito": 135,
  "habilitado": true
 }
},
{
 "model": "pacientes.barrio",
 "pk": 604,
 "fields": {
  "nombre": "SAN IGNACIO",
  "distrito": 58,
  "habilitado": true
 }
},
{
 "model": "pacientes.barrio",
 "pk": 120,
 "fields": {
  "nombre": "SAN ISIDRO",
  "distrito": 182,
  "habilitado": true
 }
},
{
 "model": "pacientes.barrio",
 "pk": 742,
 "fields": {
  "nombre": "SAN ISIDRO",
  "distrito": 110,
  "habilitado": true
 }
},
{
 "model": "pacientes.barrio",
 "pk": 628,
 "fields": {
  "nombre": "SAN ISIDRO",
  "distrito": 67,
  "habilitado": true
 }
},
{
 "model": "pacientes.barrio",
 "pk": 469,
 "fields": {
  "nombre": "SAN ISIDRO",
  "distrito": 29,
  "habilitado": true
 }
},
{
 "model": "pacientes.barrio",
 "pk": 584,
 "fields": {
  "nombre": "SAN ISIDRO",
  "distrito": 63,
  "habilitado": true
 }
},
{
 "model": "pacientes.barrio",
 "pk": 653,
 "fields": {
  "nombre": "SAN ISIDRO",
  "distrito": 68,
  "habilitado": true
 }
},
{
 "model": "pacientes.barrio",
 "pk": 768,
 "fields": {
  "nombre": "SAN ISIDRO",
  "distrito": 111,
  "habilitado": true
 }
},
{
 "model": "pacientes.barrio",
 "pk": 371,
 "fields": {
  "nombre": "SAN ISIDRO",
  "distrito": 178,
  "habilitado": true
 }
},
{
 "model": "pacientes.barrio",
 "pk": 411,
 "fields": {
  "nombre": "SAN ISIDRO",
  "distrito": 24,
  "habilitado": true
 }
},
{
 "model": "pacientes.barrio",
 "pk": 610,
 "fields": {
  "nombre": "SAN ISIDRO",
  "distrito": 57,
  "habilitado": true
 }
},
{
 "model": "pacientes.barrio",
 "pk": 330,
 "fields": {
  "nombre": "SAN ISIDRO",
  "distrito": 188,
  "habilitado": true
 }
},
{
 "model": "pacientes.barrio",
 "pk": 1021,
 "fields": {
  "nombre": "SAN ISIDRO OESTE",
  "distrito": 217,
  "habilitado": true
 }
},
{
 "model": "pacientes.barrio",
 "pk": 823,
 "fields": {
  "nombre": "SAN ISIDRO RESISTENCIA",
  "distrito": 131,
  "habilitado": true
 }
},
{
 "model": "pacientes.barrio",
 "pk": 850,
 "fields": {
  "nombre": "SAN JAVIER",
  "distrito": 131,
  "habilitado": true
 }
},
{
 "model": "pacientes.barrio",
 "pk": 39,
 "fields": {
  "nombre": "SAN JORGE",
  "distrito": 1,
  "habilitado": true
 }
},
{
 "model": "pacientes.barrio",
 "pk": 428,
 "fields": {
  "nombre": "SAN JORGE",
  "distrito": 26,
  "habilitado": true
 }
},
{
 "model": "pacientes.barrio",
 "pk": 256,
 "fields": {
  "nombre": "SAN JORGE",
  "distrito": 186,
  "habilitado": true
 }
},
{
 "model": "pacientes.barrio",
 "pk": 271,
 "fields": {
  "nombre": "SAN JORGE",
  "distrito": 187,
  "habilitado": true
 }
},
{
 "model": "pacientes.barrio",
 "pk": 1082,
 "fields": {
  "nombre": "SAN JOSE",
  "distrito": 252,
  "habilitado": true
 }
},
{
 "model": "pacientes.barrio",
 "pk": 396,
 "fields": {
  "nombre": "SAN JOSE",
  "distrito": 9,
  "habilitado": true
 }
},
{
 "model": "pacientes.barrio",
 "pk": 1032,
 "fields": {
  "nombre": "SAN JOSE",
  "distrito": 221,
  "habilitado": true
 }
},
{
 "model": "pacientes.barrio",
 "pk": 596,
 "fields": {
  "nombre": "SAN JOSE",
  "distrito": 63,
  "habilitado": true
 }
},
{
 "model": "pacientes.barrio",
 "pk": 830,
 "fields": {
  "nombre": "SAN JOSE",
  "distrito": 131,
  "habilitado": true
 }
},
{
 "model": "pacientes.barrio",
 "pk": 1058,
 "fields": {
  "nombre": "SAN JOSE",
  "distrito": 166,
  "habilitado": true
 }
},
{
 "model": "pacientes.barrio",
 "pk": 792,
 "fields": {
  "nombre": "SAN JOSE",
  "distrito": 112,
  "habilitado": true
 }
},
{
 "model": "pacientes.barrio",
 "pk": 782,
 "fields": {
  "nombre": "SAN JOSE",
  "distrito": 111,
  "habilitado": true
 }
},
{
 "model": "pacientes.barrio",
 "pk": 419,
 "fields": {
  "nombre": "SAN JOSE",
  "distrito": 26,
  "habilitado": true
 }
},
{
 "model": "pacientes.barrio",
 "pk": 293,
 "fields": {
  "nombre": "SAN JOSE",
  "distrito": 181,
  "habilitado": true
 }
},
{
 "model": "pacientes.barrio",
 "pk": 243,
 "fields": {
  "nombre": "SAN JOSE",
  "distrito": 185,
  "habilitado": true
 }
},
{
 "model": "pacientes.barrio",
 "pk": 950,
 "fields": {
  "nombre": "SAN JOSE",
  "distrito": 196,
  "habilitado": true
 }
},
{
 "model": "pacientes.barrio",
 "pk": 127,
 "fields": {
  "nombre": "SAN JOSE",
  "distrito": 182,
  "habilitado": true
 }
},
{
 "model": "pacientes.barrio",
 "pk": 1063,
 "fields": {
  "nombre": "SAN JOSE",
  "distrito": 174,
  "habilitado": true
 }
},
{
 "model": "pacientes.barrio",
 "pk": 1018,
 "fields": {
  "nombre": "SAN JOSE",
  "distrito": 215,
  "habilitado": true
 }
},
{
 "model": "pacientes.barrio",
 "pk": 966,
 "fields": {
  "nombre": "SAN JOSE DE PILAR",
  "distrito": 198,
  "habilitado": true
 }
},
{
 "model": "pacientes.barrio",
 "pk": 314,
 "fields": {
  "nombre": "SAN JOSE OBRERO",
  "distrito": 192,
  "habilitado": true
 }
},
{
 "model": "pacientes.barrio",
 "pk": 425,
 "fields": {
  "nombre": "SAN JOSE YVYPE-I",
  "distrito": 26,
  "habilitado": true
 }
},
{
 "model": "pacientes.barrio",
 "pk": 282,
 "fields": {
  "nombre": "SAN JUAN",
  "distrito": 181,
  "habilitado": true
 }
},
{
 "model": "pacientes.barrio",
 "pk": 168,
 "fields": {
  "nombre": "SAN JUAN",
  "distrito": 179,
  "habilitado": true
 }
},
{
 "model": "pacientes.barrio",
 "pk": 438,
 "fields": {
  "nombre": "SAN JUAN",
  "distrito": 26,
  "habilitado": true
 }
},
{
 "model": "pacientes.barrio",
 "pk": 446,
 "fields": {
  "nombre": "SAN JUAN",
  "distrito": 29,
  "habilitado": true
 }
},
{
 "model": "pacientes.barrio",
 "pk": 118,
 "fields": {
  "nombre": "SAN JUAN",
  "distrito": 182,
  "habilitado": true
 }
},
{
 "model": "pacientes.barrio",
 "pk": 891,
 "fields": {
  "nombre": "SAN JUAN-I",
  "distrito": 142,
  "habilitado": true
 }
},
{
 "model": "pacientes.barrio",
 "pk": 1010,
 "fields": {
  "nombre": "SAN JUAN NEUMAN",
  "distrito": 212,
  "habilitado": true
 }
},
{
 "model": "pacientes.barrio",
 "pk": 851,
 "fields": {
  "nombre": "SAN JUAN POTRERO",
  "distrito": 131,
  "habilitado": true
 }
},
{
 "model": "pacientes.barrio",
 "pk": 820,
 "fields": {
  "nombre": "SAN LORENZO",
  "distrito": 124,
  "habilitado": true
 }
},
{
 "model": "pacientes.barrio",
 "pk": 641,
 "fields": {
  "nombre": "SAN LORENZO",
  "distrito": 68,
  "habilitado": true
 }
},
{
 "model": "pacientes.barrio",
 "pk": 937,
 "fields": {
  "nombre": "SAN LORENZO",
  "distrito": 170,
  "habilitado": true
 }
},
{
 "model": "pacientes.barrio",
 "pk": 139,
 "fields": {
  "nombre": "SAN LUIS",
  "distrito": 182,
  "habilitado": true
 }
},
{
 "model": "pacientes.barrio",
 "pk": 252,
 "fields": {
  "nombre": "SAN LUIS",
  "distrito": 186,
  "habilitado": true
 }
},
{
 "model": "pacientes.barrio",
 "pk": 713,
 "fields": {
  "nombre": "SAN LUIS",
  "distrito": 89,
  "habilitado": true
 }
},
{
 "model": "pacientes.barrio",
 "pk": 408,
 "fields": {
  "nombre": "SAN MARCOS",
  "distrito": 23,
  "habilitado": true
 }
},
{
 "model": "pacientes.barrio",
 "pk": 338,
 "fields": {
  "nombre": "SAN MARTIN DE PORRES",
  "distrito": 193,
  "habilitado": true
 }
},
{
 "model": "pacientes.barrio",
 "pk": 957,
 "fields": {
  "nombre": "SAN MIGUEL",
  "distrito": 196,
  "habilitado": true
 }
},
{
 "model": "pacientes.barrio",
 "pk": 191,
 "fields": {
  "nombre": "SAN MIGUEL",
  "distrito": 183,
  "habilitado": true
 }
},
{
 "model": "pacientes.barrio",
 "pk": 436,
 "fields": {
  "nombre": "SAN MIGUEL",
  "distrito": 26,
  "habilitado": true
 }
},
{
 "model": "pacientes.barrio",
 "pk": 367,
 "fields": {
  "nombre": "SAN MIGUEL",
  "distrito": 191,
  "habilitado": true
 }
},
{
 "model": "pacientes.barrio",
 "pk": 395,
 "fields": {
  "nombre": "SAN MIGUEL",
  "distrito": 9,
  "habilitado": true
 }
},
{
 "model": "pacientes.barrio",
 "pk": 1071,
 "fields": {
  "nombre": "SAN MIGUEL",
  "distrito": 129,
  "habilitado": true
 }
},
{
 "model": "pacientes.barrio",
 "pk": 76,
 "fields": {
  "nombre": "SAN MIGUEL",
  "distrito": 177,
  "habilitado": true
 }
},
{
 "model": "pacientes.barrio",
 "pk": 1069,
 "fields": {
  "nombre": "SAN MIGUEL",
  "distrito": 174,
  "habilitado": true
 }
},
{
 "model": "pacientes.barrio",
 "pk": 1064,
 "fields": {
  "nombre": "SAN MIGUEL",
  "distrito": 102,
  "habilitado": true
 }
},
{
 "model": "pacientes.barrio",
 "pk": 213,
 "fields": {
  "nombre": "SAN MIGUEL",
  "distrito": 180,
  "habilitado": true
 }
},
{
 "model": "pacientes.barrio",
 "pk": 844,
 "fields": {
  "nombre": "SAN MIGUEL",
  "distrito": 131,
  "habilitado": true
 }
},
{
 "model": "pacientes.barrio",
 "pk": 546,
 "fields": {
  "nombre": "SAN MIGUEL",
  "distrito": 46,
  "habilitado": true
 }
},
{
 "model": "pacientes.barrio",
 "pk": 334,
 "fields": {
  "nombre": "SAN MIGUEL",
  "distrito": 188,
  "habilitado": true
 }
},
{
 "model": "pacientes.barrio",
 "pk": 721,
 "fields": {
  "nombre": "SAN MIGUEL",
  "distrito": 99,
  "habilitado": true
 }
},
{
 "model": "pacientes.barrio",
 "pk": 113,
 "fields": {
  "nombre": "SAN MIGUEL",
  "distrito": 182,
  "habilitado": true
 }
},
{
 "model": "pacientes.barrio",
 "pk": 573,
 "fields": {
  "nombre": "SAN MIGUEL",
  "distrito": 49,
  "habilitado": true
 }
},
{
 "model": "pacientes.barrio",
 "pk": 337,
 "fields": {
  "nombre": "SAN MIGUEL",
  "distrito": 193,
  "habilitado": true
 }
},
{
 "model": "pacientes.barrio",
 "pk": 404,
 "fields": {
  "nombre": "SAN MIGUEL",
  "distrito": 23,
  "habilitado": true
 }
},
{
 "model": "pacientes.barrio",
 "pk": 1050,
 "fields": {
  "nombre": "SAN MIGUEL",
  "distrito": 237,
  "habilitado": true
 }
},
{
 "model": "pacientes.barrio",
 "pk": 448,
 "fields": {
  "nombre": "SAN MIGUEL",
  "distrito": 29,
  "habilitado": true
 }
},
{
 "model": "pacientes.barrio",
 "pk": 1103,
 "fields": {
  "nombre": "SAN MIGUEL - STA. RITA",
  "distrito": 102,
  "habilitado": true
 }
},
{
 "model": "pacientes.barrio",
 "pk": 1105,
 "fields": {
  "nombre": "SAN MIGUEL - STA. RITA",
  "distrito": 174,
  "habilitado": true
 }
},
{
 "model": "pacientes.barrio",
 "pk": 1102,
 "fields": {
  "nombre": "SAN MIGUEL - STA. RITA",
  "distrito": 99,
  "habilitado": true
 }
},
{
 "model": "pacientes.barrio",
 "pk": 747,
 "fields": {
  "nombre": "SAN MIGUEL POTRERO",
  "distrito": 110,
  "habilitado": true
 }
},
{
 "model": "pacientes.barrio",
 "pk": 672,
 "fields": {
  "nombre": "SAN MIGUIEL",
  "distrito": 68,
  "habilitado": true
 }
},
{
 "model": "pacientes.barrio",
 "pk": 941,
 "fields": {
  "nombre": "SAN PABLO",
  "distrito": 170,
  "habilitado": true
 }
},
{
 "model": "pacientes.barrio",
 "pk": 705,
 "fields": {
  "nombre": "SAN PABLO",
  "distrito": 89,
  "habilitado": true
 }
},
{
 "model": "pacientes.barrio",
 "pk": 28,
 "fields": {
  "nombre": "SAN PABLO",
  "distrito": 1,
  "habilitado": true
 }
},
{
 "model": "pacientes.barrio",
 "pk": 461,
 "fields": {
  "nombre": "SAN PABLO",
  "distrito": 29,
  "habilitado": true
 }
},
{
 "model": "pacientes.barrio",
 "pk": 856,
 "fields": {
  "nombre": "SAN PABLO",
  "distrito": 131,
  "habilitado": true
 }
},
{
 "model": "pacientes.barrio",
 "pk": 1078,
 "fields": {
  "nombre": "SAN PAULI",
  "distrito": 174,
  "habilitado": true
 }
},
{
 "model": "pacientes.barrio",
 "pk": 770,
 "fields": {
  "nombre": "SAN PEDRITO",
  "distrito": 111,
  "habilitado": true
 }
},
{
 "model": "pacientes.barrio",
 "pk": 381,
 "fields": {
  "nombre": "SAN PEDRO",
  "distrito": 194,
  "habilitado": true
 }
},
{
 "model": "pacientes.barrio",
 "pk": 1016,
 "fields": {
  "nombre": "SAN PEDRO",
  "distrito": 215,
  "habilitado": true
 }
},
{
 "model": "pacientes.barrio",
 "pk": 132,
 "fields": {
  "nombre": "SAN PEDRO",
  "distrito": 182,
  "habilitado": true
 }
},
{
 "model": "pacientes.barrio",
 "pk": 123,
 "fields": {
  "nombre": "SAN PEDRO",
  "distrito": 182,
  "habilitado": true
 }
},
{
 "model": "pacientes.barrio",
 "pk": 319,
 "fields": {
  "nombre": "SAN PEDRO",
  "distrito": 188,
  "habilitado": true
 }
},
{
 "model": "pacientes.barrio",
 "pk": 726,
 "fields": {
  "nombre": "SAN PEDRO DEL PARANA",
  "distrito": 99,
  "habilitado": true
 }
},
{
 "model": "pacientes.barrio",
 "pk": 1099,
 "fields": {
  "nombre": "SAN RAFAEL",
  "distrito": 157,
  "habilitado": true
 }
},
{
 "model": "pacientes.barrio",
 "pk": 129,
 "fields": {
  "nombre": "SAN RAFAEL",
  "distrito": 182,
  "habilitado": true
 }
},
{
 "model": "pacientes.barrio",
 "pk": 392,
 "fields": {
  "nombre": "SAN RAFAEL",
  "distrito": 9,
  "habilitado": true
 }
},
{
 "model": "pacientes.barrio",
 "pk": 457,
 "fields": {
  "nombre": "SAN RAFAEL",
  "distrito": 29,
  "habilitado": true
 }
},
{
 "model": "pacientes.barrio",
 "pk": 64,
 "fields": {
  "nombre": "SAN RAFAEL",
  "distrito": 1,
  "habilitado": true
 }
},
{
 "model": "pacientes.barrio",
 "pk": 400,
 "fields": {
  "nombre": "SAN RAMON",
  "distrito": 9,
  "habilitado": true
 }
},
{
 "model": "pacientes.barrio",
 "pk": 258,
 "fields": {
  "nombre": "SAN RAMON",
  "distrito": 186,
  "habilitado": true
 }
},
{
 "model": "pacientes.barrio",
 "pk": 1095,
 "fields": {
  "nombre": "SAN RAMON",
  "distrito": 174,
  "habilitado": true
 }
},
{
 "model": "pacientes.barrio",
 "pk": 709,
 "fields": {
  "nombre": "SAN RAMON",
  "distrito": 89,
  "habilitado": true
 }
},
{
 "model": "pacientes.barrio",
 "pk": 125,
 "fields": {
  "nombre": "SAN RAMON",
  "distrito": 182,
  "habilitado": true
 }
},
{
 "model": "pacientes.barrio",
 "pk": 589,
 "fields": {
  "nombre": "SAN ROQUE",
  "distrito": 63,
  "habilitado": true
 }
},
{
 "model": "pacientes.barrio",
 "pk": 710,
 "fields": {
  "nombre": "SAN ROQUE",
  "distrito": 89,
  "habilitado": true
 }
},
{
 "model": "pacientes.barrio",
 "pk": 75,
 "fields": {
  "nombre": "SAN ROQUE",
  "distrito": 177,
  "habilitado": true
 }
},
{
 "model": "pacientes.barrio",
 "pk": 130,
 "fields": {
  "nombre": "SAN ROQUE",
  "distrito": 182,
  "habilitado": true
 }
},
{
 "model": "pacientes.barrio",
 "pk": 544,
 "fields": {
  "nombre": "SAN ROQUE",
  "distrito": 46,
  "habilitado": true
 }
},
{
 "model": "pacientes.barrio",
 "pk": 335,
 "fields": {
  "nombre": "SAN ROQUE",
  "distrito": 188,
  "habilitado": true
 }
},
{
 "model": "pacientes.barrio",
 "pk": 647,
 "fields": {
  "nombre": "SAN ROQUE",
  "distrito": 68,
  "habilitado": true
 }
},
{
 "model": "pacientes.barrio",
 "pk": 180,
 "fields": {
  "nombre": "SAN ROQUE",
  "distrito": 183,
  "habilitado": true
 }
},
{
 "model": "pacientes.barrio",
 "pk": 19,
 "fields": {
  "nombre": "SAN ROQUE",
  "distrito": 1,
  "habilitado": true
 }
},
{
 "model": "pacientes.barrio",
 "pk": 826,
 "fields": {
  "nombre": "SAN ROQUE",
  "distrito": 131,
  "habilitado": true
 }
},
{
 "model": "pacientes.barrio",
 "pk": 561,
 "fields": {
  "nombre": "SAN ROQUE GONZALEZ DE SANTA CRUZ",
  "distrito": 47,
  "habilitado": true
 }
},
{
 "model": "pacientes.barrio",
 "pk": 397,
 "fields": {
  "nombre": "SAN ROQUE GONZALEZ DE SANTA CRUZ",
  "distrito": 9,
  "habilitado": true
 }
},
{
 "model": "pacientes.barrio",
 "pk": 406,
 "fields": {
  "nombre": "SAN ROQUE GONZALEZ DE SANTA CRUZ",
  "distrito": 23,
  "habilitado": true
 }
},
{
 "model": "pacientes.barrio",
 "pk": 831,
 "fields": {
  "nombre": "SAN SALVADOR",
  "distrito": 131,
  "habilitado": true
 }
},
{
 "model": "pacientes.barrio",
 "pk": 812,
 "fields": {
  "nombre": "SAN SOLANO",
  "distrito": 124,
  "habilitado": true
 }
},
{
 "model": "pacientes.barrio",
 "pk": 818,
 "fields": {
  "nombre": "SAN VICENTE",
  "distrito": 124,
  "habilitado": true
 }
},
{
 "model": "pacientes.barrio",
 "pk": 7,
 "fields": {
  "nombre": "SAN VICENTE",
  "distrito": 1,
  "habilitado": true
 }
},
{
 "model": "pacientes.barrio",
 "pk": 480,
 "fields": {
  "nombre": "SAN VICENTE",
  "distrito": 32,
  "habilitado": true
 }
},
{
 "model": "pacientes.barrio",
 "pk": 825,
 "fields": {
  "nombre": "SAN VICENTE",
  "distrito": 131,
  "habilitado": true
 }
},
{
 "model": "pacientes.barrio",
 "pk": 933,
 "fields": {
  "nombre": "SAN VICENTE",
  "distrito": 157,
  "habilitado": true
 }
},
{
 "model": "pacientes.barrio",
 "pk": 143,
 "fields": {
  "nombre": "SANTA ANA",
  "distrito": 182,
  "habilitado": true
 }
},
{
 "model": "pacientes.barrio",
 "pk": 2,
 "fields": {
  "nombre": "SANTA ANA",
  "distrito": 1,
  "habilitado": true
 }
},
{
 "model": "pacientes.barrio",
 "pk": 398,
 "fields": {
  "nombre": "SANTA ANA",
  "distrito": 9,
  "habilitado": true
 }
},
{
 "model": "pacientes.barrio",
 "pk": 622,
 "fields": {
  "nombre": "SANTA BARBARA",
  "distrito": 60,
  "habilitado": true
 }
},
{
 "model": "pacientes.barrio",
 "pk": 370,
 "fields": {
  "nombre": "SANTA CATALINA",
  "distrito": 195,
  "habilitado": true
 }
},
{
 "model": "pacientes.barrio",
 "pk": 804,
 "fields": {
  "nombre": "SANTA CECILIA",
  "distrito": 112,
  "habilitado": true
 }
},
{
 "model": "pacientes.barrio",
 "pk": 1044,
 "fields": {
  "nombre": "SANTA CECILIA",
  "distrito": 233,
  "habilitado": true
 }
},
{
 "model": "pacientes.barrio",
 "pk": 144,
 "fields": {
  "nombre": "SANTA CRUZ",
  "distrito": 182,
  "habilitado": true
 }
},
{
 "model": "pacientes.barrio",
 "pk": 805,
 "fields": {
  "nombre": "SANTA FATIMA",
  "distrito": 112,
  "habilitado": true
 }
},
{
 "model": "pacientes.barrio",
 "pk": 638,
 "fields": {
  "nombre": "SANTA ISABEL",
  "distrito": 68,
  "habilitado": true
 }
},
{
 "model": "pacientes.barrio",
 "pk": 575,
 "fields": {
  "nombre": "SANTA LIBRADA",
  "distrito": 49,
  "habilitado": true
 }
},
{
 "model": "pacientes.barrio",
 "pk": 377,
 "fields": {
  "nombre": "SANTA LIBRADA",
  "distrito": 178,
  "habilitado": true
 }
},
{
 "model": "pacientes.barrio",
 "pk": 774,
 "fields": {
  "nombre": "SANTA LIBRADA",
  "distrito": 111,
  "habilitado": true
 }
},
{
 "model": "pacientes.barrio",
 "pk": 836,
 "fields": {
  "nombre": "SANTA LIBRADA",
  "distrito": 131,
  "habilitado": true
 }
},
{
 "model": "pacientes.barrio",
 "pk": 145,
 "fields": {
  "nombre": "SANTA LIBRADA",
  "distrito": 182,
  "habilitado": true
 }
},
{
 "model": "pacientes.barrio",
 "pk": 128,
 "fields": {
  "nombre": "SANTA LUCIA",
  "distrito": 182,
  "habilitado": true
 }
},
{
 "model": "pacientes.barrio",
 "pk": 238,
 "fields": {
  "nombre": "SANTA LUCIA",
  "distrito": 185,
  "habilitado": true
 }
},
{
 "model": "pacientes.barrio",
 "pk": 778,
 "fields": {
  "nombre": "SANTA LUCIA",
  "distrito": 111,
  "habilitado": true
 }
},
{
 "model": "pacientes.barrio",
 "pk": 609,
 "fields": {
  "nombre": "SANTA LUCIA",
  "distrito": 58,
  "habilitado": true
 }
},
{
 "model": "pacientes.barrio",
 "pk": 430,
 "fields": {
  "nombre": "SANTA LUCIA",
  "distrito": 26,
  "habilitado": true
 }
},
{
 "model": "pacientes.barrio",
 "pk": 798,
 "fields": {
  "nombre": "SANTA LUCIA",
  "distrito": 112,
  "habilitado": true
 }
},
{
 "model": "pacientes.barrio",
 "pk": 634,
 "fields": {
  "nombre": "SANTA LUCIA",
  "distrito": 67,
  "habilitado": true
 }
},
{
 "model": "pacientes.barrio",
 "pk": 576,
 "fields": {
  "nombre": "SANTA LUCIA",
  "distrito": 49,
  "habilitado": true
 }
},
{
 "model": "pacientes.barrio",
 "pk": 787,
 "fields": {
  "nombre": "SANTA LUCIA",
  "distrito": 111,
  "habilitado": true
 }
},
{
 "model": "pacientes.barrio",
 "pk": 122,
 "fields": {
  "nombre": "SANTA MARIA",
  "distrito": 182,
  "habilitado": true
 }
},
{
 "model": "pacientes.barrio",
 "pk": 450,
 "fields": {
  "nombre": "SANTA MARIA",
  "distrito": 29,
  "habilitado": true
 }
},
{
 "model": "pacientes.barrio",
 "pk": 401,
 "fields": {
  "nombre": "SANTA MARIA",
  "distrito": 23,
  "habilitado": true
 }
},
{
 "model": "pacientes.barrio",
 "pk": 37,
 "fields": {
  "nombre": "SANTA MARIA",
  "distrito": 1,
  "habilitado": true
 }
},
{
 "model": "pacientes.barrio",
 "pk": 786,
 "fields": {
  "nombre": "SANTA MARIA",
  "distrito": 111,
  "habilitado": true
 }
},
{
 "model": "pacientes.barrio",
 "pk": 597,
 "fields": {
  "nombre": "SANTA MARIA",
  "distrito": 63,
  "habilitado": true
 }
},
{
 "model": "pacientes.barrio",
 "pk": 810,
 "fields": {
  "nombre": "SANTA MARIA",
  "distrito": 112,
  "habilitado": true
 }
},
{
 "model": "pacientes.barrio",
 "pk": 853,
 "fields": {
  "nombre": "SANTA MARIA-MI",
  "distrito": 131,
  "habilitado": true
 }
},
{
 "model": "pacientes.barrio",
 "pk": 369,
 "fields": {
  "nombre": "SANTA MARTA",
  "distrito": 195,
  "habilitado": true
 }
},
{
 "model": "pacientes.barrio",
 "pk": 861,
 "fields": {
  "nombre": "SANTA RITA",
  "distrito": 131,
  "habilitado": true
 }
},
{
 "model": "pacientes.barrio",
 "pk": 783,
 "fields": {
  "nombre": "SANTA ROSA",
  "distrito": 111,
  "habilitado": true
 }
},
{
 "model": "pacientes.barrio",
 "pk": 214,
 "fields": {
  "nombre": "SANTA ROSA",
  "distrito": 180,
  "habilitado": true
 }
},
{
 "model": "pacientes.barrio",
 "pk": 69,
 "fields": {
  "nombre": "SANTA ROSA",
  "distrito": 1,
  "habilitado": true
 }
},
{
 "model": "pacientes.barrio",
 "pk": 1022,
 "fields": {
  "nombre": "SANTA ROSA",
  "distrito": 217,
  "habilitado": true
 }
},
{
 "model": "pacientes.barrio",
 "pk": 380,
 "fields": {
  "nombre": "SANTA ROSA",
  "distrito": 194,
  "habilitado": true
 }
},
{
 "model": "pacientes.barrio",
 "pk": 560,
 "fields": {
  "nombre": "SANTA ROSA",
  "distrito": 47,
  "habilitado": true
 }
},
{
 "model": "pacientes.barrio",
 "pk": 413,
 "fields": {
  "nombre": "SANTA ROSA",
  "distrito": 24,
  "habilitado": true
 }
},
{
 "model": "pacientes.barrio",
 "pk": 372,
 "fields": {
  "nombre": "SANTA ROSA",
  "distrito": 178,
  "habilitado": true
 }
},
{
 "model": "pacientes.barrio",
 "pk": 1023,
 "fields": {
  "nombre": "SANTA ROSA MI",
  "distrito": 217,
  "habilitado": true
 }
},
{
 "model": "pacientes.barrio",
 "pk": 556,
 "fields": {
  "nombre": "SANTA ROSALIA",
  "distrito": 47,
  "habilitado": true
 }
},
{
 "model": "pacientes.barrio",
 "pk": 304,
 "fields": {
  "nombre": "SANTA TERESA",
  "distrito": 192,
  "habilitado": true
 }
},
{
 "model": "pacientes.barrio",
 "pk": 716,
 "fields": {
  "nombre": "SANTA TERESA",
  "distrito": 92,
  "habilitado": true
 }
},
{
 "model": "pacientes.barrio",
 "pk": 1051,
 "fields": {
  "nombre": "SANTA TERESITA",
  "distrito": 239,
  "habilitado": true
 }
},
{
 "model": "pacientes.barrio",
 "pk": 863,
 "fields": {
  "nombre": "SANTA TERESITA",
  "distrito": 131,
  "habilitado": true
 }
},
{
 "model": "pacientes.barrio",
 "pk": 706,
 "fields": {
  "nombre": "SANTA TERESITA",
  "distrito": 89,
  "habilitado": true
 }
},
{
 "model": "pacientes.barrio",
 "pk": 1056,
 "fields": {
  "nombre": "SANTA TERESITA",
  "distrito": 245,
  "habilitado": true
 }
},
{
 "model": "pacientes.barrio",
 "pk": 822,
 "fields": {
  "nombre": "SANTO ANGEL",
  "distrito": 131,
  "habilitado": true
 }
},
{
 "model": "pacientes.barrio",
 "pk": 376,
 "fields": {
  "nombre": "SANTO DOMINGO",
  "distrito": 178,
  "habilitado": true
 }
},
{
 "model": "pacientes.barrio",
 "pk": 426,
 "fields": {
  "nombre": "SANTO DOMINGO",
  "distrito": 26,
  "habilitado": true
 }
},
{
 "model": "pacientes.barrio",
 "pk": 402,
 "fields": {
  "nombre": "SANTO DOMINGO",
  "distrito": 23,
  "habilitado": true
 }
},
{
 "model": "pacientes.barrio",
 "pk": 188,
 "fields": {
  "nombre": "SANTO DOMINGO",
  "distrito": 183,
  "habilitado": true
 }
},
{
 "model": "pacientes.barrio",
 "pk": 866,
 "fields": {
  "nombre": "SANTO DOMINGO",
  "distrito": 131,
  "habilitado": true
 }
},
{
 "model": "pacientes.barrio",
 "pk": 74,
 "fields": {
  "nombre": "SANTO DOMINGO",
  "distrito": 177,
  "habilitado": true
 }
},
{
 "model": "pacientes.barrio",
 "pk": 54,
 "fields": {
  "nombre": "SANTO DOMINGO",
  "distrito": 1,
  "habilitado": true
 }
},
{
 "model": "pacientes.barrio",
 "pk": 440,
 "fields": {
  "nombre": "SANTO DOMINGO-CHORRO",
  "distrito": 26,
  "habilitado": true
 }
},
{
 "model": "pacientes.barrio",
 "pk": 114,
 "fields": {
  "nombre": "SANTO REY",
  "distrito": 182,
  "habilitado": true
 }
},
{
 "model": "pacientes.barrio",
 "pk": 150,
 "fields": {
  "nombre": "SANTO TOMAS",
  "distrito": 182,
  "habilitado": true
 }
},
{
 "model": "pacientes.barrio",
 "pk": 84,
 "fields": {
  "nombre": "SEGUNDO BARRIO",
  "distrito": 184,
  "habilitado": true
 }
},
{
 "model": "pacientes.barrio",
 "pk": 445,
 "fields": {
  "nombre": "SEMINARIO",
  "distrito": 29,
  "habilitado": true
 }
},
{
 "model": "pacientes.barrio",
 "pk": 24,
 "fields": {
  "nombre": "SEMINARIO",
  "distrito": 1,
  "habilitado": true
 }
},
{
 "model": "pacientes.barrio",
 "pk": 88,
 "fields": {
  "nombre": "SHUA SEDA",
  "distrito": 184,
  "habilitado": true
 }
},
{
 "model": "pacientes.barrio",
 "pk": 1070,
 "fields": {
  "nombre": "SINUELO",
  "distrito": 174,
  "habilitado": true
 }
},
{
 "model": "pacientes.barrio",
 "pk": 286,
 "fields": {
  "nombre": "SOL DE AMERICA",
  "distrito": 181,
  "habilitado": true
 }
},
{
 "model": "pacientes.barrio",
 "pk": 410,
 "fields": {
  "nombre": "SOTO CUE",
  "distrito": 23,
  "habilitado": true
 }
},
{
 "model": "pacientes.barrio",
 "pk": 359,
 "fields": {
  "nombre": "SPORTIVO",
  "distrito": 191,
  "habilitado": true
 }
},
{
 "model": "pacientes.barrio",
 "pk": 581,
 "fields": {
  "nombre": "SUDETIA",
  "distrito": 63,
  "habilitado": true
 }
},
{
 "model": "pacientes.barrio",
 "pk": 1054,
 "fields": {
  "nombre": "SUR",
  "distrito": 247,
  "habilitado": true
 }
},
{
 "model": "pacientes.barrio",
 "pk": 743,
 "fields": {
  "nombre": "SYRYRYKA",
  "distrito": 110,
  "habilitado": true
 }
},
{
 "model": "pacientes.barrio",
 "pk": 903,
 "fields": {
  "nombre": "TABA-I",
  "distrito": 147,
  "habilitado": true
 }
},
{
 "model": "pacientes.barrio",
 "pk": 50,
 "fields": {
  "nombre": "TABLADA NUEVA",
  "distrito": 1,
  "habilitado": true
 }
},
{
 "model": "pacientes.barrio",
 "pk": 388,
 "fields": {
  "nombre": "TACUARA",
  "distrito": 194,
  "habilitado": true
 }
},
{
 "model": "pacientes.barrio",
 "pk": 502,
 "fields": {
  "nombre": "TACUARA",
  "distrito": 37,
  "habilitado": true
 }
},
{
 "model": "pacientes.barrio",
 "pk": 620,
 "fields": {
  "nombre": "TACUARITA",
  "distrito": 60,
  "habilitado": true
 }
},
{
 "model": "pacientes.barrio",
 "pk": 485,
 "fields": {
  "nombre": "TACUATY",
  "distrito": 32,
  "habilitado": true
 }
},
{
 "model": "pacientes.barrio",
 "pk": 10,
 "fields": {
  "nombre": "TACUMBU",
  "distrito": 1,
  "habilitado": true
 }
},
{
 "model": "pacientes.barrio",
 "pk": 640,
 "fields": {
  "nombre": "TACURU",
  "distrito": 68,
  "habilitado": true
 }
},
{
 "model": "pacientes.barrio",
 "pk": 968,
 "fields": {
  "nombre": "TACURUTY",
  "distrito": 198,
  "habilitado": true
 }
},
{
 "model": "pacientes.barrio",
 "pk": 263,
 "fields": {
  "nombre": "TACURUTY",
  "distrito": 189,
  "habilitado": true
 }
},
{
 "model": "pacientes.barrio",
 "pk": 843,
 "fields": {
  "nombre": "TAHYI TY",
  "distrito": 131,
  "habilitado": true
 }
},
{
 "model": "pacientes.barrio",
 "pk": 999,
 "fields": {
  "nombre": "TAJY ",
  "distrito": 203,
  "habilitado": true
 }
},
{
 "model": "pacientes.barrio",
 "pk": 894,
 "fields": {
  "nombre": "TAJY LOMA",
  "distrito": 142,
  "habilitado": true
 }
},
{
 "model": "pacientes.barrio",
 "pk": 849,
 "fields": {
  "nombre": "TA\u00d1ARANDY",
  "distrito": 131,
  "habilitado": true
 }
},
{
 "model": "pacientes.barrio",
 "pk": 526,
 "fields": {
  "nombre": "TAPE GUASU",
  "distrito": 42,
  "habilitado": true
 }
},
{
 "model": "pacientes.barrio",
 "pk": 885,
 "fields": {
  "nombre": "TAPE GUAZU",
  "distrito": 141,
  "habilitado": true
 }
},
{
 "model": "pacientes.barrio",
 "pk": 352,
 "fields": {
  "nombre": "TAPE TUYA",
  "distrito": 191,
  "habilitado": true
 }
},
{
 "model": "pacientes.barrio",
 "pk": 751,
 "fields": {
  "nombre": "TAROPE",
  "distrito": 110,
  "habilitado": true
 }
},
{
 "model": "pacientes.barrio",
 "pk": 102,
 "fields": {
  "nombre": "TARUMANDY",
  "distrito": 184,
  "habilitado": true
 }
},
{
 "model": "pacientes.barrio",
 "pk": 781,
 "fields": {
  "nombre": "TAVAI",
  "distrito": 111,
  "habilitado": true
 }
},
{
 "model": "pacientes.barrio",
 "pk": 592,
 "fields": {
  "nombre": "TAYI",
  "distrito": 63,
  "habilitado": true
 }
},
{
 "model": "pacientes.barrio",
 "pk": 153,
 "fields": {
  "nombre": "TAYUAZAPE",
  "distrito": 182,
  "habilitado": true
 }
},
{
 "model": "pacientes.barrio",
 "pk": 44,
 "fields": {
  "nombre": "TEMBETARY",
  "distrito": 1,
  "habilitado": true
 }
},
{
 "model": "pacientes.barrio",
 "pk": 85,
 "fields": {
  "nombre": "TERCER BARRIO",
  "distrito": 184,
  "habilitado": true
 }
},
{
 "model": "pacientes.barrio",
 "pk": 29,
 "fields": {
  "nombre": "TERMINAL",
  "distrito": 1,
  "habilitado": true
 }
},
{
 "model": "pacientes.barrio",
 "pk": 922,
 "fields": {
  "nombre": "TOBANTINGUA I",
  "distrito": 148,
  "habilitado": true
 }
},
{
 "model": "pacientes.barrio",
 "pk": 923,
 "fields": {
  "nombre": "TOBANTINGUA II",
  "distrito": 148,
  "habilitado": true
 }
},
{
 "model": "pacientes.barrio",
 "pk": 206,
 "fields": {
  "nombre": "TOLEDO CA\u00d1ADA",
  "distrito": 183,
  "habilitado": true
 }
},
{
 "model": "pacientes.barrio",
 "pk": 702,
 "fields": {
  "nombre": "TORIN",
  "distrito": 71,
  "habilitado": true
 }
},
{
 "model": "pacientes.barrio",
 "pk": 650,
 "fields": {
  "nombre": "TORO BLANCO",
  "distrito": 68,
  "habilitado": true
 }
},
{
 "model": "pacientes.barrio",
 "pk": 551,
 "fields": {
  "nombre": "TOROPI LOMA",
  "distrito": 46,
  "habilitado": true
 }
},
{
 "model": "pacientes.barrio",
 "pk": 548,
 "fields": {
  "nombre": "TOROPI RUGUA",
  "distrito": 46,
  "habilitado": true
 }
},
{
 "model": "pacientes.barrio",
 "pk": 591,
 "fields": {
  "nombre": "TORRES CUE",
  "distrito": 63,
  "habilitado": true
 }
},
{
 "model": "pacientes.barrio",
 "pk": 167,
 "fields": {
  "nombre": "TRES BOCAS",
  "distrito": 179,
  "habilitado": true
 }
},
{
 "model": "pacientes.barrio",
 "pk": 939,
 "fields": {
  "nombre": "TRES FRONTERAS",
  "distrito": 170,
  "habilitado": true
 }
},
{
 "model": "pacientes.barrio",
 "pk": 62,
 "fields": {
  "nombre": "TRINIDAD",
  "distrito": 1,
  "habilitado": true
 }
},
{
 "model": "pacientes.barrio",
 "pk": 1005,
 "fields": {
  "nombre": "TTE. SANCHEZ",
  "distrito": 210,
  "habilitado": true
 }
},
{
 "model": "pacientes.barrio",
 "pk": 578,
 "fields": {
  "nombre": "TUJUTIMI",
  "distrito": 49,
  "habilitado": true
 }
},
{
 "model": "pacientes.barrio",
 "pk": 452,
 "fields": {
  "nombre": "TUPASY YCUA",
  "distrito": 29,
  "habilitado": true
 }
},
{
 "model": "pacientes.barrio",
 "pk": 902,
 "fields": {
  "nombre": "TUYUCUA",
  "distrito": 147,
  "habilitado": true
 }
},
{
 "model": "pacientes.barrio",
 "pk": 1076,
 "fields": {
  "nombre": "UNION",
  "distrito": 174,
  "habilitado": true
 }
},
{
 "model": "pacientes.barrio",
 "pk": 801,
 "fields": {
  "nombre": "UNIVERSITARIO",
  "distrito": 112,
  "habilitado": true
 }
},
{
 "model": "pacientes.barrio",
 "pk": 208,
 "fields": {
  "nombre": "URUGUAY",
  "distrito": 183,
  "habilitado": true
 }
},
{
 "model": "pacientes.barrio",
 "pk": 429,
 "fields": {
  "nombre": "URUNDEY",
  "distrito": 26,
  "habilitado": true
 }
},
{
 "model": "pacientes.barrio",
 "pk": 409,
 "fields": {
  "nombre": "URUNDEY",
  "distrito": 23,
  "habilitado": true
 }
},
{
 "model": "pacientes.barrio",
 "pk": 917,
 "fields": {
  "nombre": "VALLE APUA",
  "distrito": 148,
  "habilitado": true
 }
},
{
 "model": "pacientes.barrio",
 "pk": 959,
 "fields": {
  "nombre": "VALLE APUA",
  "distrito": 196,
  "habilitado": true
 }
},
{
 "model": "pacientes.barrio",
 "pk": 302,
 "fields": {
  "nombre": "VALLE CARE",
  "distrito": 192,
  "habilitado": true
 }
},
{
 "model": "pacientes.barrio",
 "pk": 344,
 "fields": {
  "nombre": "VALLE JOA",
  "distrito": 191,
  "habilitado": true
 }
},
{
 "model": "pacientes.barrio",
 "pk": 79,
 "fields": {
  "nombre": "VALLE PUCU",
  "distrito": 177,
  "habilitado": true
 }
},
{
 "model": "pacientes.barrio",
 "pk": 1096,
 "fields": {
  "nombre": "VALLE VERDE",
  "distrito": 174,
  "habilitado": true
 }
},
{
 "model": "pacientes.barrio",
 "pk": 374,
 "fields": {
  "nombre": "VALLE YBATE",
  "distrito": 178,
  "habilitado": true
 }
},
{
 "model": "pacientes.barrio",
 "pk": 883,
 "fields": {
  "nombre": "VERA LOMA",
  "distrito": 141,
  "habilitado": true
 }
},
{
 "model": "pacientes.barrio",
 "pk": 112,
 "fields": {
  "nombre": "VILLA AMELIA",
  "distrito": 182,
  "habilitado": true
 }
},
{
 "model": "pacientes.barrio",
 "pk": 221,
 "fields": {
  "nombre": "VILLA ANITA",
  "distrito": 180,
  "habilitado": true
 }
},
{
 "model": "pacientes.barrio",
 "pk": 32,
 "fields": {
  "nombre": "VILLA AURELIA",
  "distrito": 1,
  "habilitado": true
 }
},
{
 "model": "pacientes.barrio",
 "pk": 283,
 "fields": {
  "nombre": "VILLA BONITA",
  "distrito": 181,
  "habilitado": true
 }
},
{
 "model": "pacientes.barrio",
 "pk": 558,
 "fields": {
  "nombre": "VILLA DE MERCEDES",
  "distrito": 47,
  "habilitado": true
 }
},
{
 "model": "pacientes.barrio",
 "pk": 149,
 "fields": {
  "nombre": "VILLA DEL AGRONOMO",
  "distrito": 182,
  "habilitado": true
 }
},
{
 "model": "pacientes.barrio",
 "pk": 779,
 "fields": {
  "nombre": "VILLA DEL ROSARIO",
  "distrito": 111,
  "habilitado": true
 }
},
{
 "model": "pacientes.barrio",
 "pk": 241,
 "fields": {
  "nombre": "VILLA FLAMENGO",
  "distrito": 185,
  "habilitado": true
 }
},
{
 "model": "pacientes.barrio",
 "pk": 838,
 "fields": {
  "nombre": "VILLA GUADALUPE",
  "distrito": 131,
  "habilitado": true
 }
},
{
 "model": "pacientes.barrio",
 "pk": 288,
 "fields": {
  "nombre": "VILLA HERMOSA",
  "distrito": 181,
  "habilitado": true
 }
},
{
 "model": "pacientes.barrio",
 "pk": 156,
 "fields": {
  "nombre": "VILLA INDUSTRIAL I",
  "distrito": 182,
  "habilitado": true
 }
},
{
 "model": "pacientes.barrio",
 "pk": 157,
 "fields": {
  "nombre": "VILLA INDUSTRIAL II",
  "distrito": 182,
  "habilitado": true
 }
},
{
 "model": "pacientes.barrio",
 "pk": 116,
 "fields": {
  "nombre": "VILLA LAURELTY",
  "distrito": 182,
  "habilitado": true
 }
},
{
 "model": "pacientes.barrio",
 "pk": 639,
 "fields": {
  "nombre": "VILLA MARGARITA",
  "distrito": 68,
  "habilitado": true
 }
},
{
 "model": "pacientes.barrio",
 "pk": 42,
 "fields": {
  "nombre": "VILLA MORRA",
  "distrito": 1,
  "habilitado": true
 }
},
{
 "model": "pacientes.barrio",
 "pk": 175,
 "fields": {
  "nombre": "VILLA OFELIA",
  "distrito": 179,
  "habilitado": true
 }
},
{
 "model": "pacientes.barrio",
 "pk": 535,
 "fields": {
  "nombre": "VILLA REAL",
  "distrito": 44,
  "habilitado": true
 }
},
{
 "model": "pacientes.barrio",
 "pk": 362,
 "fields": {
  "nombre": "VILLA ROSSANA I",
  "distrito": 191,
  "habilitado": true
 }
},
{
 "model": "pacientes.barrio",
 "pk": 363,
 "fields": {
  "nombre": "VILLA ROSSANA II",
  "distrito": 191,
  "habilitado": true
 }
},
{
 "model": "pacientes.barrio",
 "pk": 496,
 "fields": {
  "nombre": "VILLA SAN JUAN",
  "distrito": 36,
  "habilitado": true
 }
},
{
 "model": "pacientes.barrio",
 "pk": 674,
 "fields": {
  "nombre": "VILLA SAN JUAN",
  "distrito": 68,
  "habilitado": true
 }
},
{
 "model": "pacientes.barrio",
 "pk": 833,
 "fields": {
  "nombre": "VILLA UNIVERSITARIA",
  "distrito": 131,
  "habilitado": true
 }
},
{
 "model": "pacientes.barrio",
 "pk": 147,
 "fields": {
  "nombre": "VILLA UNIVERSITARIA",
  "distrito": 182,
  "habilitado": true
 }
},
{
 "model": "pacientes.barrio",
 "pk": 366,
 "fields": {
  "nombre": "VIRGEN DE FATIMA",
  "distrito": 191,
  "habilitado": true
 }
},
{
 "model": "pacientes.barrio",
 "pk": 63,
 "fields": {
  "nombre": "VIRGEN DE FATIMA",
  "distrito": 1,
  "habilitado": true
 }
},
{
 "model": "pacientes.barrio",
 "pk": 138,
 "fields": {
  "nombre": "VIRGEN DE FATIMA",
  "distrito": 182,
  "habilitado": true
 }
},
{
 "model": "pacientes.barrio",
 "pk": 399,
 "fields": {
  "nombre": "VIRGEN DE FATIMA",
  "distrito": 9,
  "habilitado": true
 }
},
{
 "model": "pacientes.barrio",
 "pk": 299,
 "fields": {
  "nombre": "VIRGEN DE GUADALUPE",
  "distrito": 192,
  "habilitado": true
 }
},
{
 "model": "pacientes.barrio",
 "pk": 52,
 "fields": {
  "nombre": "VIRGEN DE LA ASUNCION",
  "distrito": 1,
  "habilitado": true
 }
},
{
 "model": "pacientes.barrio",
 "pk": 253,
 "fields": {
  "nombre": "VIRGEN DE LA ROSA MISTICA",
  "distrito": 186,
  "habilitado": true
 }
},
{
 "model": "pacientes.barrio",
 "pk": 644,
 "fields": {
  "nombre": "VIRGEN DE LAS GRACIAS",
  "distrito": 68,
  "habilitado": true
 }
},
{
 "model": "pacientes.barrio",
 "pk": 115,
 "fields": {
  "nombre": "VIRGEN DE LOS REMEDIOS",
  "distrito": 182,
  "habilitado": true
 }
},
{
 "model": "pacientes.barrio",
 "pk": 326,
 "fields": {
  "nombre": "VIRGEN DEL CARMEN",
  "distrito": 188,
  "habilitado": true
 }
},
{
 "model": "pacientes.barrio",
 "pk": 412,
 "fields": {
  "nombre": "VIRGEN DEL CARMEN",
  "distrito": 24,
  "habilitado": true
 }
},
{
 "model": "pacientes.barrio",
 "pk": 51,
 "fields": {
  "nombre": "VIRGEN DEL HUERTO",
  "distrito": 1,
  "habilitado": true
 }
},
{
 "model": "pacientes.barrio",
 "pk": 320,
 "fields": {
  "nombre": "VIRGEN DEL PILAR",
  "distrito": 188,
  "habilitado": true
 }
},
{
 "model": "pacientes.barrio",
 "pk": 712,
 "fields": {
  "nombre": "VIRGEN DEL ROSARIO",
  "distrito": 89,
  "habilitado": true
 }
},
{
 "model": "pacientes.barrio",
 "pk": 323,
 "fields": {
  "nombre": "VIRGEN DEL ROSARIO",
  "distrito": 188,
  "habilitado": true
 }
},
{
 "model": "pacientes.barrio",
 "pk": 192,
 "fields": {
  "nombre": "VIRGEN DEL ROSARIO",
  "distrito": 183,
  "habilitado": true
 }
},
{
 "model": "pacientes.barrio",
 "pk": 182,
 "fields": {
  "nombre": "VIRGEN DEL ROSARIO",
  "distrito": 183,
  "habilitado": true
 }
},
{
 "model": "pacientes.barrio",
 "pk": 159,
 "fields": {
  "nombre": "VIRGEN DEL ROSARIO",
  "distrito": 182,
  "habilitado": true
 }
},
{
 "model": "pacientes.barrio",
 "pk": 447,
 "fields": {
  "nombre": "VIRGEN SERRANA",
  "distrito": 29,
  "habilitado": true
 }
},
{
 "model": "pacientes.barrio",
 "pk": 25,
 "fields": {
  "nombre": "VISTA ALEGRE",
  "distrito": 1,
  "habilitado": true
 }
},
{
 "model": "pacientes.barrio",
 "pk": 225,
 "fields": {
  "nombre": "VISTA ALEGRE",
  "distrito": 180,
  "habilitado": true
 }
},
{
 "model": "pacientes.barrio",
 "pk": 680,
 "fields": {
  "nombre": "WALTER INSFRAN",
  "distrito": 68,
  "habilitado": true
 }
},
{
 "model": "pacientes.barrio",
 "pk": 529,
 "fields": {
  "nombre": "Y-AKA",
  "distrito": 42,
  "habilitado": true
 }
},
{
 "model": "pacientes.barrio",
 "pk": 664,
 "fields": {
  "nombre": "YACARE-I",
  "distrito": 68,
  "habilitado": true
 }
},
{
 "model": "pacientes.barrio",
 "pk": 987,
 "fields": {
  "nombre": "YACARE COSTA",
  "distrito": 208,
  "habilitado": true
 }
},
{
 "model": "pacientes.barrio",
 "pk": 473,
 "fields": {
  "nombre": "YACAREY",
  "distrito": 30,
  "habilitado": true
 }
},
{
 "model": "pacientes.barrio",
 "pk": 527,
 "fields": {
  "nombre": "YACARY",
  "distrito": 42,
  "habilitado": true
 }
},
{
 "model": "pacientes.barrio",
 "pk": 878,
 "fields": {
  "nombre": "YAGUARETE-CUA",
  "distrito": 141,
  "habilitado": true
 }
},
{
 "model": "pacientes.barrio",
 "pk": 96,
 "fields": {
  "nombre": "YAGUARETE CORA",
  "distrito": 184,
  "habilitado": true
 }
},
{
 "model": "pacientes.barrio",
 "pk": 910,
 "fields": {
  "nombre": "YAGUARON YURU",
  "distrito": 147,
  "habilitado": true
 }
},
{
 "model": "pacientes.barrio",
 "pk": 530,
 "fields": {
  "nombre": "YAGUY GUAZU",
  "distrito": 42,
  "habilitado": true
 }
},
{
 "model": "pacientes.barrio",
 "pk": 531,
 "fields": {
  "nombre": "YAGUYMI",
  "distrito": 42,
  "habilitado": true
 }
},
{
 "model": "pacientes.barrio",
 "pk": 899,
 "fields": {
  "nombre": "YAHAPETYM\u00cd",
  "distrito": 156,
  "habilitado": true
 }
},
{
 "model": "pacientes.barrio",
 "pk": 199,
 "fields": {
  "nombre": "YATAITY",
  "distrito": 183,
  "habilitado": true
 }
},
{
 "model": "pacientes.barrio",
 "pk": 981,
 "fields": {
  "nombre": "YATAITY",
  "distrito": 205,
  "habilitado": true
 }
},
{
 "model": "pacientes.barrio",
 "pk": 528,
 "fields": {
  "nombre": "YATAITY",
  "distrito": 42,
  "habilitado": true
 }
},
{
 "model": "pacientes.barrio",
 "pk": 750,
 "fields": {
  "nombre": "YATAY",
  "distrito": 110,
  "habilitado": true
 }
},
{
 "model": "pacientes.barrio",
 "pk": 571,
 "fields": {
  "nombre": "YBAROTY",
  "distrito": 49,
  "habilitado": true
 }
},
{
 "model": "pacientes.barrio",
 "pk": 385,
 "fields": {
  "nombre": "YBATE-I",
  "distrito": 194,
  "habilitado": true
 }
},
{
 "model": "pacientes.barrio",
 "pk": 468,
 "fields": {
  "nombre": "YBU",
  "distrito": 29,
  "habilitado": true
 }
},
{
 "model": "pacientes.barrio",
 "pk": 98,
 "fields": {
  "nombre": "YBYCUI",
  "distrito": 184,
  "habilitado": true
 }
},
{
 "model": "pacientes.barrio",
 "pk": 537,
 "fields": {
  "nombre": "YBYHANGUY 2",
  "distrito": 44,
  "habilitado": true
 }
},
{
 "model": "pacientes.barrio",
 "pk": 313,
 "fields": {
  "nombre": "YBYRATY",
  "distrito": 192,
  "habilitado": true
 }
},
{
 "model": "pacientes.barrio",
 "pk": 340,
 "fields": {
  "nombre": "YBYSUNU",
  "distrito": 193,
  "habilitado": true
 }
},
{
 "model": "pacientes.barrio",
 "pk": 210,
 "fields": {
  "nombre": "YCUA CORA",
  "distrito": 183,
  "habilitado": true
 }
},
{
 "model": "pacientes.barrio",
 "pk": 303,
 "fields": {
  "nombre": "YCUA NARANJA",
  "distrito": 192,
  "habilitado": true
 }
},
{
 "model": "pacientes.barrio",
 "pk": 655,
 "fields": {
  "nombre": "YCUA PORA",
  "distrito": 68,
  "habilitado": true
 }
},
{
 "model": "pacientes.barrio",
 "pk": 40,
 "fields": {
  "nombre": "YCUA SATI",
  "distrito": 1,
  "habilitado": true
 }
},
{
 "model": "pacientes.barrio",
 "pk": 280,
 "fields": {
  "nombre": "YCUACAAGUY",
  "distrito": 187,
  "habilitado": true
 }
},
{
 "model": "pacientes.barrio",
 "pk": 880,
 "fields": {
  "nombre": "YERE",
  "distrito": 141,
  "habilitado": true
 }
},
{
 "model": "pacientes.barrio",
 "pk": 455,
 "fields": {
  "nombre": "YHACA ROYSA",
  "distrito": 29,
  "habilitado": true
 }
},
{
 "model": "pacientes.barrio",
 "pk": 542,
 "fields": {
  "nombre": "YHAGUY COSTA",
  "distrito": 46,
  "habilitado": true
 }
},
{
 "model": "pacientes.barrio",
 "pk": 668,
 "fields": {
  "nombre": "YHOBY",
  "distrito": 68,
  "habilitado": true
 }
},
{
 "model": "pacientes.barrio",
 "pk": 341,
 "fields": {
  "nombre": "YJHOVY",
  "distrito": 191,
  "habilitado": true
 }
},
{
 "model": "pacientes.barrio",
 "pk": 107,
 "fields": {
  "nombre": "YKAA",
  "distrito": 184,
  "habilitado": true
 }
},
{
 "model": "pacientes.barrio",
 "pk": 108,
 "fields": {
  "nombre": "YKUA CARANDAY",
  "distrito": 184,
  "habilitado": true
 }
},
{
 "model": "pacientes.barrio",
 "pk": 94,
 "fields": {
  "nombre": "YKUA DURE",
  "distrito": 184,
  "habilitado": true
 }
},
{
 "model": "pacientes.barrio",
 "pk": 908,
 "fields": {
  "nombre": "YKUA KAU",
  "distrito": 147,
  "habilitado": true
 }
},
{
 "model": "pacientes.barrio",
 "pk": 549,
 "fields": {
  "nombre": "YKUA PORA",
  "distrito": 46,
  "habilitado": true
 }
},
{
 "model": "pacientes.barrio",
 "pk": 532,
 "fields": {
  "nombre": "YKUA PORA",
  "distrito": 42,
  "habilitado": true
 }
},
{
 "model": "pacientes.barrio",
 "pk": 333,
 "fields": {
  "nombre": "YPANE CENTRO",
  "distrito": 188,
  "habilitado": true
 }
},
{
 "model": "pacientes.barrio",
 "pk": 287,
 "fields": {
  "nombre": "YPATY",
  "distrito": 181,
  "habilitado": true
 }
},
{
 "model": "pacientes.barrio",
 "pk": 753,
 "fields": {
  "nombre": "YPAYERE",
  "distrito": 110,
  "habilitado": true
 }
},
{
 "model": "pacientes.barrio",
 "pk": 879,
 "fields": {
  "nombre": "YPUCU",
  "distrito": 141,
  "habilitado": true
 }
},
{
 "model": "pacientes.barrio",
 "pk": 656,
 "fields": {
  "nombre": "YPYTA",
  "distrito": 68,
  "habilitado": true
 }
},
{
 "model": "pacientes.barrio",
 "pk": 533,
 "fields": {
  "nombre": "YRUGUA",
  "distrito": 42,
  "habilitado": true
 }
},
{
 "model": "pacientes.barrio",
 "pk": 970,
 "fields": {
  "nombre": "YRYBYCUA",
  "distrito": 198,
  "habilitado": true
 }
},
{
 "model": "pacientes.barrio",
 "pk": 433,
 "fields": {
  "nombre": "YSAU",
  "distrito": 26,
  "habilitado": true
 }
},
{
 "model": "pacientes.barrio",
 "pk": 38,
 "fields": {
  "nombre": "YTAY",
  "distrito": 1,
  "habilitado": true
 }
},
{
 "model": "pacientes.barrio",
 "pk": 316,
 "fields": {
  "nombre": "YTORORO",
  "distrito": 188,
  "habilitado": true
 }
},
{
 "model": "pacientes.barrio",
 "pk": 99,
 "fields": {
  "nombre": "YUKIRY ",
  "distrito": 184,
  "habilitado": true
 }
},
{
 "model": "pacientes.barrio",
 "pk": 764,
 "fields": {
  "nombre": "YUKYRAI",
  "distrito": 110,
  "habilitado": true
 }
},
{
 "model": "pacientes.barrio",
 "pk": 82,
 "fields": {
  "nombre": "YUKYRY",
  "distrito": 177,
  "habilitado": true
 }
},
{
 "model": "pacientes.barrio",
 "pk": 78,
 "fields": {
  "nombre": "YUKYTY",
  "distrito": 177,
  "habilitado": true
 }
},
{
 "model": "pacientes.barrio",
 "pk": 386,
 "fields": {
  "nombre": "YUKYTY",
  "distrito": 194,
  "habilitado": true
 }
},
{
 "model": "pacientes.barrio",
 "pk": 654,
 "fields": {
  "nombre": "YUQUYRY",
  "distrito": 68,
  "habilitado": true
 }
},
{
 "model": "pacientes.barrio",
 "pk": 994,
 "fields": {
  "nombre": "YVAVIYU",
  "distrito": 201,
  "habilitado": true
 }
},
{
 "model": "pacientes.barrio",
 "pk": 444,
 "fields": {
  "nombre": "YVOTY",
  "distrito": 29,
  "habilitado": true
 }
},
{
 "model": "pacientes.barrio",
 "pk": 791,
 "fields": {
  "nombre": "YVYRATY",
  "distrito": 111,
  "habilitado": true
 }
},
{
 "model": "pacientes.barrio",
 "pk": 745,
 "fields": {
  "nombre": "ZANJA HONDA",
  "distrito": 110,
  "habilitado": true
 }
},
{
 "model": "pacientes.barrio",
 "pk": 482,
 "fields": {
  "nombre": "ZANJA JHU",
  "distrito": 32,
  "habilitado": true
 }
},
{
 "model": "pacientes.barrio",
 "pk": 699,
 "fields": {
  "nombre": "ZANJA PYPUKU",
  "distrito": 71,
  "habilitado": true
 }
},
{
 "model": "pacientes.barrio",
 "pk": 704,
 "fields": {
  "nombre": "ZAPALLO",
  "distrito": 71,
  "habilitado": true
 }
},
{
 "model": "pacientes.barrio",
 "pk": 110,
 "fields": {
  "nombre": "ZARATE ISLA",
  "distrito": 184,
  "habilitado": true
 }
},
{
 "model": "pacientes.barrio",
 "pk": 66,
 "fields": {
  "nombre": "ZEBALLOS CUE",
  "distrito": 1,
  "habilitado": true
 }
}

,
{
 "model": "pacientes.dependencia",
 "pk": 4,
 "fields": {
  "nombre": "BA\u00d1O",
  "habilitado": true
 }
},
{
 "model": "pacientes.dependencia",
 "pk": 3,
 "fields": {
  "nombre": "COCINA",
  "habilitado": true
 }
},
{
 "model": "pacientes.dependencia",
 "pk": 2,
 "fields": {
  "nombre": "COMEDOR",
  "habilitado": true
 }
},
{
 "model": "pacientes.dependencia",
 "pk": 5,
 "fields": {
  "nombre": "DORMITORIOS",
  "habilitado": true
 }
},
{
 "model": "pacientes.dependencia",
 "pk": 1,
 "fields": {
  "nombre": "SALA",
  "habilitado": true
 }
}

,
{
 "model": "pacientes.desague",
 "pk": 1,
 "fields": {
  "nombre": "HOYO O POZO",
  "habilitado": true
 }
},
{
 "model": "pacientes.desague",
 "pk": 4,
 "fields": {
  "nombre": "LA SUPERFICIE DE LA TIERRA, ARROYO, RIO, ETC",
  "habilitado": true
 }
},
{
 "model": "pacientes.desague",
 "pk": 2,
 "fields": {
  "nombre": "POZO CIEGO",
  "habilitado": true
 }
},
{
 "model": "pacientes.desague",
 "pk": 3,
 "fields": {
  "nombre": "RED PUBLICA (CLOACA)",
  "habilitado": true
 }
}

,
{
 "model": "pacientes.eliminacionbasura",
 "pk": 2,
 "fields": {
  "nombre": "LA RECOGE CAMION O CARRITO DE BASURA",
  "habilitado": true
 }
},
{
 "model": "pacientes.eliminacionbasura",
 "pk": 7,
 "fields": {
  "nombre": "OTRO",
  "habilitado": true
 }
},
{
 "model": "pacientes.eliminacionbasura",
 "pk": 1,
 "fields": {
  "nombre": "QUEMA",
  "habilitado": true
 }
},
{
 "model": "pacientes.eliminacionbasura",
 "pk": 6,
 "fields": {
  "nombre": "TIRA EN ARROYO, RIO O LAGUNA",
  "habilitado": true
 }
},
{
 "model": "pacientes.eliminacionbasura",
 "pk": 3,
 "fields": {
  "nombre": "TIRA EN EL HOYO",
  "habilitado": true
 }
},
{
 "model": "pacientes.eliminacionbasura",
 "pk": 4,
 "fields": {
  "nombre": "TIRA EN EL PATIO, BALDIO, ZANJA O CALLE",
  "habilitado": true
 }
},
{
 "model": "pacientes.eliminacionbasura",
 "pk": 5,
 "fields": {
  "nombre": "TIRA EN LA CHACRA",
  "habilitado": true
 }
}

,
{
 "model": "pacientes.estadocivil",
 "pk": "CA",
 "fields": {
  "nombre": "CASADO",
  "habilitado": true
 }
},
{
 "model": "pacientes.estadocivil",
 "pk": "DI",
 "fields": {
  "nombre": "DIVORCIADO",
  "habilitado": true
 }
},
{
 "model": "pacientes.estadocivil",
 "pk": "NA",
 "fields": {
  "nombre": "NO APLICA",
  "habilitado": true
 }
},
{
 "model": "pacientes.estadocivil",
 "pk": "SD",
 "fields": {
  "nombre": "SE DESCONOCE",
  "habilitado": true
 }
},
{
 "model": "pacientes.estadocivil",
 "pk": "SE",
 "fields": {
  "nombre": "SEPARADO",
  "habilitado": true
 }
},
{
 "model": "pacientes.estadocivil",
 "pk": "SO",
 "fields": {
  "nombre": "SOLTERO",
  "habilitado": true
 }
},
{
 "model": "pacientes.estadocivil",
 "pk": "UN",
 "fields": {
  "nombre": "UNIDO",
  "habilitado": true
 }
},
{
 "model": "pacientes.estadocivil",
 "pk": "VI",
 "fields": {
  "nombre": "VIUDO",
  "habilitado": true
 }
}

,
{
 "model": "pacientes.etnia",
 "pk": 1,
 "fields": {
  "nombre": "NO APLICA",
  "habilitado": true
 }
}

,
{
 "model": "pacientes.pais",
 "pk": "AF",
 "fields": {
  "nombre": "AFGANISTAN",
  "nombre_iso": "AFGANISTAN",
  "codigo_alpha3": "AFG",
  "codigo_numerico": 4,
  "habilitado": true
 }
},
{
 "model": "pacientes.pais",
 "pk": "AL",
 "fields": {
  "nombre": "ALBANIA",
  "nombre_iso": "ALBANIA",
  "codigo_alpha3": "ALB",
  "codigo_numerico": 8,
  "habilitado": true
 }
},
{
 "model": "pacientes.pais",
 "pk": "DE",
 "fields": {
  "nombre": "ALEMANIA",
  "nombre_iso": "ALEMANIA",
  "codigo_alpha3": "DEU",
  "codigo_numerico": 276,
  "habilitado": true
 }
},
{
 "model": "pacientes.pais",
 "pk": "AD",
 "fields": {
  "nombre": "ANDORRA",
  "nombre_iso": "ANDORRA",
  "codigo_alpha3": "AND",
  "codigo_numerico": 20,
  "habilitado": true
 }
},
{
 "model": "pacientes.pais",
 "pk": "AO",
 "fields": {
  "nombre": "ANGOLA",
  "nombre_iso": "ANGOLA",
  "codigo_alpha3": "AGO",
  "codigo_numerico": 24,
  "habilitado": true
 }
},
{
 "model": "pacientes.pais",
 "pk": "AI",
 "fields": {
  "nombre": "ANGUILA",
  "nombre_iso": "ANGUILA",
  "codigo_alpha3": "AIA",
  "codigo_numerico": 660,
  "habilitado": true
 }
},
{
 "model": "pacientes.pais",
 "pk": "AQ",
 "fields": {
  "nombre": "ANTARTIDA",
  "nombre_iso": "ANTARTIDA",
  "codigo_alpha3": "ATA",
  "codigo_numerico": 10,
  "habilitado": true
 }
},
{
 "model": "pacientes.pais",
 "pk": "AG",
 "fields": {
  "nombre": "ANTIGUA Y BARBUDA",
  "nombre_iso": "ANTIGUA Y BARBUDA",
  "codigo_alpha3": "ATG",
  "codigo_numerico": 28,
  "habilitado": true
 }
},
{
 "model": "pacientes.pais",
 "pk": "SA",
 "fields": {
  "nombre": "ARABIA SAUDITA",
  "nombre_iso": "ARABIA SAUDITA",
  "codigo_alpha3": "SAU",
  "codigo_numerico": 682,
  "habilitado": true
 }
},
{
 "model": "pacientes.pais",
 "pk": "DZ",
 "fields": {
  "nombre": "ARGELIA",
  "nombre_iso": "ARGELIA",
  "codigo_alpha3": "DZA",
  "codigo_numerico": 12,
  "habilitado": true
 }
},
{
 "model": "pacientes.pais",
 "pk": "AR",
 "fields": {
  "nombre": "ARGENTINA",
  "nombre_iso": "ARGENTINA",
  "codigo_alpha3": "ARG",
  "codigo_numerico": 32,
  "habilitado": true
 }
},
{
 "model": "pacientes.pais",
 "pk": "AM",
 "fields": {
  "nombre": "ARMENIA",
  "nombre_iso": "ARMENIA",
  "codigo_alpha3": "ARM",
  "codigo_numerico": 51,
  "habilitado": true
 }
},
{
 "model": "pacientes.pais",
 "pk": "AW",
 "fields": {
  "nombre": "ARUBA",
  "nombre_iso": "ARUBA",
  "codigo_alpha3": "ABW",
  "codigo_numerico": 533,
  "habilitado": true
 }
},
{
 "model": "pacientes.pais",
 "pk": "AU",
 "fields": {
  "nombre": "AUSTRALIA",
  "nombre_iso": "AUSTRALIA",
  "codigo_alpha3": "AUS",
  "codigo_numerico": 36,
  "habilitado": true
 }
},
{
 "model": "pacientes.pais",
 "pk": "AT",
 "fields": {
  "nombre": "AUSTRIA",
  "nombre_iso": "AUSTRIA",
  "codigo_alpha3": "AUT",
  "codigo_numerico": 40,
  "habilitado": true
 }
},
{
 "model": "pacientes.pais",
 "pk": "AZ",
 "fields": {
  "nombre": "AZERBAIYAN",
  "nombre_iso": "AZERBAIYAN",
  "codigo_alpha3": "AZE",
  "codigo_numerico": 31,
  "habilitado": true
 }
},
{
 "model": "pacientes.pais",
 "pk": "BS",
 "fields": {
  "nombre": "BAHAMAS",
  "nombre_iso": "BAHAMAS",
  "codigo_alpha3": "BHS",
  "codigo_numerico": 44,
  "habilitado": true
 }
},
{
 "model": "pacientes.pais",
 "pk": "BD",
 "fields": {
  "nombre": "BANGLADES",
  "nombre_iso": "BANGLADES",
  "codigo_alpha3": "BGD",
  "codigo_numerico": 50,
  "habilitado": true
 }
},
{
 "model": "pacientes.pais",
 "pk": "BB",
 "fields": {
  "nombre": "BARBADOS",
  "nombre_iso": "BARBADOS",
  "codigo_alpha3": "BRB",
  "codigo_numerico": 52,
  "habilitado": true
 }
},
{
 "model": "pacientes.pais",
 "pk": "BH",
 "fields": {
  "nombre": "BAREIN",
  "nombre_iso": "BAREIN",
  "codigo_alpha3": "BHR",
  "codigo_numerico": 48,
  "habilitado": true
 }
},
{
 "model": "pacientes.pais",
 "pk": "BE",
 "fields": {
  "nombre": "BELGICA",
  "nombre_iso": "BELGICA",
  "codigo_alpha3": "BEL",
  "codigo_numerico": 56,
  "habilitado": true
 }
},
{
 "model": "pacientes.pais",
 "pk": "BZ",
 "fields": {
  "nombre": "BELICE",
  "nombre_iso": "BELICE",
  "codigo_alpha3": "BLZ",
  "codigo_numerico": 84,
  "habilitado": true
 }
},
{
 "model": "pacientes.pais",
 "pk": "BJ",
 "fields": {
  "nombre": "BENIN",
  "nombre_iso": "BENIN",
  "codigo_alpha3": "BEN",
  "codigo_numerico": 204,
  "habilitado": true
 }
},
{
 "model": "pacientes.pais",
 "pk": "BM",
 "fields": {
  "nombre": "BERMUDAS",
  "nombre_iso": "BERMUDAS",
  "codigo_alpha3": "BMU",
  "codigo_numerico": 60,
  "habilitado": true
 }
},
{
 "model": "pacientes.pais",
 "pk": "BY",
 "fields": {
  "nombre": "BIELORRUSIA",
  "nombre_iso": "BIELORRUSIA",
  "codigo_alpha3": "BLR",
  "codigo_numerico": 112,
  "habilitado": true
 }
},
{
 "model": "pacientes.pais",
 "pk": "MM",
 "fields": {
  "nombre": "BIRMANIA",
  "nombre_iso": "MYANMAR",
  "codigo_alpha3": "MMR",
  "codigo_numerico": 104,
  "habilitado": true
 }
},
{
 "model": "pacientes.pais",
 "pk": "BO",
 "fields": {
  "nombre": "BOLIVIA",
  "nombre_iso": "BOLIVIA, ESTADO PLURINACIONAL DE",
  "codigo_alpha3": "BOL",
  "codigo_numerico": 68,
  "habilitado": true
 }
},
{
 "model": "pacientes.pais",
 "pk": "BA",
 "fields": {
  "nombre": "BOSNIA Y HERZEGOVINA",
  "nombre_iso": "BOSNIA Y HERZEGOVINA",
  "codigo_alpha3": "BIH",
  "codigo_numerico": 70,
  "habilitado": true
 }
},
{
 "model": "pacientes.pais",
 "pk": "BW",
 "fields": {
  "nombre": "BOTSUANA",
  "nombre_iso": "BOTSUANA",
  "codigo_alpha3": "BWA",
  "codigo_numerico": 72,
  "habilitado": true
 }
},
{
 "model": "pacientes.pais",
 "pk": "BR",
 "fields": {
  "nombre": "BRASIL",
  "nombre_iso": "BRASIL",
  "codigo_alpha3": "BRA",
  "codigo_numerico": 76,
  "habilitado": true
 }
},
{
 "model": "pacientes.pais",
 "pk": "BN",
 "fields": {
  "nombre": "BRUNEI",
  "nombre_iso": "BRUNEI DARUSSALAM",
  "codigo_alpha3": "BRN",
  "codigo_numerico": 96,
  "habilitado": true
 }
},
{
 "model": "pacientes.pais",
 "pk": "BG",
 "fields": {
  "nombre": "BULGARIA",
  "nombre_iso": "BULGARIA",
  "codigo_alpha3": "BGR",
  "codigo_numerico": 100,
  "habilitado": true
 }
},
{
 "model": "pacientes.pais",
 "pk": "BF",
 "fields": {
  "nombre": "BURKINA FASO",
  "nombre_iso": "BURKINA FASO",
  "codigo_alpha3": "BFA",
  "codigo_numerico": 854,
  "habilitado": true
 }
},
{
 "model": "pacientes.pais",
 "pk": "BI",
 "fields": {
  "nombre": "BURUNDI",
  "nombre_iso": "BURUNDI",
  "codigo_alpha3": "BDI",
  "codigo_numerico": 108,
  "habilitado": true
 }
},
{
 "model": "pacientes.pais",
 "pk": "BT",
 "fields": {
  "nombre": "BUTAN",
  "nombre_iso": "BUTAN",
  "codigo_alpha3": "BTN",
  "codigo_numerico": 64,
  "habilitado": true
 }
},
{
 "model": "pacientes.pais",
 "pk": "CV",
 "fields": {
  "nombre": "CABO VERDE",
  "nombre_iso": "CABO VERDE",
  "codigo_alpha3": "CPV",
  "codigo_numerico": 132,
  "habilitado": true
 }
},
{
 "model": "pacientes.pais",
 "pk": "KH",
 "fields": {
  "nombre": "CAMBOYA",
  "nombre_iso": "CAMBOYA",
  "codigo_alpha3": "KHM",
  "codigo_numerico": 116,
  "habilitado": true
 }
},
{
 "model": "pacientes.pais",
 "pk": "CM",
 "fields": {
  "nombre": "CAMERUN",
  "nombre_iso": "CAMERUN",
  "codigo_alpha3": "CMR",
  "codigo_numerico": 120,
  "habilitado": true
 }
},
{
 "model": "pacientes.pais",
 "pk": "CA",
 "fields": {
  "nombre": "CANADA",
  "nombre_iso": "CANADA",
  "codigo_alpha3": "CAN",
  "codigo_numerico": 124,
  "habilitado": true
 }
},
{
 "model": "pacientes.pais",
 "pk": "BQ",
 "fields": {
  "nombre": "CARIBE NEERLANDES",
  "nombre_iso": "BONAIRE, SAN EUSTAQUIO Y SABA",
  "codigo_alpha3": "BES",
  "codigo_numerico": 535,
  "habilitado": true
 }
},
{
 "model": "pacientes.pais",
 "pk": "TD",
 "fields": {
  "nombre": "CHAD",
  "nombre_iso": "CHAD",
  "codigo_alpha3": "TCD",
  "codigo_numerico": 148,
  "habilitado": true
 }
},
{
 "model": "pacientes.pais",
 "pk": "CL",
 "fields": {
  "nombre": "CHILE",
  "nombre_iso": "CHILE",
  "codigo_alpha3": "CHL",
  "codigo_numerico": 152,
  "habilitado": true
 }
},
{
 "model": "pacientes.pais",
 "pk": "CN",
 "fields": {
  "nombre": "CHINA",
  "nombre_iso": "CHINA",
  "codigo_alpha3": "CHN",
  "codigo_numerico": 156,
  "habilitado": true
 }
},
{
 "model": "pacientes.pais",
 "pk": "CY",
 "fields": {
  "nombre": "CHIPRE",
  "nombre_iso": "CHIPRE",
  "codigo_alpha3": "CYP",
  "codigo_numerico": 196,
  "habilitado": true
 }
},
{
 "model": "pacientes.pais",
 "pk": "VA",
 "fields": {
  "nombre": "CIUDAD DEL VATICANO",
  "nombre_iso": "SANTA SEDE (CIUDAD ESTADO VATICANO)",
  "codigo_alpha3": "VAT",
  "codigo_numerico": 336,
  "habilitado": true
 }
},
{
 "model": "pacientes.pais",
 "pk": "CO",
 "fields": {
  "nombre": "COLOMBIA",
  "nombre_iso": "COLOMBIA",
  "codigo_alpha3": "COL",
  "codigo_numerico": 170,
  "habilitado": true
 }
},
{
 "model": "pacientes.pais",
 "pk": "KM",
 "fields": {
  "nombre": "COMORAS",
  "nombre_iso": "COMORAS",
  "codigo_alpha3": "COM",
  "codigo_numerico": 174,
  "habilitado": true
 }
},
{
 "model": "pacientes.pais",
 "pk": "KP",
 "fields": {
  "nombre": "COREA DEL NORTE",
  "nombre_iso": "COREA, REPUBLICA DEMOCRATICA POPULAR DE",
  "codigo_alpha3": "PRK",
  "codigo_numerico": 408,
  "habilitado": true
 }
},
{
 "model": "pacientes.pais",
 "pk": "KR",
 "fields": {
  "nombre": "COREA DEL SUR",
  "nombre_iso": "COREA, REPUBLICA DE",
  "codigo_alpha3": "KOR",
  "codigo_numerico": 410,
  "habilitado": true
 }
},
{
 "model": "pacientes.pais",
 "pk": "CI",
 "fields": {
  "nombre": "COSTA DE MARFIL",
  "nombre_iso": "COTE D IVOIRE",
  "codigo_alpha3": "CIV",
  "codigo_numerico": 384,
  "habilitado": true
 }
},
{
 "model": "pacientes.pais",
 "pk": "CR",
 "fields": {
  "nombre": "COSTA RICA",
  "nombre_iso": "COSTA RICA",
  "codigo_alpha3": "CRI",
  "codigo_numerico": 188,
  "habilitado": true
 }
},
{
 "model": "pacientes.pais",
 "pk": "HR",
 "fields": {
  "nombre": "CROACIA",
  "nombre_iso": "CROACIA",
  "codigo_alpha3": "HRV",
  "codigo_numerico": 191,
  "habilitado": true
 }
},
{
 "model": "pacientes.pais",
 "pk": "CU",
 "fields": {
  "nombre": "CUBA",
  "nombre_iso": "CUBA",
  "codigo_alpha3": "CUB",
  "codigo_numerico": 192,
  "habilitado": true
 }
},
{
 "model": "pacientes.pais",
 "pk": "CW",
 "fields": {
  "nombre": "CURAZAO",
  "nombre_iso": "CURA\u00c7AO",
  "codigo_alpha3": "CUW",
  "codigo_numerico": 531,
  "habilitado": true
 }
},
{
 "model": "pacientes.pais",
 "pk": "DK",
 "fields": {
  "nombre": "DINAMARCA",
  "nombre_iso": "DINAMARCA",
  "codigo_alpha3": "DNK",
  "codigo_numerico": 208,
  "habilitado": true
 }
},
{
 "model": "pacientes.pais",
 "pk": "DM",
 "fields": {
  "nombre": "DOMINICA",
  "nombre_iso": "DOMINICA",
  "codigo_alpha3": "DMA",
  "codigo_numerico": 212,
  "habilitado": true
 }
},
{
 "model": "pacientes.pais",
 "pk": "EC",
 "fields": {
  "nombre": "ECUADOR",
  "nombre_iso": "ECUADOR",
  "codigo_alpha3": "ECU",
  "codigo_numerico": 218,
  "habilitado": true
 }
},
{
 "model": "pacientes.pais",
 "pk": "EG",
 "fields": {
  "nombre": "EGIPTO",
  "nombre_iso": "EGIPTO",
  "codigo_alpha3": "EGY",
  "codigo_numerico": 818,
  "habilitado": true
 }
},
{
 "model": "pacientes.pais",
 "pk": "SV",
 "fields": {
  "nombre": "EL SALVADOR",
  "nombre_iso": "EL SALVADOR",
  "codigo_alpha3": "SLV",
  "codigo_numerico": 222,
  "habilitado": true
 }
},
{
 "model": "pacientes.pais",
 "pk": "AE",
 "fields": {
  "nombre": "EMIRATOS ARABES UNIDOS",
  "nombre_iso": "EMIRATOS ARABES UNIDOS",
  "codigo_alpha3": "ARE",
  "codigo_numerico": 784,
  "habilitado": true
 }
},
{
 "model": "pacientes.pais",
 "pk": "ER",
 "fields": {
  "nombre": "ERITREA",
  "nombre_iso": "ERITREA",
  "codigo_alpha3": "ERI",
  "codigo_numerico": 232,
  "habilitado": true
 }
},
{
 "model": "pacientes.pais",
 "pk": "SK",
 "fields": {
  "nombre": "ESLOVAQUIA",
  "nombre_iso": "ESLOVAQUIA",
  "codigo_alpha3": "SVK",
  "codigo_numerico": 703,
  "habilitado": true
 }
},
{
 "model": "pacientes.pais",
 "pk": "SI",
 "fields": {
  "nombre": "ESLOVENIA",
  "nombre_iso": "ESLOVENIA",
  "codigo_alpha3": "SVN",
  "codigo_numerico": 705,
  "habilitado": true
 }
},
{
 "model": "pacientes.pais",
 "pk": "ES",
 "fields": {
  "nombre": "ESPA\u00d1A",
  "nombre_iso": "ESPA\u00d1A",
  "codigo_alpha3": "ESP",
  "codigo_numerico": 724,
  "habilitado": true
 }
},
{
 "model": "pacientes.pais",
 "pk": "US",
 "fields": {
  "nombre": "ESTADOS UNIDOS",
  "nombre_iso": "ESTADOS UNIDOS",
  "codigo_alpha3": "USA",
  "codigo_numerico": 840,
  "habilitado": true
 }
},
{
 "model": "pacientes.pais",
 "pk": "EE",
 "fields": {
  "nombre": "ESTONIA",
  "nombre_iso": "ESTONIA",
  "codigo_alpha3": "EST",
  "codigo_numerico": 233,
  "habilitado": true
 }
},
{
 "model": "pacientes.pais",
 "pk": "ET",
 "fields": {
  "nombre": "ETIOPIA",
  "nombre_iso": "ETIOPIA",
  "codigo_alpha3": "ETH",
  "codigo_numerico": 231,
  "habilitado": true
 }
},
{
 "model": "pacientes.pais",
 "pk": "PH",
 "fields": {
  "nombre": "FILIPINAS",
  "nombre_iso": "FILIPINAS",
  "codigo_alpha3": "PHL",
  "codigo_numerico": 608,
  "habilitado": true
 }
},
{
 "model": "pacientes.pais",
 "pk": "FI",
 "fields": {
  "nombre": "FINLANDIA",
  "nombre_iso": "FINLANDIA",
  "codigo_alpha3": "FIN",
  "codigo_numerico": 246,
  "habilitado": true
 }
},
{
 "model": "pacientes.pais",
 "pk": "FJ",
 "fields": {
  "nombre": "FIYI",
  "nombre_iso": "FIYI",
  "codigo_alpha3": "FJI",
  "codigo_numerico": 242,
  "habilitado": true
 }
},
{
 "model": "pacientes.pais",
 "pk": "FR",
 "fields": {
  "nombre": "FRANCIA",
  "nombre_iso": "FRANCIA",
  "codigo_alpha3": "FRA",
  "codigo_numerico": 250,
  "habilitado": true
 }
},
{
 "model": "pacientes.pais",
 "pk": "GA",
 "fields": {
  "nombre": "GABON",
  "nombre_iso": "GABON",
  "codigo_alpha3": "GAB",
  "codigo_numerico": 266,
  "habilitado": true
 }
},
{
 "model": "pacientes.pais",
 "pk": "GM",
 "fields": {
  "nombre": "GAMBIA",
  "nombre_iso": "GAMBIA",
  "codigo_alpha3": "GMB",
  "codigo_numerico": 270,
  "habilitado": true
 }
},
{
 "model": "pacientes.pais",
 "pk": "GE",
 "fields": {
  "nombre": "GEORGIA",
  "nombre_iso": "GEORGIA",
  "codigo_alpha3": "GEO",
  "codigo_numerico": 268,
  "habilitado": true
 }
},
{
 "model": "pacientes.pais",
 "pk": "GH",
 "fields": {
  "nombre": "GHANA",
  "nombre_iso": "GHANA",
  "codigo_alpha3": "GHA",
  "codigo_numerico": 288,
  "habilitado": true
 }
},
{
 "model": "pacientes.pais",
 "pk": "GI",
 "fields": {
  "nombre": "GIBRALTAR",
  "nombre_iso": "GIBRALTAR",
  "codigo_alpha3": "GIB",
  "codigo_numerico": 292,
  "habilitado": true
 }
},
{
 "model": "pacientes.pais",
 "pk": "GD",
 "fields": {
  "nombre": "GRANADA",
  "nombre_iso": "GRANADA",
  "codigo_alpha3": "GRD",
  "codigo_numerico": 308,
  "habilitado": true
 }
},
{
 "model": "pacientes.pais",
 "pk": "GR",
 "fields": {
  "nombre": "GRECIA",
  "nombre_iso": "GRECIA",
  "codigo_alpha3": "GRC",
  "codigo_numerico": 300,
  "habilitado": true
 }
},
{
 "model": "pacientes.pais",
 "pk": "GL",
 "fields": {
  "nombre": "GROENLANDIA",
  "nombre_iso": "GROENLANDIA",
  "codigo_alpha3": "GRL",
  "codigo_numerico": 304,
  "habilitado": true
 }
},
{
 "model": "pacientes.pais",
 "pk": "GP",
 "fields": {
  "nombre": "GUADALUPE",
  "nombre_iso": "GUADALUPE",
  "codigo_alpha3": "GLP",
  "codigo_numerico": 312,
  "habilitado": true
 }
},
{
 "model": "pacientes.pais",
 "pk": "GU",
 "fields": {
  "nombre": "GUAM",
  "nombre_iso": "GUAM",
  "codigo_alpha3": "GUM",
  "codigo_numerico": 316,
  "habilitado": true
 }
},
{
 "model": "pacientes.pais",
 "pk": "GT",
 "fields": {
  "nombre": "GUATEMALA",
  "nombre_iso": "GUATEMALA",
  "codigo_alpha3": "GTM",
  "codigo_numerico": 320,
  "habilitado": true
 }
},
{
 "model": "pacientes.pais",
 "pk": "GF",
 "fields": {
  "nombre": "GUAYANA FRANCESA",
  "nombre_iso": "GUAYANA FRANCESA",
  "codigo_alpha3": "GUF",
  "codigo_numerico": 254,
  "habilitado": true
 }
},
{
 "model": "pacientes.pais",
 "pk": "GG",
 "fields": {
  "nombre": "GUERNSEY",
  "nombre_iso": "GUERNSEY",
  "codigo_alpha3": "GGY",
  "codigo_numerico": 831,
  "habilitado": true
 }
},
{
 "model": "pacientes.pais",
 "pk": "GN",
 "fields": {
  "nombre": "GUINEA",
  "nombre_iso": "GUINEA",
  "codigo_alpha3": "GIN",
  "codigo_numerico": 324,
  "habilitado": true
 }
},
{
 "model": "pacientes.pais",
 "pk": "GW",
 "fields": {
  "nombre": "GUINEA-BISAU",
  "nombre_iso": "GUINEA-BISAU",
  "codigo_alpha3": "GNB",
  "codigo_numerico": 624,
  "habilitado": true
 }
},
{
 "model": "pacientes.pais",
 "pk": "GQ",
 "fields": {
  "nombre": "GUINEA ECUATORIAL",
  "nombre_iso": "GUINEA ECUATORIAL",
  "codigo_alpha3": "GNQ",
  "codigo_numerico": 226,
  "habilitado": true
 }
},
{
 "model": "pacientes.pais",
 "pk": "GY",
 "fields": {
  "nombre": "GUYANA",
  "nombre_iso": "GUYANA",
  "codigo_alpha3": "GUY",
  "codigo_numerico": 328,
  "habilitado": true
 }
},
{
 "model": "pacientes.pais",
 "pk": "HT",
 "fields": {
  "nombre": "HAITI",
  "nombre_iso": "HAITI",
  "codigo_alpha3": "HTI",
  "codigo_numerico": 332,
  "habilitado": true
 }
},
{
 "model": "pacientes.pais",
 "pk": "HN",
 "fields": {
  "nombre": "HONDURAS",
  "nombre_iso": "HONDURAS",
  "codigo_alpha3": "HND",
  "codigo_numerico": 340,
  "habilitado": true
 }
},
{
 "model": "pacientes.pais",
 "pk": "HK",
 "fields": {
  "nombre": "HONG KONG",
  "nombre_iso": "HONG KONG",
  "codigo_alpha3": "HKG",
  "codigo_numerico": 344,
  "habilitado": true
 }
},
{
 "model": "pacientes.pais",
 "pk": "HU",
 "fields": {
  "nombre": "HUNGRIA",
  "nombre_iso": "HUNGRIA",
  "codigo_alpha3": "HUN",
  "codigo_numerico": 348,
  "habilitado": true
 }
},
{
 "model": "pacientes.pais",
 "pk": "IN",
 "fields": {
  "nombre": "INDIA",
  "nombre_iso": "INDIA",
  "codigo_alpha3": "IND",
  "codigo_numerico": 356,
  "habilitado": true
 }
},
{
 "model": "pacientes.pais",
 "pk": "ID",
 "fields": {
  "nombre": "INDONESIA",
  "nombre_iso": "INDONESIA",
  "codigo_alpha3": "IDN",
  "codigo_numerico": 360,
  "habilitado": true
 }
},
{
 "model": "pacientes.pais",
 "pk": "IQ",
 "fields": {
  "nombre": "IRAK",
  "nombre_iso": "IRAK",
  "codigo_alpha3": "IRQ",
  "codigo_numerico": 368,
  "habilitado": true
 }
},
{
 "model": "pacientes.pais",
 "pk": "IR",
 "fields": {
  "nombre": "IRAN",
  "nombre_iso": "IRAN, REPUBLICA ISLAMICA DE",
  "codigo_alpha3": "IRN",
  "codigo_numerico": 364,
  "habilitado": true
 }
},
{
 "model": "pacientes.pais",
 "pk": "IE",
 "fields": {
  "nombre": "IRLANDA",
  "nombre_iso": "IRLANDA",
  "codigo_alpha3": "IRL",
  "codigo_numerico": 372,
  "habilitado": true
 }
},
{
 "model": "pacientes.pais",
 "pk": "BV",
 "fields": {
  "nombre": "ISLA BOUVET",
  "nombre_iso": "ISLA BOUVET",
  "codigo_alpha3": "BVT",
  "codigo_numerico": 74,
  "habilitado": true
 }
},
{
 "model": "pacientes.pais",
 "pk": "IM",
 "fields": {
  "nombre": "ISLA DE MAN",
  "nombre_iso": "ISLA DE MAN",
  "codigo_alpha3": "IMN",
  "codigo_numerico": 833,
  "habilitado": true
 }
},
{
 "model": "pacientes.pais",
 "pk": "CX",
 "fields": {
  "nombre": "ISLA DE NAVIDAD",
  "nombre_iso": "ISLA DE NAVIDAD",
  "codigo_alpha3": "CXR",
  "codigo_numerico": 162,
  "habilitado": true
 }
},
{
 "model": "pacientes.pais",
 "pk": "HM",
 "fields": {
  "nombre": "ISLA HEARD Y MCDONALD",
  "nombre_iso": "ISLA HEARD E ISLAS MCDONALD",
  "codigo_alpha3": "HMD",
  "codigo_numerico": 334,
  "habilitado": true
 }
},
{
 "model": "pacientes.pais",
 "pk": "IS",
 "fields": {
  "nombre": "ISLANDIA",
  "nombre_iso": "ISLANDIA",
  "codigo_alpha3": "ISL",
  "codigo_numerico": 352,
  "habilitado": true
 }
},
{
 "model": "pacientes.pais",
 "pk": "AX",
 "fields": {
  "nombre": "ISLAS ALAND",
  "nombre_iso": "ISLAS ALAND",
  "codigo_alpha3": "ALA",
  "codigo_numerico": 248,
  "habilitado": true
 }
},
{
 "model": "pacientes.pais",
 "pk": "KY",
 "fields": {
  "nombre": "ISLAS CAIMAN",
  "nombre_iso": "ISLAS CAIMAN",
  "codigo_alpha3": "CYM",
  "codigo_numerico": 136,
  "habilitado": true
 }
},
{
 "model": "pacientes.pais",
 "pk": "CC",
 "fields": {
  "nombre": "ISLAS COCOS",
  "nombre_iso": "ISLAS COCOS (KEELING)",
  "codigo_alpha3": "CCK",
  "codigo_numerico": 166,
  "habilitado": true
 }
},
{
 "model": "pacientes.pais",
 "pk": "CK",
 "fields": {
  "nombre": "ISLAS COOK",
  "nombre_iso": "ISLAS COOK",
  "codigo_alpha3": "COK",
  "codigo_numerico": 184,
  "habilitado": true
 }
},
{
 "model": "pacientes.pais",
 "pk": "FO",
 "fields": {
  "nombre": "ISLAS FEROE",
  "nombre_iso": "ISLAS FEROE",
  "codigo_alpha3": "FRO",
  "codigo_numerico": 234,
  "habilitado": true
 }
},
{
 "model": "pacientes.pais",
 "pk": "GS",
 "fields": {
  "nombre": "ISLAS GEORGIANAS DEL SUR Y SANDWICH DEL SUR",
  "nombre_iso": "GEORGIA DEL SUR Y LAS ISLAS SANDWICH DEL SUR",
  "codigo_alpha3": "SGS",
  "codigo_numerico": 239,
  "habilitado": true
 }
},
{
 "model": "pacientes.pais",
 "pk": "FK",
 "fields": {
  "nombre": "ISLAS MALVINAS",
  "nombre_iso": "ISLAS FALKLAND (MALVINAS)",
  "codigo_alpha3": "FLK",
  "codigo_numerico": 238,
  "habilitado": true
 }
},
{
 "model": "pacientes.pais",
 "pk": "MP",
 "fields": {
  "nombre": "ISLAS MARIANAS DEL NORTE",
  "nombre_iso": "ISLAS MARIANAS DEL NORTE",
  "codigo_alpha3": "MNP",
  "codigo_numerico": 580,
  "habilitado": true
 }
},
{
 "model": "pacientes.pais",
 "pk": "MH",
 "fields": {
  "nombre": "ISLAS MARSHALL",
  "nombre_iso": "ISLAS MARSHALL",
  "codigo_alpha3": "MHL",
  "codigo_numerico": 584,
  "habilitado": true
 }
},
{
 "model": "pacientes.pais",
 "pk": "PN",
 "fields": {
  "nombre": "ISLAS PITCAIRN",
  "nombre_iso": "PITCAIRN",
  "codigo_alpha3": "PCN",
  "codigo_numerico": 612,
  "habilitado": true
 }
},
{
 "model": "pacientes.pais",
 "pk": "SB",
 "fields": {
  "nombre": "ISLAS SALOMON",
  "nombre_iso": "ISLAS SALOMON",
  "codigo_alpha3": "SLB",
  "codigo_numerico": 90,
  "habilitado": true
 }
},
{
 "model": "pacientes.pais",
 "pk": "TC",
 "fields": {
  "nombre": "ISLAS TURCAS Y CAICOS",
  "nombre_iso": "ISLAS TURCAS Y CAICOS",
  "codigo_alpha3": "TCA",
  "codigo_numerico": 796,
  "habilitado": true
 }
},
{
 "model": "pacientes.pais",
 "pk": "UM",
 "fields": {
  "nombre": "ISLAS ULTRAMARINAS DE ESTADOS UNIDOS",
  "nombre_iso": "ISLAS ULTRAMARINAS MENORES DE ESTADOS UNIDOS",
  "codigo_alpha3": "UMI",
  "codigo_numerico": 581,
  "habilitado": true
 }
},
{
 "model": "pacientes.pais",
 "pk": "VG",
 "fields": {
  "nombre": "ISLAS VIRGENES BRITANICAS",
  "nombre_iso": "ISLAS VIRGENES (BRITANICAS)",
  "codigo_alpha3": "VGB",
  "codigo_numerico": 92,
  "habilitado": true
 }
},
{
 "model": "pacientes.pais",
 "pk": "VI",
 "fields": {
  "nombre": "ISLAS VIRGENES DE LOS ESTADOS UNIDOS",
  "nombre_iso": "ISLAS VIRGENES (EE.UU.)",
  "codigo_alpha3": "VIR",
  "codigo_numerico": 850,
  "habilitado": true
 }
},
{
 "model": "pacientes.pais",
 "pk": "IL",
 "fields": {
  "nombre": "ISRAEL",
  "nombre_iso": "ISRAEL",
  "codigo_alpha3": "ISR",
  "codigo_numerico": 376,
  "habilitado": true
 }
},
{
 "model": "pacientes.pais",
 "pk": "IT",
 "fields": {
  "nombre": "ITALIA",
  "nombre_iso": "ITALIA",
  "codigo_alpha3": "ITA",
  "codigo_numerico": 380,
  "habilitado": true
 }
},
{
 "model": "pacientes.pais",
 "pk": "JM",
 "fields": {
  "nombre": "JAMAICA",
  "nombre_iso": "JAMAICA",
  "codigo_alpha3": "JAM",
  "codigo_numerico": 388,
  "habilitado": true
 }
},
{
 "model": "pacientes.pais",
 "pk": "JP",
 "fields": {
  "nombre": "JAPON",
  "nombre_iso": "JAPON",
  "codigo_alpha3": "JPN",
  "codigo_numerico": 392,
  "habilitado": true
 }
},
{
 "model": "pacientes.pais",
 "pk": "JE",
 "fields": {
  "nombre": "JERSEY",
  "nombre_iso": "JERSEY",
  "codigo_alpha3": "JEY",
  "codigo_numerico": 832,
  "habilitado": true
 }
},
{
 "model": "pacientes.pais",
 "pk": "JO",
 "fields": {
  "nombre": "JORDANIA",
  "nombre_iso": "JORDANIA",
  "codigo_alpha3": "JOR",
  "codigo_numerico": 400,
  "habilitado": true
 }
},
{
 "model": "pacientes.pais",
 "pk": "KZ",
 "fields": {
  "nombre": "KAZAJISTAN",
  "nombre_iso": "KAZAJISTAN",
  "codigo_alpha3": "KAZ",
  "codigo_numerico": 398,
  "habilitado": true
 }
},
{
 "model": "pacientes.pais",
 "pk": "KE",
 "fields": {
  "nombre": "KENIA",
  "nombre_iso": "KENIA",
  "codigo_alpha3": "KEN",
  "codigo_numerico": 404,
  "habilitado": true
 }
},
{
 "model": "pacientes.pais",
 "pk": "KG",
 "fields": {
  "nombre": "KIRGUISTAN",
  "nombre_iso": "KIRGUISTAN",
  "codigo_alpha3": "KGZ",
  "codigo_numerico": 417,
  "habilitado": true
 }
},
{
 "model": "pacientes.pais",
 "pk": "KI",
 "fields": {
  "nombre": "KIRIBATI",
  "nombre_iso": "KIRIBATI",
  "codigo_alpha3": "KIR",
  "codigo_numerico": 296,
  "habilitado": true
 }
},
{
 "model": "pacientes.pais",
 "pk": "KW",
 "fields": {
  "nombre": "KUWAIT",
  "nombre_iso": "KUWAIT",
  "codigo_alpha3": "KWT",
  "codigo_numerico": 414,
  "habilitado": true
 }
},
{
 "model": "pacientes.pais",
 "pk": "LA",
 "fields": {
  "nombre": "LAOS",
  "nombre_iso": "LAO, REPUBLICA DEMOCRATICA POPULAR",
  "codigo_alpha3": "LAO",
  "codigo_numerico": 418,
  "habilitado": true
 }
},
{
 "model": "pacientes.pais",
 "pk": "LS",
 "fields": {
  "nombre": "LESOTO",
  "nombre_iso": "LESOTO",
  "codigo_alpha3": "LSO",
  "codigo_numerico": 426,
  "habilitado": true
 }
},
{
 "model": "pacientes.pais",
 "pk": "LV",
 "fields": {
  "nombre": "LETONIA",
  "nombre_iso": "LETONIA",
  "codigo_alpha3": "LVA",
  "codigo_numerico": 428,
  "habilitado": true
 }
},
{
 "model": "pacientes.pais",
 "pk": "LB",
 "fields": {
  "nombre": "LIBANO",
  "nombre_iso": "LIBANO",
  "codigo_alpha3": "LBN",
  "codigo_numerico": 422,
  "habilitado": true
 }
},
{
 "model": "pacientes.pais",
 "pk": "LR",
 "fields": {
  "nombre": "LIBERIA",
  "nombre_iso": "LIBERIA",
  "codigo_alpha3": "LBR",
  "codigo_numerico": 430,
  "habilitado": true
 }
},
{
 "model": "pacientes.pais",
 "pk": "LY",
 "fields": {
  "nombre": "LIBIA",
  "nombre_iso": "LIBIA",
  "codigo_alpha3": "LBY",
  "codigo_numerico": 434,
  "habilitado": true
 }
},
{
 "model": "pacientes.pais",
 "pk": "LI",
 "fields": {
  "nombre": "LIECHTENSTEIN",
  "nombre_iso": "LIECHTENSTEIN",
  "codigo_alpha3": "LIE",
  "codigo_numerico": 438,
  "habilitado": true
 }
},
{
 "model": "pacientes.pais",
 "pk": "LT",
 "fields": {
  "nombre": "LITUANIA",
  "nombre_iso": "LITUANIA",
  "codigo_alpha3": "LTU",
  "codigo_numerico": 440,
  "habilitado": true
 }
},
{
 "model": "pacientes.pais",
 "pk": "LU",
 "fields": {
  "nombre": "LUXEMBURGO",
  "nombre_iso": "LUXEMBURGO",
  "codigo_alpha3": "LUX",
  "codigo_numerico": 442,
  "habilitado": true
 }
},
{
 "model": "pacientes.pais",
 "pk": "MO",
 "fields": {
  "nombre": "MACAO",
  "nombre_iso": "MACAO",
  "codigo_alpha3": "MAC",
  "codigo_numerico": 446,
  "habilitado": true
 }
},
{
 "model": "pacientes.pais",
 "pk": "MK",
 "fields": {
  "nombre": "MACEDONIA",
  "nombre_iso": "MACEDONIA, LA ANTIGUA REPUBLICA YUGOSLAVA DE",
  "codigo_alpha3": "MKD",
  "codigo_numerico": 807,
  "habilitado": true
 }
},
{
 "model": "pacientes.pais",
 "pk": "MG",
 "fields": {
  "nombre": "MADAGASCAR",
  "nombre_iso": "MADAGASCAR",
  "codigo_alpha3": "MDG",
  "codigo_numerico": 450,
  "habilitado": true
 }
},
{
 "model": "pacientes.pais",
 "pk": "MY",
 "fields": {
  "nombre": "MALASIA",
  "nombre_iso": "MALASIA",
  "codigo_alpha3": "MYS",
  "codigo_numerico": 458,
  "habilitado": true
 }
},
{
 "model": "pacientes.pais",
 "pk": "MW",
 "fields": {
  "nombre": "MALAUI",
  "nombre_iso": "MALAUI",
  "codigo_alpha3": "MWI",
  "codigo_numerico": 454,
  "habilitado": true
 }
},
{
 "model": "pacientes.pais",
 "pk": "MV",
 "fields": {
  "nombre": "MALDIVAS",
  "nombre_iso": "MALDIVAS",
  "codigo_alpha3": "MDV",
  "codigo_numerico": 462,
  "habilitado": true
 }
},
{
 "model": "pacientes.pais",
 "pk": "ML",
 "fields": {
  "nombre": "MALI",
  "nombre_iso": "MALI",
  "codigo_alpha3": "MLI",
  "codigo_numerico": 466,
  "habilitado": true
 }
},
{
 "model": "pacientes.pais",
 "pk": "MT",
 "fields": {
  "nombre": "MALTA",
  "nombre_iso": "MALTA",
  "codigo_alpha3": "MLT",
  "codigo_numerico": 470,
  "habilitado": true
 }
},
{
 "model": "pacientes.pais",
 "pk": "MA",
 "fields": {
  "nombre": "MARRUECOS",
  "nombre_iso": "MARRUECOS",
  "codigo_alpha3": "MAR",
  "codigo_numerico": 504,
  "habilitado": true
 }
},
{
 "model": "pacientes.pais",
 "pk": "MQ",
 "fields": {
  "nombre": "MARTINICA",
  "nombre_iso": "MARTINICA",
  "codigo_alpha3": "MTQ",
  "codigo_numerico": 474,
  "habilitado": true
 }
},
{
 "model": "pacientes.pais",
 "pk": "MU",
 "fields": {
  "nombre": "MAURICIO",
  "nombre_iso": "MAURICIO",
  "codigo_alpha3": "MUS",
  "codigo_numerico": 480,
  "habilitado": true
 }
},
{
 "model": "pacientes.pais",
 "pk": "MR",
 "fields": {
  "nombre": "MAURITANIA",
  "nombre_iso": "MAURITANIA",
  "codigo_alpha3": "MRT",
  "codigo_numerico": 478,
  "habilitado": true
 }
},
{
 "model": "pacientes.pais",
 "pk": "YT",
 "fields": {
  "nombre": "MAYOTTE",
  "nombre_iso": "MAYOTTE",
  "codigo_alpha3": "MYT",
  "codigo_numerico": 175,
  "habilitado": true
 }
},
{
 "model": "pacientes.pais",
 "pk": "MX",
 "fields": {
  "nombre": "MEXICO",
  "nombre_iso": "MEXICO",
  "codigo_alpha3": "MEX",
  "codigo_numerico": 484,
  "habilitado": true
 }
},
{
 "model": "pacientes.pais",
 "pk": "FM",
 "fields": {
  "nombre": "MICRONESIA",
  "nombre_iso": "MICRONESIA, ESTADOS FEDERADOS DE",
  "codigo_alpha3": "FSM",
  "codigo_numerico": 583,
  "habilitado": true
 }
},
{
 "model": "pacientes.pais",
 "pk": "MD",
 "fields": {
  "nombre": "MOLDAVIA",
  "nombre_iso": "MOLDAVIA, REPUBLICA DE",
  "codigo_alpha3": "MDA",
  "codigo_numerico": 498,
  "habilitado": true
 }
},
{
 "model": "pacientes.pais",
 "pk": "MC",
 "fields": {
  "nombre": "MONACO",
  "nombre_iso": "MONACO",
  "codigo_alpha3": "MCO",
  "codigo_numerico": 492,
  "habilitado": true
 }
},
{
 "model": "pacientes.pais",
 "pk": "MN",
 "fields": {
  "nombre": "MONGOLIA",
  "nombre_iso": "MONGOLIA",
  "codigo_alpha3": "MNG",
  "codigo_numerico": 496,
  "habilitado": true
 }
},
{
 "model": "pacientes.pais",
 "pk": "ME",
 "fields": {
  "nombre": "MONTENEGRO",
  "nombre_iso": "MONTENEGRO",
  "codigo_alpha3": "MNE",
  "codigo_numerico": 499,
  "habilitado": true
 }
},
{
 "model": "pacientes.pais",
 "pk": "MS",
 "fields": {
  "nombre": "MONTSERRAT",
  "nombre_iso": "MONTSERRAT",
  "codigo_alpha3": "MSR",
  "codigo_numerico": 500,
  "habilitado": true
 }
},
{
 "model": "pacientes.pais",
 "pk": "MZ",
 "fields": {
  "nombre": "MOZAMBIQUE",
  "nombre_iso": "MOZAMBIQUE",
  "codigo_alpha3": "MOZ",
  "codigo_numerico": 508,
  "habilitado": true
 }
},
{
 "model": "pacientes.pais",
 "pk": "NA",
 "fields": {
  "nombre": "NAMIBIA",
  "nombre_iso": "NAMIBIA",
  "codigo_alpha3": "NAM",
  "codigo_numerico": 516,
  "habilitado": true
 }
},
{
 "model": "pacientes.pais",
 "pk": "NR",
 "fields": {
  "nombre": "NAURU",
  "nombre_iso": "NAURU",
  "codigo_alpha3": "NRU",
  "codigo_numerico": 520,
  "habilitado": true
 }
},
{
 "model": "pacientes.pais",
 "pk": "NP",
 "fields": {
  "nombre": "NEPAL",
  "nombre_iso": "NEPAL",
  "codigo_alpha3": "NPL",
  "codigo_numerico": 524,
  "habilitado": true
 }
},
{
 "model": "pacientes.pais",
 "pk": "NI",
 "fields": {
  "nombre": "NICARAGUA",
  "nombre_iso": "NICARAGUA",
  "codigo_alpha3": "NIC",
  "codigo_numerico": 558,
  "habilitado": true
 }
},
{
 "model": "pacientes.pais",
 "pk": "NE",
 "fields": {
  "nombre": "NIGER",
  "nombre_iso": "NIGER",
  "codigo_alpha3": "NER",
  "codigo_numerico": 562,
  "habilitado": true
 }
},
{
 "model": "pacientes.pais",
 "pk": "NG",
 "fields": {
  "nombre": "NIGERIA",
  "nombre_iso": "NIGERIA",
  "codigo_alpha3": "NGA",
  "codigo_numerico": 566,
  "habilitado": true
 }
},
{
 "model": "pacientes.pais",
 "pk": "NU",
 "fields": {
  "nombre": "NIUE",
  "nombre_iso": "NIUE",
  "codigo_alpha3": "NIU",
  "codigo_numerico": 570,
  "habilitado": true
 }
},
{
 "model": "pacientes.pais",
 "pk": "NF",
 "fields": {
  "nombre": "NORFOLK",
  "nombre_iso": "ISLA NORFOLK",
  "codigo_alpha3": "NFK",
  "codigo_numerico": 574,
  "habilitado": true
 }
},
{
 "model": "pacientes.pais",
 "pk": "NO",
 "fields": {
  "nombre": "NORUEGA",
  "nombre_iso": "NORUEGA",
  "codigo_alpha3": "NOR",
  "codigo_numerico": 578,
  "habilitado": true
 }
},
{
 "model": "pacientes.pais",
 "pk": "NC",
 "fields": {
  "nombre": "NUEVA CALEDONIA",
  "nombre_iso": "NUEVA CALEDONIA",
  "codigo_alpha3": "NCL",
  "codigo_numerico": 540,
  "habilitado": true
 }
},
{
 "model": "pacientes.pais",
 "pk": "NZ",
 "fields": {
  "nombre": "NUEVA ZELANDA",
  "nombre_iso": "NUEVA ZELANDA",
  "codigo_alpha3": "NZL",
  "codigo_numerico": 554,
  "habilitado": true
 }
},
{
 "model": "pacientes.pais",
 "pk": "OM",
 "fields": {
  "nombre": "OMAN",
  "nombre_iso": "OMAN",
  "codigo_alpha3": "OMN",
  "codigo_numerico": 512,
  "habilitado": true
 }
},
{
 "model": "pacientes.pais",
 "pk": "NL",
 "fields": {
  "nombre": "PAISES BAJOS",
  "nombre_iso": "PAISES BAJOS",
  "codigo_alpha3": "NLD",
  "codigo_numerico": 528,
  "habilitado": true
 }
},
{
 "model": "pacientes.pais",
 "pk": "PK",
 "fields": {
  "nombre": "PAKISTAN",
  "nombre_iso": "PAKISTAN",
  "codigo_alpha3": "PAK",
  "codigo_numerico": 586,
  "habilitado": true
 }
},
{
 "model": "pacientes.pais",
 "pk": "PW",
 "fields": {
  "nombre": "PALAOS",
  "nombre_iso": "PALAOS",
  "codigo_alpha3": "PLW",
  "codigo_numerico": 585,
  "habilitado": true
 }
},
{
 "model": "pacientes.pais",
 "pk": "PS",
 "fields": {
  "nombre": "PALESTINA",
  "nombre_iso": "PALESTINA, ESTADO DE",
  "codigo_alpha3": "PSE",
  "codigo_numerico": 275,
  "habilitado": true
 }
},
{
 "model": "pacientes.pais",
 "pk": "PA",
 "fields": {
  "nombre": "PANAMA",
  "nombre_iso": "PANAMA",
  "codigo_alpha3": "PAN",
  "codigo_numerico": 591,
  "habilitado": true
 }
},
{
 "model": "pacientes.pais",
 "pk": "PG",
 "fields": {
  "nombre": "PAPUA NUEVA GUINEA",
  "nombre_iso": "PAPUA NUEVA GUINEA",
  "codigo_alpha3": "PNG",
  "codigo_numerico": 598,
  "habilitado": true
 }
},
{
 "model": "pacientes.pais",
 "pk": "PY",
 "fields": {
  "nombre": "PARAGUAY",
  "nombre_iso": "PARAGUAY",
  "codigo_alpha3": "PRY",
  "codigo_numerico": 600,
  "habilitado": true
 }
},
{
 "model": "pacientes.pais",
 "pk": "PE",
 "fields": {
  "nombre": "PERU",
  "nombre_iso": "PERU",
  "codigo_alpha3": "PER",
  "codigo_numerico": 604,
  "habilitado": true
 }
},
{
 "model": "pacientes.pais",
 "pk": "PF",
 "fields": {
  "nombre": "POLINESIA FRANCESA",
  "nombre_iso": "POLINESIA FRANCESA",
  "codigo_alpha3": "PYF",
  "codigo_numerico": 258,
  "habilitado": true
 }
},
{
 "model": "pacientes.pais",
 "pk": "PL",
 "fields": {
  "nombre": "POLONIA",
  "nombre_iso": "POLONIA",
  "codigo_alpha3": "POL",
  "codigo_numerico": 616,
  "habilitado": true
 }
},
{
 "model": "pacientes.pais",
 "pk": "PT",
 "fields": {
  "nombre": "PORTUGAL",
  "nombre_iso": "PORTUGAL",
  "codigo_alpha3": "PRT",
  "codigo_numerico": 620,
  "habilitado": true
 }
},
{
 "model": "pacientes.pais",
 "pk": "PR",
 "fields": {
  "nombre": "PUERTO RICO",
  "nombre_iso": "PUERTO RICO",
  "codigo_alpha3": "PRI",
  "codigo_numerico": 630,
  "habilitado": true
 }
},
{
 "model": "pacientes.pais",
 "pk": "QA",
 "fields": {
  "nombre": "QATAR",
  "nombre_iso": "QATAR",
  "codigo_alpha3": "QAT",
  "codigo_numerico": 634,
  "habilitado": true
 }
},
{
 "model": "pacientes.pais",
 "pk": "GB",
 "fields": {
  "nombre": "REINO UNIDO",
  "nombre_iso": "REINO UNIDO",
  "codigo_alpha3": "GBR",
  "codigo_numerico": 826,
  "habilitado": true
 }
},
{
 "model": "pacientes.pais",
 "pk": "EH",
 "fields": {
  "nombre": "REPUBLICA ARABE SAHARAUI DEMOCRATICA",
  "nombre_iso": "SAHARA OCCIDENTAL",
  "codigo_alpha3": "ESH",
  "codigo_numerico": 732,
  "habilitado": true
 }
},
{
 "model": "pacientes.pais",
 "pk": "CF",
 "fields": {
  "nombre": "REPUBLICA CENTROAFRICANA",
  "nombre_iso": "REPUBLICA CENTROAFRICANA",
  "codigo_alpha3": "CAF",
  "codigo_numerico": 140,
  "habilitado": true
 }
},
{
 "model": "pacientes.pais",
 "pk": "CZ",
 "fields": {
  "nombre": "REPUBLICA CHECA",
  "nombre_iso": "REPUBLICA CHECA",
  "codigo_alpha3": "CZE",
  "codigo_numerico": 203,
  "habilitado": true
 }
},
{
 "model": "pacientes.pais",
 "pk": "CG",
 "fields": {
  "nombre": "REPUBLICA DEL CONGO",
  "nombre_iso": "CONGO",
  "codigo_alpha3": "COG",
  "codigo_numerico": 178,
  "habilitado": true
 }
},
{
 "model": "pacientes.pais",
 "pk": "CD",
 "fields": {
  "nombre": "REPUBLICA DEMOCRATICA DEL CONGO",
  "nombre_iso": "CONGO, REPUBLICA DEMOCRATICA DEL",
  "codigo_alpha3": "COD",
  "codigo_numerico": 180,
  "habilitado": true
 }
},
{
 "model": "pacientes.pais",
 "pk": "DO",
 "fields": {
  "nombre": "REPUBLICA DOMINICANA",
  "nombre_iso": "REPUBLICA DOMINICANA",
  "codigo_alpha3": "DOM",
  "codigo_numerico": 214,
  "habilitado": true
 }
},
{
 "model": "pacientes.pais",
 "pk": "RE",
 "fields": {
  "nombre": "REUNION",
  "nombre_iso": "REUNION",
  "codigo_alpha3": "REU",
  "codigo_numerico": 638,
  "habilitado": true
 }
},
{
 "model": "pacientes.pais",
 "pk": "RW",
 "fields": {
  "nombre": "RUANDA",
  "nombre_iso": "RUANDA",
  "codigo_alpha3": "RWA",
  "codigo_numerico": 646,
  "habilitado": true
 }
},
{
 "model": "pacientes.pais",
 "pk": "RO",
 "fields": {
  "nombre": "RUMANIA",
  "nombre_iso": "RUMANIA",
  "codigo_alpha3": "ROU",
  "codigo_numerico": 642,
  "habilitado": true
 }
},
{
 "model": "pacientes.pais",
 "pk": "RU",
 "fields": {
  "nombre": "RUSIA",
  "nombre_iso": "RUSIA, FEDERACION DE",
  "codigo_alpha3": "RUS",
  "codigo_numerico": 643,
  "habilitado": true
 }
},
{
 "model": "pacientes.pais",
 "pk": "WS",
 "fields": {
  "nombre": "SAMOA",
  "nombre_iso": "SAMOA",
  "codigo_alpha3": "WSM",
  "codigo_numerico": 882,
  "habilitado": true
 }
},
{
 "model": "pacientes.pais",
 "pk": "AS",
 "fields": {
  "nombre": "SAMOA AMERICANA",
  "nombre_iso": "SAMOA AMERICANA",
  "codigo_alpha3": "ASM",
  "codigo_numerico": 16,
  "habilitado": true
 }
},
{
 "model": "pacientes.pais",
 "pk": "BL",
 "fields": {
  "nombre": "SAN BARTOLOME",
  "nombre_iso": "SAN BARTOLOME",
  "codigo_alpha3": "BLM",
  "codigo_numerico": 652,
  "habilitado": true
 }
},
{
 "model": "pacientes.pais",
 "pk": "KN",
 "fields": {
  "nombre": "SAN CRISTOBAL Y NIEVES",
  "nombre_iso": "SAN CRISTOBAL Y NIEVES",
  "codigo_alpha3": "KNA",
  "codigo_numerico": 659,
  "habilitado": true
 }
},
{
 "model": "pacientes.pais",
 "pk": "SM",
 "fields": {
  "nombre": "SAN MARINO",
  "nombre_iso": "SAN MARINO",
  "codigo_alpha3": "SMR",
  "codigo_numerico": 674,
  "habilitado": true
 }
},
{
 "model": "pacientes.pais",
 "pk": "MF",
 "fields": {
  "nombre": "SAN MARTIN",
  "nombre_iso": "SAN MARTIN (PARTE FRANCESA)",
  "codigo_alpha3": "MAF",
  "codigo_numerico": 663,
  "habilitado": true
 }
},
{
 "model": "pacientes.pais",
 "pk": "PM",
 "fields": {
  "nombre": "SAN PEDRO Y MIQUELON",
  "nombre_iso": "SAN PEDRO Y MIQUELON",
  "codigo_alpha3": "SPM",
  "codigo_numerico": 666,
  "habilitado": true
 }
},
{
 "model": "pacientes.pais",
 "pk": "VC",
 "fields": {
  "nombre": "SAN VICENTE Y LAS GRANADINAS",
  "nombre_iso": "SAN VICENTE Y LAS GRANADINAS",
  "codigo_alpha3": "VCT",
  "codigo_numerico": 670,
  "habilitado": true
 }
},
{
 "model": "pacientes.pais",
 "pk": "SH",
 "fields": {
  "nombre": "SANTA HELENA, ASCENSION Y TRISTAN DE ACU\u00d1A",
  "nombre_iso": "SANTA HELENA, ASCENSION Y TRISTAN DE ACU\u00d1A",
  "codigo_alpha3": "SHN",
  "codigo_numerico": 654,
  "habilitado": true
 }
},
{
 "model": "pacientes.pais",
 "pk": "LC",
 "fields": {
  "nombre": "SANTA LUCIA",
  "nombre_iso": "SANTA LUCIA",
  "codigo_alpha3": "LCA",
  "codigo_numerico": 662,
  "habilitado": true
 }
},
{
 "model": "pacientes.pais",
 "pk": "ST",
 "fields": {
  "nombre": "SANTO TOME Y PRINCIPE",
  "nombre_iso": "SANTO TOME Y PRINCIPE",
  "codigo_alpha3": "STP",
  "codigo_numerico": 678,
  "habilitado": true
 }
},
{
 "model": "pacientes.pais",
 "pk": "SN",
 "fields": {
  "nombre": "SENEGAL",
  "nombre_iso": "SENEGAL",
  "codigo_alpha3": "SEN",
  "codigo_numerico": 686,
  "habilitado": true
 }
},
{
 "model": "pacientes.pais",
 "pk": "RS",
 "fields": {
  "nombre": "SERBIA",
  "nombre_iso": "SERBIA",
  "codigo_alpha3": "SRB",
  "codigo_numerico": 688,
  "habilitado": true
 }
},
{
 "model": "pacientes.pais",
 "pk": "SC",
 "fields": {
  "nombre": "SEYCHELLES",
  "nombre_iso": "SEYCHELLES",
  "codigo_alpha3": "SYC",
  "codigo_numerico": 690,
  "habilitado": true
 }
},
{
 "model": "pacientes.pais",
 "pk": "SL",
 "fields": {
  "nombre": "SIERRA LEONA",
  "nombre_iso": "SIERRA LEONA",
  "codigo_alpha3": "SLE",
  "codigo_numerico": 694,
  "habilitado": true
 }
},
{
 "model": "pacientes.pais",
 "pk": "SG",
 "fields": {
  "nombre": "SINGAPUR",
  "nombre_iso": "SINGAPUR",
  "codigo_alpha3": "SGP",
  "codigo_numerico": 702,
  "habilitado": true
 }
},
{
 "model": "pacientes.pais",
 "pk": "SX",
 "fields": {
  "nombre": "SINT MAARTEN",
  "nombre_iso": "SINT MAARTEN (PARTE NEERLANDESA)",
  "codigo_alpha3": "SXM",
  "codigo_numerico": 534,
  "habilitado": true
 }
},
{
 "model": "pacientes.pais",
 "pk": "SY",
 "fields": {
  "nombre": "SIRIA",
  "nombre_iso": "SIRIA, REPUBLICA ARABE",
  "codigo_alpha3": "SYR",
  "codigo_numerico": 760,
  "habilitado": true
 }
},
{
 "model": "pacientes.pais",
 "pk": "SO",
 "fields": {
  "nombre": "SOMALIA",
  "nombre_iso": "SOMALIA",
  "codigo_alpha3": "SOM",
  "codigo_numerico": 706,
  "habilitado": true
 }
},
{
 "model": "pacientes.pais",
 "pk": "LK",
 "fields": {
  "nombre": "SRI LANKA",
  "nombre_iso": "SRI LANKA",
  "codigo_alpha3": "LKA",
  "codigo_numerico": 144,
  "habilitado": true
 }
},
{
 "model": "pacientes.pais",
 "pk": "SZ",
 "fields": {
  "nombre": "SUAZILANDIA",
  "nombre_iso": "SUAZILANDIA",
  "codigo_alpha3": "SWZ",
  "codigo_numerico": 748,
  "habilitado": true
 }
},
{
 "model": "pacientes.pais",
 "pk": "ZA",
 "fields": {
  "nombre": "SUDAFRICA",
  "nombre_iso": "SUDAFRICA",
  "codigo_alpha3": "ZAF",
  "codigo_numerico": 710,
  "habilitado": true
 }
},
{
 "model": "pacientes.pais",
 "pk": "SD",
 "fields": {
  "nombre": "SUDAN",
  "nombre_iso": "SUDAN",
  "codigo_alpha3": "SDN",
  "codigo_numerico": 729,
  "habilitado": true
 }
},
{
 "model": "pacientes.pais",
 "pk": "SS",
 "fields": {
  "nombre": "SUDAN DEL SUR",
  "nombre_iso": "SUDAN DEL SUR",
  "codigo_alpha3": "SSD",
  "codigo_numerico": 728,
  "habilitado": true
 }
},
{
 "model": "pacientes.pais",
 "pk": "SE",
 "fields": {
  "nombre": "SUECIA",
  "nombre_iso": "SUECIA",
  "codigo_alpha3": "SWE",
  "codigo_numerico": 752,
  "habilitado": true
 }
},
{
 "model": "pacientes.pais",
 "pk": "CH",
 "fields": {
  "nombre": "SUIZA",
  "nombre_iso": "SUIZA",
  "codigo_alpha3": "CHE",
  "codigo_numerico": 756,
  "habilitado": true
 }
},
{
 "model": "pacientes.pais",
 "pk": "SR",
 "fields": {
  "nombre": "SURINAM",
  "nombre_iso": "SURINAM",
  "codigo_alpha3": "SUR",
  "codigo_numerico": 740,
  "habilitado": true
 }
},
{
 "model": "pacientes.pais",
 "pk": "SJ",
 "fields": {
  "nombre": "SVALBARD Y JAN MAYEN",
  "nombre_iso": "SVALBARD Y JAN MAYEN",
  "codigo_alpha3": "SJM",
  "codigo_numerico": 744,
  "habilitado": true
 }
},
{
 "model": "pacientes.pais",
 "pk": "TH",
 "fields": {
  "nombre": "TAILANDIA",
  "nombre_iso": "TAILANDIA",
  "codigo_alpha3": "THA",
  "codigo_numerico": 764,
  "habilitado": true
 }
},
{
 "model": "pacientes.pais",
 "pk": "TW",
 "fields": {
  "nombre": "TAIWAN",
  "nombre_iso": "TAIWAN, PROVINCIA DE CHINA",
  "codigo_alpha3": "TWN",
  "codigo_numerico": 158,
  "habilitado": true
 }
},
{
 "model": "pacientes.pais",
 "pk": "TZ",
 "fields": {
  "nombre": "TANZANIA",
  "nombre_iso": "TANZANIA, REPUBLICA UNIDA DE",
  "codigo_alpha3": "TZA",
  "codigo_numerico": 834,
  "habilitado": true
 }
},
{
 "model": "pacientes.pais",
 "pk": "TJ",
 "fields": {
  "nombre": "TAYIKISTAN",
  "nombre_iso": "TAYIKISTAN",
  "codigo_alpha3": "TJK",
  "codigo_numerico": 762,
  "habilitado": true
 }
},
{
 "model": "pacientes.pais",
 "pk": "IO",
 "fields": {
  "nombre": "TERRITORIO BRITANICO DEL OCEANO INDICO",
  "nombre_iso": "TERRITORIO BRITANICO DEL OCEANO INDICO",
  "codigo_alpha3": "IOT",
  "codigo_numerico": 86,
  "habilitado": true
 }
},
{
 "model": "pacientes.pais",
 "pk": "TF",
 "fields": {
  "nombre": "TIERRAS AUSTRALES Y ANTARTICAS FRANCESAS",
  "nombre_iso": "TERRITORIOS AUSTRALES FRANCESES",
  "codigo_alpha3": "ATF",
  "codigo_numerico": 260,
  "habilitado": true
 }
},
{
 "model": "pacientes.pais",
 "pk": "TL",
 "fields": {
  "nombre": "TIMOR ORIENTAL",
  "nombre_iso": "TIMOR-LESTE",
  "codigo_alpha3": "TLS",
  "codigo_numerico": 626,
  "habilitado": true
 }
},
{
 "model": "pacientes.pais",
 "pk": "TG",
 "fields": {
  "nombre": "TOGO",
  "nombre_iso": "TOGO",
  "codigo_alpha3": "TGO",
  "codigo_numerico": 768,
  "habilitado": true
 }
},
{
 "model": "pacientes.pais",
 "pk": "TK",
 "fields": {
  "nombre": "TOKELAU",
  "nombre_iso": "TOKELAU",
  "codigo_alpha3": "TKL",
  "codigo_numerico": 772,
  "habilitado": true
 }
},
{
 "model": "pacientes.pais",
 "pk": "TO",
 "fields": {
  "nombre": "TONGA",
  "nombre_iso": "TONGA",
  "codigo_alpha3": "TON",
  "codigo_numerico": 776,
  "habilitado": true
 }
},
{
 "model": "pacientes.pais",
 "pk": "TT",
 "fields": {
  "nombre": "TRINIDAD Y TOBAGO",
  "nombre_iso": "TRINIDAD Y TOBAGO",
  "codigo_alpha3": "TTO",
  "codigo_numerico": 780,
  "habilitado": true
 }
},
{
 "model": "pacientes.pais",
 "pk": "TN",
 "fields": {
  "nombre": "TUNEZ",
  "nombre_iso": "TUNEZ",
  "codigo_alpha3": "TUN",
  "codigo_numerico": 788,
  "habilitado": true
 }
},
{
 "model": "pacientes.pais",
 "pk": "TM",
 "fields": {
  "nombre": "TURKMENISTAN",
  "nombre_iso": "TURKMENISTAN",
  "codigo_alpha3": "TKM",
  "codigo_numerico": 795,
  "habilitado": true
 }
},
{
 "model": "pacientes.pais",
 "pk": "TR",
 "fields": {
  "nombre": "TURQUIA",
  "nombre_iso": "TURQUIA",
  "codigo_alpha3": "TUR",
  "codigo_numerico": 792,
  "habilitado": true
 }
},
{
 "model": "pacientes.pais",
 "pk": "TV",
 "fields": {
  "nombre": "TUVALU",
  "nombre_iso": "TUVALU",
  "codigo_alpha3": "TUV",
  "codigo_numerico": 798,
  "habilitado": true
 }
},
{
 "model": "pacientes.pais",
 "pk": "UA",
 "fields": {
  "nombre": "UCRANIA",
  "nombre_iso": "UCRANIA",
  "codigo_alpha3": "UKR",
  "codigo_numerico": 804,
  "habilitado": true
 }
},
{
 "model": "pacientes.pais",
 "pk": "UG",
 "fields": {
  "nombre": "UGANDA",
  "nombre_iso": "UGANDA",
  "codigo_alpha3": "UGA",
  "codigo_numerico": 800,
  "habilitado": true
 }
},
{
 "model": "pacientes.pais",
 "pk": "UY",
 "fields": {
  "nombre": "URUGUAY",
  "nombre_iso": "URUGUAY",
  "codigo_alpha3": "URY",
  "codigo_numerico": 858,
  "habilitado": true
 }
},
{
 "model": "pacientes.pais",
 "pk": "UZ",
 "fields": {
  "nombre": "UZBEKISTAN",
  "nombre_iso": "UZBEKISTAN",
  "codigo_alpha3": "UZB",
  "codigo_numerico": 860,
  "habilitado": true
 }
},
{
 "model": "pacientes.pais",
 "pk": "VU",
 "fields": {
  "nombre": "VANUATU",
  "nombre_iso": "VANUATU",
  "codigo_alpha3": "VUT",
  "codigo_numerico": 548,
  "habilitado": true
 }
},
{
 "model": "pacientes.pais",
 "pk": "VE",
 "fields": {
  "nombre": "VENEZUELA",
  "nombre_iso": "VENEZUELA, REPUBLICA BOLIVARIANA DE",
  "codigo_alpha3": "VEN",
  "codigo_numerico": 862,
  "habilitado": true
 }
},
{
 "model": "pacientes.pais",
 "pk": "VN",
 "fields": {
  "nombre": "VIETNAM",
  "nombre_iso": "VIET NAM",
  "codigo_alpha3": "VNM",
  "codigo_numerico": 704,
  "habilitado": true
 }
},
{
 "model": "pacientes.pais",
 "pk": "WF",
 "fields": {
  "nombre": "WALLIS Y FUTUNA",
  "nombre_iso": "WALLIS Y FUTUNA",
  "codigo_alpha3": "WLF",
  "codigo_numerico": 876,
  "habilitado": true
 }
},
{
 "model": "pacientes.pais",
 "pk": "YE",
 "fields": {
  "nombre": "YEMEN",
  "nombre_iso": "YEMEN",
  "codigo_alpha3": "YEM",
  "codigo_numerico": 887,
  "habilitado": true
 }
},
{
 "model": "pacientes.pais",
 "pk": "DJ",
 "fields": {
  "nombre": "YIBUTI",
  "nombre_iso": "YIBUTI",
  "codigo_alpha3": "DJI",
  "codigo_numerico": 262,
  "habilitado": true
 }
},
{
 "model": "pacientes.pais",
 "pk": "ZM",
 "fields": {
  "nombre": "ZAMBIA",
  "nombre_iso": "ZAMBIA",
  "codigo_alpha3": "ZMB",
  "codigo_numerico": 894,
  "habilitado": true
 }
},
{
 "model": "pacientes.pais",
 "pk": "ZW",
 "fields": {
  "nombre": "ZIMBABUE",
  "nombre_iso": "ZIMBABUE",
  "codigo_alpha3": "ZWE",
  "codigo_numerico": 716,
  "habilitado": true
 }
}

,
{
 "model": "pacientes.nacionalidad",
 "pk": 1,
 "fields": {
  "nacionalidad": "PARAGUAYA",
  "pais": "PY"
 }
},
{
 "model": "pacientes.nacionalidad",
 "pk": 2,
 "fields": {
  "nacionalidad": "ARGENTINA",
  "pais": "AR"
 }
},
{
 "model": "pacientes.nacionalidad",
 "pk": 3,
 "fields": {
  "nacionalidad": "BOLIVIANA",
  "pais": "BO"
 }
},
{
 "model": "pacientes.nacionalidad",
 "pk": 4,
 "fields": {
  "nacionalidad": "BRASILE\u00d1A",
  "pais": "BR"
 }
},
{
 "model": "pacientes.nacionalidad",
 "pk": 5,
 "fields": {
  "nacionalidad": "CHILENA",
  "pais": "CL"
 }
},
{
 "model": "pacientes.nacionalidad",
 "pk": 6,
 "fields": {
  "nacionalidad": "COLOMBIANA",
  "pais": "CO"
 }
},
{
 "model": "pacientes.nacionalidad",
 "pk": 7,
 "fields": {
  "nacionalidad": "ECUATORIANA",
  "pais": "EC"
 }
},
{
 "model": "pacientes.nacionalidad",
 "pk": 8,
 "fields": {
  "nacionalidad": "GUYANESA",
  "pais": "GY"
 }
},
{
 "model": "pacientes.nacionalidad",
 "pk": 9,
 "fields": {
  "nacionalidad": "PERUANA",
  "pais": "PE"
 }
},
{
 "model": "pacientes.nacionalidad",
 "pk": 10,
 "fields": {
  "nacionalidad": "SURINAM",
  "pais": "SR"
 }
},
{
 "model": "pacientes.nacionalidad",
 "pk": 11,
 "fields": {
  "nacionalidad": "URUGUAYA",
  "pais": "UY"
 }
},
{
 "model": "pacientes.nacionalidad",
 "pk": 12,
 "fields": {
  "nacionalidad": "CANADIENCE",
  "pais": "CA"
 }
},
{
 "model": "pacientes.nacionalidad",
 "pk": 13,
 "fields": {
  "nacionalidad": "ESTADOUNIDENSE",
  "pais": "US"
 }
},
{
 "model": "pacientes.nacionalidad",
 "pk": 14,
 "fields": {
  "nacionalidad": "MEXICO",
  "pais": "MX"
 }
},
{
 "model": "pacientes.nacionalidad",
 "pk": 15,
 "fields": {
  "nacionalidad": "BELICE\u00d1A",
  "pais": "BZ"
 }
},
{
 "model": "pacientes.nacionalidad",
 "pk": 16,
 "fields": {
  "nacionalidad": "COSTARRICENSE",
  "pais": "CR"
 }
},
{
 "model": "pacientes.nacionalidad",
 "pk": 17,
 "fields": {
  "nacionalidad": "GUATEMALTECA",
  "pais": "GT"
 }
},
{
 "model": "pacientes.nacionalidad",
 "pk": 18,
 "fields": {
  "nacionalidad": "HONDURE\u00d1A",
  "pais": "HN"
 }
},
{
 "model": "pacientes.nacionalidad",
 "pk": 19,
 "fields": {
  "nacionalidad": "NICARAGUENSE",
  "pais": "NI"
 }
},
{
 "model": "pacientes.nacionalidad",
 "pk": 20,
 "fields": {
  "nacionalidad": "PANAME\u00d1A",
  "pais": "PA"
 }
},
{
 "model": "pacientes.nacionalidad",
 "pk": 21,
 "fields": {
  "nacionalidad": "CUBANA",
  "pais": "CU"
 }
},
{
 "model": "pacientes.nacionalidad",
 "pk": 22,
 "fields": {
  "nacionalidad": "ARUBANA",
  "pais": "AW"
 }
},
{
 "model": "pacientes.nacionalidad",
 "pk": 23,
 "fields": {
  "nacionalidad": "BAHAME\u00d1A",
  "pais": "BS"
 }
},
{
 "model": "pacientes.nacionalidad",
 "pk": 24,
 "fields": {
  "nacionalidad": "BARBADENSE",
  "pais": "BB"
 }
},
{
 "model": "pacientes.nacionalidad",
 "pk": 25,
 "fields": {
  "nacionalidad": "DOMINIQUESA",
  "pais": "DM"
 }
},
{
 "model": "pacientes.nacionalidad",
 "pk": 26,
 "fields": {
  "nacionalidad": "HAITIANA",
  "pais": "HT"
 }
},
{
 "model": "pacientes.nacionalidad",
 "pk": 27,
 "fields": {
  "nacionalidad": "PUERTORRIQUE\u00d1A",
  "pais": "PR"
 }
},
{
 "model": "pacientes.nacionalidad",
 "pk": 28,
 "fields": {
  "nacionalidad": "SANCRISTOBALE\u00d1A",
  "pais": "KN"
 }
},
{
 "model": "pacientes.nacionalidad",
 "pk": 29,
 "fields": {
  "nacionalidad": "SANTALUCIANA",
  "pais": "LC"
 }
},
{
 "model": "pacientes.nacionalidad",
 "pk": 30,
 "fields": {
  "nacionalidad": "AFGANA",
  "pais": "AF"
 }
},
{
 "model": "pacientes.nacionalidad",
 "pk": 31,
 "fields": {
  "nacionalidad": "AZERBAIYANA",
  "pais": "AZ"
 }
},
{
 "model": "pacientes.nacionalidad",
 "pk": 32,
 "fields": {
  "nacionalidad": "BANGLADESI",
  "pais": "BD"
 }
},
{
 "model": "pacientes.nacionalidad",
 "pk": 33,
 "fields": {
  "nacionalidad": "BAREINI",
  "pais": "BH"
 }
},
{
 "model": "pacientes.nacionalidad",
 "pk": 34,
 "fields": {
  "nacionalidad": "CHINA",
  "pais": "CN"
 }
},
{
 "model": "pacientes.nacionalidad",
 "pk": 35,
 "fields": {
  "nacionalidad": "EMIRATI",
  "pais": "AE"
 }
},
{
 "model": "pacientes.nacionalidad",
 "pk": 36,
 "fields": {
  "nacionalidad": "FILIPINA",
  "pais": "PH"
 }
},
{
 "model": "pacientes.nacionalidad",
 "pk": 37,
 "fields": {
  "nacionalidad": "GEORGIANA",
  "pais": "GE"
 }
},
{
 "model": "pacientes.nacionalidad",
 "pk": 38,
 "fields": {
  "nacionalidad": "HINDU",
  "pais": "IN"
 }
},
{
 "model": "pacientes.nacionalidad",
 "pk": 39,
 "fields": {
  "nacionalidad": "INDONDESIA",
  "pais": "ID"
 }
},
{
 "model": "pacientes.nacionalidad",
 "pk": 40,
 "fields": {
  "nacionalidad": "ISRAELI",
  "pais": "IL"
 }
},
{
 "model": "pacientes.nacionalidad",
 "pk": 41,
 "fields": {
  "nacionalidad": "JAPONESA",
  "pais": "JP"
 }
},
{
 "model": "pacientes.nacionalidad",
 "pk": 42,
 "fields": {
  "nacionalidad": "MONGOLA",
  "pais": "MN"
 }
},
{
 "model": "pacientes.nacionalidad",
 "pk": 43,
 "fields": {
  "nacionalidad": "NORCOREANA",
  "pais": "KP"
 }
},
{
 "model": "pacientes.nacionalidad",
 "pk": 44,
 "fields": {
  "nacionalidad": "SIRIA",
  "pais": "SY"
 }
},
{
 "model": "pacientes.nacionalidad",
 "pk": 45,
 "fields": {
  "nacionalidad": "SURCOREANA",
  "pais": "KR"
 }
},
{
 "model": "pacientes.nacionalidad",
 "pk": 46,
 "fields": {
  "nacionalidad": "VIETNAMITA",
  "pais": "VN"
 }
},
{
 "model": "pacientes.nacionalidad",
 "pk": 47,
 "fields": {
  "nacionalidad": "ALBANESA",
  "pais": "AL"
 }
},
{
 "model": "pacientes.nacionalidad",
 "pk": 48,
 "fields": {
  "nacionalidad": "ALEMANA",
  "pais": "DE"
 }
},
{
 "model": "pacientes.nacionalidad",
 "pk": 49,
 "fields": {
  "nacionalidad": "ANDORRANA",
  "pais": "AD"
 }
},
{
 "model": "pacientes.nacionalidad",
 "pk": 50,
 "fields": {
  "nacionalidad": "ARMENIA",
  "pais": "AM"
 }
},
{
 "model": "pacientes.nacionalidad",
 "pk": 51,
 "fields": {
  "nacionalidad": "AUSTRIACA",
  "pais": "AT"
 }
},
{
 "model": "pacientes.nacionalidad",
 "pk": 52,
 "fields": {
  "nacionalidad": "BELGA",
  "pais": "BE"
 }
},
{
 "model": "pacientes.nacionalidad",
 "pk": 53,
 "fields": {
  "nacionalidad": "BIELORRUSA",
  "pais": "BY"
 }
},
{
 "model": "pacientes.nacionalidad",
 "pk": 54,
 "fields": {
  "nacionalidad": "BOSNIA",
  "pais": "BA"
 }
},
{
 "model": "pacientes.nacionalidad",
 "pk": 55,
 "fields": {
  "nacionalidad": "BULGARA",
  "pais": "BG"
 }
},
{
 "model": "pacientes.nacionalidad",
 "pk": 56,
 "fields": {
  "nacionalidad": "CHIPRIOTA",
  "pais": "CY"
 }
},
{
 "model": "pacientes.nacionalidad",
 "pk": 57,
 "fields": {
  "nacionalidad": "CROATA",
  "pais": "HR"
 }
},
{
 "model": "pacientes.nacionalidad",
 "pk": 58,
 "fields": {
  "nacionalidad": "ESLOVACA",
  "pais": "SJ"
 }
},
{
 "model": "pacientes.nacionalidad",
 "pk": 59,
 "fields": {
  "nacionalidad": "ESLOVENA",
  "pais": "SI"
 }
},
{
 "model": "pacientes.nacionalidad",
 "pk": 60,
 "fields": {
  "nacionalidad": "ESTONIA",
  "pais": "EE"
 }
},
{
 "model": "pacientes.nacionalidad",
 "pk": 61,
 "fields": {
  "nacionalidad": "FINLADESA",
  "pais": "FI"
 }
},
{
 "model": "pacientes.nacionalidad",
 "pk": 62,
 "fields": {
  "nacionalidad": "FRANCESA",
  "pais": "FR"
 }
},
{
 "model": "pacientes.nacionalidad",
 "pk": 63,
 "fields": {
  "nacionalidad": "GRIEGA",
  "pais": "GR"
 }
},
{
 "model": "pacientes.nacionalidad",
 "pk": 64,
 "fields": {
  "nacionalidad": "HUNGARA",
  "pais": "HU"
 }
},
{
 "model": "pacientes.nacionalidad",
 "pk": 65,
 "fields": {
  "nacionalidad": "BRITANICA",
  "pais": "BE"
 }
},
{
 "model": "pacientes.nacionalidad",
 "pk": 66,
 "fields": {
  "nacionalidad": "IRLANDESA",
  "pais": "IE"
 }
},
{
 "model": "pacientes.nacionalidad",
 "pk": 67,
 "fields": {
  "nacionalidad": "ITALIANA",
  "pais": "IT"
 }
},
{
 "model": "pacientes.nacionalidad",
 "pk": 68,
 "fields": {
  "nacionalidad": "LETONA",
  "pais": "LV"
 }
},
{
 "model": "pacientes.nacionalidad",
 "pk": 69,
 "fields": {
  "nacionalidad": "LITUANA",
  "pais": "LT"
 }
},
{
 "model": "pacientes.nacionalidad",
 "pk": 70,
 "fields": {
  "nacionalidad": "LUXEMBURGUESA",
  "pais": "LU"
 }
},
{
 "model": "pacientes.nacionalidad",
 "pk": 71,
 "fields": {
  "nacionalidad": "MALTESA",
  "pais": "MT"
 }
},
{
 "model": "pacientes.nacionalidad",
 "pk": 72,
 "fields": {
  "nacionalidad": "MOLADAVA",
  "pais": "MD"
 }
},
{
 "model": "pacientes.nacionalidad",
 "pk": 73,
 "fields": {
  "nacionalidad": "MONTENEGRINA",
  "pais": "ME"
 }
},
{
 "model": "pacientes.nacionalidad",
 "pk": 74,
 "fields": {
  "nacionalidad": "NORUEGA",
  "pais": "NO"
 }
},
{
 "model": "pacientes.nacionalidad",
 "pk": 75,
 "fields": {
  "nacionalidad": "POLACA",
  "pais": "PL"
 }
},
{
 "model": "pacientes.nacionalidad",
 "pk": 76,
 "fields": {
  "nacionalidad": "PORTUGUESA",
  "pais": "PT"
 }
},
{
 "model": "pacientes.nacionalidad",
 "pk": 77,
 "fields": {
  "nacionalidad": "RUMANA",
  "pais": "RO"
 }
},
{
 "model": "pacientes.nacionalidad",
 "pk": 78,
 "fields": {
  "nacionalidad": "RUSA",
  "pais": "RU"
 }
},
{
 "model": "pacientes.nacionalidad",
 "pk": 79,
 "fields": {
  "nacionalidad": "SERBIA",
  "pais": "RS"
 }
},
{
 "model": "pacientes.nacionalidad",
 "pk": 80,
 "fields": {
  "nacionalidad": "SUECA",
  "pais": "SE"
 }
},
{
 "model": "pacientes.nacionalidad",
 "pk": 81,
 "fields": {
  "nacionalidad": "SUIZA",
  "pais": "CH"
 }
},
{
 "model": "pacientes.nacionalidad",
 "pk": 82,
 "fields": {
  "nacionalidad": "TURCA",
  "pais": "PL"
 }
},
{
 "model": "pacientes.nacionalidad",
 "pk": 83,
 "fields": {
  "nacionalidad": "UCRANIANA",
  "pais": "UA"
 }
},
{
 "model": "pacientes.nacionalidad",
 "pk": 84,
 "fields": {
  "nacionalidad": "AUSTRALIANA",
  "pais": "AU"
 }
},
{
 "model": "pacientes.nacionalidad",
 "pk": 85,
 "fields": {
  "nacionalidad": "NEOZELANDESA",
  "pais": "NZ"
 }
}

,
{
 "model": "pacientes.niveleducativo",
 "pk": 2,
 "fields": {
  "nombre": "EDUCACION INICIAL",
  "habilitado": true
 }
},
{
 "model": "pacientes.niveleducativo",
 "pk": 5,
 "fields": {
  "nombre": "ESCOLAR BASICA",
  "habilitado": true
 }
},
{
 "model": "pacientes.niveleducativo",
 "pk": 6,
 "fields": {
  "nombre": "ESCOLAR MEDIA",
  "habilitado": true
 }
},
{
 "model": "pacientes.niveleducativo",
 "pk": 10,
 "fields": {
  "nombre": "IGNORADO",
  "habilitado": true
 }
},
{
 "model": "pacientes.niveleducativo",
 "pk": 1,
 "fields": {
  "nombre": "NINGUNO",
  "habilitado": true
 }
},
{
 "model": "pacientes.niveleducativo",
 "pk": 9,
 "fields": {
  "nombre": "NO APLICA",
  "habilitado": true
 }
},
{
 "model": "pacientes.niveleducativo",
 "pk": 3,
 "fields": {
  "nombre": "PRIMARIA",
  "habilitado": true
 }
},
{
 "model": "pacientes.niveleducativo",
 "pk": 4,
 "fields": {
  "nombre": "SECUNDARIA",
  "habilitado": true
 }
},
{
 "model": "pacientes.niveleducativo",
 "pk": 8,
 "fields": {
  "nombre": "SUP. NO UNIVERSITARIO",
  "habilitado": true
 }
},
{
 "model": "pacientes.niveleducativo",
 "pk": 7,
 "fields": {
  "nombre": "UNIVERSITARIO",
  "habilitado": true
 }
}

,
{
 "model": "pacientes.ocupacion",
 "pk": 1,
 "fields": {
  "descripcion": "OTROS",
  "habilitado": true
 }
}

,
{
 "model": "pacientes.pared",
 "pk": 4,
 "fields": {
  "nombre": "ADOBE",
  "habilitado": true
 }
},
{
 "model": "pacientes.pared",
 "pk": 5,
 "fields": {
  "nombre": "BLOQUE DE CEMENTO",
  "habilitado": true
 }
},
{
 "model": "pacientes.pared",
 "pk": 7,
 "fields": {
  "nombre": "CARTON, HULE, MADERA DE EMBALAJE",
  "habilitado": true
 }
},
{
 "model": "pacientes.pared",
 "pk": 3,
 "fields": {
  "nombre": "ESTAQUEO",
  "habilitado": true
 }
},
{
 "model": "pacientes.pared",
 "pk": 1,
 "fields": {
  "nombre": "LADRILLO",
  "habilitado": true
 }
},
{
 "model": "pacientes.pared",
 "pk": 2,
 "fields": {
  "nombre": "MADERA",
  "habilitado": true
 }
},
{
 "model": "pacientes.pared",
 "pk": 8,
 "fields": {
  "nombre": "NO TIENE PARED",
  "habilitado": true
 }
},
{
 "model": "pacientes.pared",
 "pk": 9,
 "fields": {
  "nombre": "OTRO",
  "habilitado": true
 }
},
{
 "model": "pacientes.pared",
 "pk": 6,
 "fields": {
  "nombre": "TRONCO DE PALMA",
  "habilitado": true
 }
}

,
{
 "model": "pacientes.piso",
 "pk": 8,
 "fields": {
  "nombre": "ALFOMBRA",
  "habilitado": true
 }
},
{
 "model": "pacientes.piso",
 "pk": 3,
 "fields": {
  "nombre": "BALDOSA",
  "habilitado": true
 }
},
{
 "model": "pacientes.piso",
 "pk": 4,
 "fields": {
  "nombre": "CEMENTO (LECHERADA)",
  "habilitado": true
 }
},
{
 "model": "pacientes.piso",
 "pk": 2,
 "fields": {
  "nombre": "LADRILLO",
  "habilitado": true
 }
},
{
 "model": "pacientes.piso",
 "pk": 5,
 "fields": {
  "nombre": "MOSAICO, CERAMICA, GRANITO, MARMOL",
  "habilitado": true
 }
},
{
 "model": "pacientes.piso",
 "pk": 9,
 "fields": {
  "nombre": "OTRO",
  "habilitado": true
 }
},
{
 "model": "pacientes.piso",
 "pk": 7,
 "fields": {
  "nombre": "PARQUET",
  "habilitado": true
 }
},
{
 "model": "pacientes.piso",
 "pk": 6,
 "fields": {
  "nombre": "TABLON DE MADERA",
  "habilitado": true
 }
},
{
 "model": "pacientes.piso",
 "pk": 1,
 "fields": {
  "nombre": "TIERRA",
  "habilitado": true
 }
}

,
{
 "model": "pacientes.profesion",
 "pk": 3,
 "fields": {
  "nombre": "ABOGADO",
  "habilitado": true
 }
},
{
 "model": "pacientes.profesion",
 "pk": 2,
 "fields": {
  "nombre": "ALBANIL",
  "habilitado": true
 }
},
{
 "model": "pacientes.profesion",
 "pk": 8,
 "fields": {
  "nombre": "ANALISTA DE SISTEMAS",
  "habilitado": true
 }
},
{
 "model": "pacientes.profesion",
 "pk": 31,
 "fields": {
  "nombre": "ANESTESISTA",
  "habilitado": true
 }
},
{
 "model": "pacientes.profesion",
 "pk": 4,
 "fields": {
  "nombre": "ARQUITECTO",
  "habilitado": true
 }
},
{
 "model": "pacientes.profesion",
 "pk": 5,
 "fields": {
  "nombre": "AVIADOR",
  "habilitado": true
 }
},
{
 "model": "pacientes.profesion",
 "pk": 42,
 "fields": {
  "nombre": "BANCARIO",
  "habilitado": true
 }
},
{
 "model": "pacientes.profesion",
 "pk": 6,
 "fields": {
  "nombre": "BIBLIOTECARIO/A",
  "habilitado": true
 }
},
{
 "model": "pacientes.profesion",
 "pk": 18,
 "fields": {
  "nombre": "BIOQUIMICO",
  "habilitado": true
 }
},
{
 "model": "pacientes.profesion",
 "pk": 10,
 "fields": {
  "nombre": "CARNICERO",
  "habilitado": true
 }
},
{
 "model": "pacientes.profesion",
 "pk": 9,
 "fields": {
  "nombre": "CHOFER",
  "habilitado": true
 }
},
{
 "model": "pacientes.profesion",
 "pk": 11,
 "fields": {
  "nombre": "COMERCIANTE",
  "habilitado": true
 }
},
{
 "model": "pacientes.profesion",
 "pk": 7,
 "fields": {
  "nombre": "CONTADOR",
  "habilitado": true
 }
},
{
 "model": "pacientes.profesion",
 "pk": 37,
 "fields": {
  "nombre": "DESPACHANTE",
  "habilitado": true
 }
},
{
 "model": "pacientes.profesion",
 "pk": 26,
 "fields": {
  "nombre": "DOCENTE",
  "habilitado": true
 }
},
{
 "model": "pacientes.profesion",
 "pk": 14,
 "fields": {
  "nombre": "DR. CIENCIAS CONTABLES",
  "habilitado": true
 }
},
{
 "model": "pacientes.profesion",
 "pk": 16,
 "fields": {
  "nombre": "DR. EN DERECHO",
  "habilitado": true
 }
},
{
 "model": "pacientes.profesion",
 "pk": 13,
 "fields": {
  "nombre": "DR. EN ECONOMIA",
  "habilitado": true
 }
},
{
 "model": "pacientes.profesion",
 "pk": 15,
 "fields": {
  "nombre": "DR. EN MEDICINA",
  "habilitado": true
 }
},
{
 "model": "pacientes.profesion",
 "pk": 28,
 "fields": {
  "nombre": "ELECTRICISTA",
  "habilitado": true
 }
},
{
 "model": "pacientes.profesion",
 "pk": 12,
 "fields": {
  "nombre": "EMPLEADO",
  "habilitado": true
 }
},
{
 "model": "pacientes.profesion",
 "pk": 30,
 "fields": {
  "nombre": "ENFERMERA",
  "habilitado": true
 }
},
{
 "model": "pacientes.profesion",
 "pk": 38,
 "fields": {
  "nombre": "ESCRIBANO",
  "habilitado": true
 }
},
{
 "model": "pacientes.profesion",
 "pk": 36,
 "fields": {
  "nombre": "ESTUDIANTE",
  "habilitado": true
 }
},
{
 "model": "pacientes.profesion",
 "pk": 44,
 "fields": {
  "nombre": "GANADERO",
  "habilitado": true
 }
},
{
 "model": "pacientes.profesion",
 "pk": 39,
 "fields": {
  "nombre": "GESTOR",
  "habilitado": true
 }
},
{
 "model": "pacientes.profesion",
 "pk": 21,
 "fields": {
  "nombre": "INGENIERO",
  "habilitado": true
 }
},
{
 "model": "pacientes.profesion",
 "pk": 24,
 "fields": {
  "nombre": "INGENIERO AGRONOMO",
  "habilitado": true
 }
},
{
 "model": "pacientes.profesion",
 "pk": 27,
 "fields": {
  "nombre": "JUBILADO",
  "habilitado": true
 }
},
{
 "model": "pacientes.profesion",
 "pk": 25,
 "fields": {
  "nombre": "MAESTRA/O",
  "habilitado": true
 }
},
{
 "model": "pacientes.profesion",
 "pk": 40,
 "fields": {
  "nombre": "MILITAR",
  "habilitado": true
 }
},
{
 "model": "pacientes.profesion",
 "pk": 20,
 "fields": {
  "nombre": "OBRERO",
  "habilitado": true
 }
},
{
 "model": "pacientes.profesion",
 "pk": 32,
 "fields": {
  "nombre": "OBSTETRA",
  "habilitado": true
 }
},
{
 "model": "pacientes.profesion",
 "pk": 22,
 "fields": {
  "nombre": "ODONTOLOGO",
  "habilitado": true
 }
},
{
 "model": "pacientes.profesion",
 "pk": 1,
 "fields": {
  "nombre": "OTROS",
  "habilitado": true
 }
},
{
 "model": "pacientes.profesion",
 "pk": 35,
 "fields": {
  "nombre": "PERIODISTA",
  "habilitado": true
 }
},
{
 "model": "pacientes.profesion",
 "pk": 29,
 "fields": {
  "nombre": "PLOMERO",
  "habilitado": true
 }
},
{
 "model": "pacientes.profesion",
 "pk": 41,
 "fields": {
  "nombre": "POLICIA",
  "habilitado": true
 }
},
{
 "model": "pacientes.profesion",
 "pk": 34,
 "fields": {
  "nombre": "PROGRAMADOR DE COMPUTADORAS",
  "habilitado": true
 }
},
{
 "model": "pacientes.profesion",
 "pk": 17,
 "fields": {
  "nombre": "QUIMICO FARMACEUTICO",
  "habilitado": true
 }
},
{
 "model": "pacientes.profesion",
 "pk": 19,
 "fields": {
  "nombre": "QUIMICO INDUSTRIAL",
  "habilitado": true
 }
},
{
 "model": "pacientes.profesion",
 "pk": 33,
 "fields": {
  "nombre": "TAXISTA",
  "habilitado": true
 }
},
{
 "model": "pacientes.profesion",
 "pk": 23,
 "fields": {
  "nombre": "VETERINARIO",
  "habilitado": true
 }
},
{
 "model": "pacientes.profesion",
 "pk": 43,
 "fields": {
  "nombre": "ZAPATERO",
  "habilitado": true
 }
}

,
{
 "model": "pacientes.seguromedico",
 "pk": 6,
 "fields": {
  "nombre": "CENTRO LA COSTA DE ASUNCION",
  "habilitado": true
 }
},
{
 "model": "pacientes.seguromedico",
 "pk": 30,
 "fields": {
  "nombre": "CRUZ BLANCA",
  "habilitado": true
 }
},
{
 "model": "pacientes.seguromedico",
 "pk": 31,
 "fields": {
  "nombre": "CRUZ ROJA",
  "habilitado": true
 }
},
{
 "model": "pacientes.seguromedico",
 "pk": 22,
 "fields": {
  "nombre": "EMERGENCIAS EME",
  "habilitado": true
 }
},
{
 "model": "pacientes.seguromedico",
 "pk": 11,
 "fields": {
  "nombre": "HOSPITAL BAUTISTA",
  "habilitado": true
 }
},
{
 "model": "pacientes.seguromedico",
 "pk": 7,
 "fields": {
  "nombre": "HOSPITAL DE BARRIO OBRERO",
  "habilitado": true
 }
},
{
 "model": "pacientes.seguromedico",
 "pk": 9,
 "fields": {
  "nombre": "HOSPITAL DE CLINICAS",
  "habilitado": true
 }
},
{
 "model": "pacientes.seguromedico",
 "pk": 10,
 "fields": {
  "nombre": "HOSPITAL DE POLICIA",
  "habilitado": true
 }
},
{
 "model": "pacientes.seguromedico",
 "pk": 18,
 "fields": {
  "nombre": "HOSPITAL DEL CORAZON",
  "habilitado": true
 }
},
{
 "model": "pacientes.seguromedico",
 "pk": 12,
 "fields": {
  "nombre": "HOSPITAL FRANCES",
  "habilitado": true
 }
},
{
 "model": "pacientes.seguromedico",
 "pk": 15,
 "fields": {
  "nombre": "HOSPITAL MILITAR",
  "habilitado": true
 }
},
{
 "model": "pacientes.seguromedico",
 "pk": 16,
 "fields": {
  "nombre": "HOSPITAL NEUROSIQUIATRICO",
  "habilitado": true
 }
},
{
 "model": "pacientes.seguromedico",
 "pk": 14,
 "fields": {
  "nombre": "HOSPITAL SAMARITANO",
  "habilitado": true
 }
},
{
 "model": "pacientes.seguromedico",
 "pk": 13,
 "fields": {
  "nombre": "HOSPITAL SAN LUCAS",
  "habilitado": true
 }
},
{
 "model": "pacientes.seguromedico",
 "pk": 8,
 "fields": {
  "nombre": "HOSPITAL UNIVERSITARIO",
  "habilitado": true
 }
},
{
 "model": "pacientes.seguromedico",
 "pk": 29,
 "fields": {
  "nombre": "INSTITUTO PRIVADO DEL NI\u00d1O",
  "habilitado": true
 }
},
{
 "model": "pacientes.seguromedico",
 "pk": 2,
 "fields": {
  "nombre": "IPS",
  "habilitado": true
 }
},
{
 "model": "pacientes.seguromedico",
 "pk": 17,
 "fields": {
  "nombre": "MATERNIDAD NACIONAL",
  "habilitado": true
 }
},
{
 "model": "pacientes.seguromedico",
 "pk": 5,
 "fields": {
  "nombre": "NINGUNO",
  "habilitado": true
 }
},
{
 "model": "pacientes.seguromedico",
 "pk": 1,
 "fields": {
  "nombre": "NINGUNO",
  "habilitado": true
 }
},
{
 "model": "pacientes.seguromedico",
 "pk": 4,
 "fields": {
  "nombre": "NO SE SABE",
  "habilitado": true
 }
},
{
 "model": "pacientes.seguromedico",
 "pk": 19,
 "fields": {
  "nombre": "POLICLINICO SAN BENIGNO",
  "habilitado": true
 }
},
{
 "model": "pacientes.seguromedico",
 "pk": 26,
 "fields": {
  "nombre": "SANATARIO ESPA\u00d1OL",
  "habilitado": true
 }
},
{
 "model": "pacientes.seguromedico",
 "pk": 24,
 "fields": {
  "nombre": "SANATORIO ADVENTISTA",
  "habilitado": true
 }
},
{
 "model": "pacientes.seguromedico",
 "pk": 25,
 "fields": {
  "nombre": "SANATORIO AMERICANO",
  "habilitado": true
 }
},
{
 "model": "pacientes.seguromedico",
 "pk": 28,
 "fields": {
  "nombre": "SANATORIO ITALIANO",
  "habilitado": true
 }
},
{
 "model": "pacientes.seguromedico",
 "pk": 23,
 "fields": {
  "nombre": "SANATORIO SAN MARTIN",
  "habilitado": true
 }
},
{
 "model": "pacientes.seguromedico",
 "pk": 27,
 "fields": {
  "nombre": "SANATORIO SAN ROQUE",
  "habilitado": true
 }
},
{
 "model": "pacientes.seguromedico",
 "pk": 20,
 "fields": {
  "nombre": "SANATORIO SANTA BARBARA",
  "habilitado": true
 }
},
{
 "model": "pacientes.seguromedico",
 "pk": 3,
 "fields": {
  "nombre": "SANIDAD MILITAR",
  "habilitado": true
 }
},
{
 "model": "pacientes.seguromedico",
 "pk": 21,
 "fields": {
  "nombre": "SANTA CLARA",
  "habilitado": true
 }
}

,
{
 "model": "pacientes.serviciobasico",
 "pk": 4,
 "fields": {
  "nombre": "HELADERA",
  "habilitado": true
 }
},
{
 "model": "pacientes.serviciobasico",
 "pk": 1,
 "fields": {
  "nombre": "LUZ ELECTRICA",
  "habilitado": true
 }
},
{
 "model": "pacientes.serviciobasico",
 "pk": 6,
 "fields": {
  "nombre": "OTROS",
  "habilitado": true
 }
},
{
 "model": "pacientes.serviciobasico",
 "pk": 3,
 "fields": {
  "nombre": "TELEF. CELULAR",
  "habilitado": true
 }
},
{
 "model": "pacientes.serviciobasico",
 "pk": 2,
 "fields": {
  "nombre": "TELEF. LINEA BAJA",
  "habilitado": true
 }
},
{
 "model": "pacientes.serviciobasico",
 "pk": 5,
 "fields": {
  "nombre": "TV",
  "habilitado": true
 }
}

,
{
 "model": "pacientes.sexo",
 "pk": "F",
 "fields": {
  "descripcion": "Femenimo",
  "habilitado": true
 }
},
{
 "model": "pacientes.sexo",
 "pk": "I",
 "fields": {
  "descripcion": "Inderminado",
  "habilitado": true
 }
},
{
 "model": "pacientes.sexo",
 "pk": "M",
 "fields": {
  "descripcion": "Masculino",
  "habilitado": true
 }
}

,
{
 "model": "pacientes.situacionlaboral",
 "pk": "NA",
 "fields": {
  "descripcion": "NO APLICA",
  "habilitado": true
 }
},
{
 "model": "pacientes.situacionlaboral",
 "pk": "NT",
 "fields": {
  "descripcion": "NO TRABAJA",
  "habilitado": true
 }
},
{
 "model": "pacientes.situacionlaboral",
 "pk": "TR",
 "fields": {
  "descripcion": "TRABAJA",
  "habilitado": true
 }
}

,
{
 "model": "pacientes.techo",
 "pk": 8,
 "fields": {
  "nombre": "CARTON, HULE, MADERA DE EMBALAJE",
  "habilitado": true
 }
},
{
 "model": "pacientes.techo",
 "pk": 4,
 "fields": {
  "nombre": "CHAPA DE ZINC",
  "habilitado": true
 }
},
{
 "model": "pacientes.techo",
 "pk": 3,
 "fields": {
  "nombre": "FIBROCEMENTO O ETERNIT",
  "habilitado": true
 }
},
{
 "model": "pacientes.techo",
 "pk": 6,
 "fields": {
  "nombre": "HORMIGON ARMADO, LOZA O BOVEDILLA",
  "habilitado": true
 }
},
{
 "model": "pacientes.techo",
 "pk": 9,
 "fields": {
  "nombre": "OTRO",
  "habilitado": true
 }
},
{
 "model": "pacientes.techo",
 "pk": 2,
 "fields": {
  "nombre": "PAJA",
  "habilitado": true
 }
},
{
 "model": "pacientes.techo",
 "pk": 5,
 "fields": {
  "nombre": "TABILLA DE MADERA",
  "habilitado": true
 }
},
{
 "model": "pacientes.techo",
 "pk": 1,
 "fields": {
  "nombre": "TEJA",
  "habilitado": true
 }
},
{
 "model": "pacientes.techo",
 "pk": 7,
 "fields": {
  "nombre": "TRONCO DE PALMA",
  "habilitado": true
 }
}

,
{
 "model": "pacientes.tipocorreoelectronico",
 "pk": "L",
 "fields": {
  "descripcion": "Laboral"
 }
},
{
 "model": "pacientes.tipocorreoelectronico",
 "pk": "P",
 "fields": {
  "descripcion": "Propio"
 }
}

,
{
 "model": "pacientes.tipodoc",
 "pk": "CI",
 "fields": {
  "descripcion": "CEDULA DE IDENTIDAD",
  "habilitado": true
 }
},
{
 "model": "pacientes.tipodoc",
 "pk": "NP",
 "fields": {
  "descripcion": "NO PORTA",
  "habilitado": true
 }
},
{
 "model": "pacientes.tipodoc",
 "pk": "NSC",
 "fields": {
  "descripcion": "NO SE CONOCE",
  "habilitado": true
 }
},
{
 "model": "pacientes.tipodoc",
 "pk": "NT",
 "fields": {
  "descripcion": "NO TIENE",
  "habilitado": true
 }
},
{
 "model": "pacientes.tipodoc",
 "pk": "PAS",
 "fields": {
  "descripcion": "PASAPORTE",
  "habilitado": true
 }
}

,
{
 "model": "pacientes.tipotelefono",
 "pk": "C",
 "fields": {
  "descripcion": "Casa"
 }
},
{
 "model": "pacientes.tipotelefono",
 "pk": "M",
 "fields": {
  "descripcion": "Movil"
 }
},
{
 "model": "pacientes.tipotelefono",
 "pk": "O",
 "fields": {
  "descripcion": "Otro"
 }
},
{
 "model": "pacientes.tipotelefono",
 "pk": "T",
 "fields": {
  "descripcion": "Trabajo"
 }
}

,
{
 "model": "pacientes.vinculo",
 "pk": 3,
 "fields": {
  "nombre": "ABUELA"
 }
},
{
 "model": "pacientes.vinculo",
 "pk": 4,
 "fields": {
  "nombre": "ABUELO"
 }
},
{
 "model": "pacientes.vinculo",
 "pk": 8,
 "fields": {
  "nombre": "HERMANA"
 }
},
{
 "model": "pacientes.vinculo",
 "pk": 7,
 "fields": {
  "nombre": "HERMANO"
 }
},
{
 "model": "pacientes.vinculo",
 "pk": 11,
 "fields": {
  "nombre": "HIJO/A"
 }
},
{
 "model": "pacientes.vinculo",
 "pk": 6,
 "fields": {
  "nombre": "PRIMA"
 }
},
{
 "model": "pacientes.vinculo",
 "pk": 5,
 "fields": {
  "nombre": "PRIMO"
 }
},
{
 "model": "pacientes.vinculo",
 "pk": 9,
 "fields": {
  "nombre": "SOBRINA"
 }
},
{
 "model": "pacientes.vinculo",
 "pk": 10,
 "fields": {
  "nombre": "SOBRINO"
 }
},
{
 "model": "pacientes.vinculo",
 "pk": 1,
 "fields": {
  "nombre": "T\u00cdA"
 }
},
{
 "model": "pacientes.vinculo",
 "pk": 2,
 "fields": {
  "nombre": "T\u00cdO"
 }
}
]